st_abbr,st_fips,LAUS code,title,year,month,emp ratio,unemp ratio
AL,01,ST0100000000000,Alabama,2005,1,1.071360981,1.095118142
AL,01,ST0100000000000,Alabama,2005,2,1.064910758,1.079422383
AL,01,ST0100000000000,Alabama,2005,3,1.0626804,0.981457868
AL,01,ST0100000000000,Alabama,2005,4,1.060741997,0.880937338
AL,01,ST0100000000000,Alabama,2005,5,1.063225714,0.870303292
AL,01,ST0100000000000,Alabama,2005,6,1.064313939,1.00000001
AL,01,ST0100000000000,Alabama,2005,7,1.072891942,0.951026393
AL,01,ST0100000000000,Alabama,2005,8,1.0713566,0.94883744
AL,01,ST0100000000000,Alabama,2005,9,1.071974726,0.885803088
AL,01,ST0100000000000,Alabama,2005,10,1.08256273,0.862704514
AL,01,ST0100000000000,Alabama,2005,11,1.079326758,0.958812594
AL,01,ST0100000000000,Alabama,2005,12,1.076888073,0.890013055
AL,01,ST0100000000000,Alabama,2006,1,1.071721234,0.925459496
AL,01,ST0100000000000,Alabama,2006,2,1.066377885,1.008041753
AL,01,ST0100000000000,Alabama,2006,3,1.06460243,1.006958073
AL,01,ST0100000000000,Alabama,2006,4,1.070353675,0.940548488
AL,01,ST0100000000000,Alabama,2006,5,1.07027745,0.890379388
AL,01,ST0100000000000,Alabama,2006,6,1.068114647,1.078243039
AL,01,ST0100000000000,Alabama,2006,7,1.080872457,1.116929536
AL,01,ST0100000000000,Alabama,2006,8,1.072351256,1.077798539
AL,01,ST0100000000000,Alabama,2006,9,1.068463007,0.948708982
AL,01,ST0100000000000,Alabama,2006,10,1.084464045,0.883195307
AL,01,ST0100000000000,Alabama,2006,11,1.081153083,0.99618442
AL,01,ST0100000000000,Alabama,2006,12,1.081042355,0.898990488
AL,01,ST0100000000000,Alabama,2007,1,1.079145645,0.919963644
AL,01,ST0100000000000,Alabama,2007,2,1.067942452,0.911678948
AL,01,ST0100000000000,Alabama,2007,3,1.066307271,0.98258991
AL,01,ST0100000000000,Alabama,2007,4,1.065389299,0.899287679
AL,01,ST0100000000000,Alabama,2007,5,1.060497777,0.904962763
AL,01,ST0100000000000,Alabama,2007,6,1.061108023,1.035992218
AL,01,ST0100000000000,Alabama,2007,7,1.069491216,1.072547255
AL,01,ST0100000000000,Alabama,2007,8,1.061668635,1.028728847
AL,01,ST0100000000000,Alabama,2007,9,1.057333571,1.035934354
AL,01,ST0100000000000,Alabama,2007,10,1.062913704,1.066961156
AL,01,ST0100000000000,Alabama,2007,11,1.065346684,1.087008821
AL,01,ST0100000000000,Alabama,2007,12,1.057458559,0.996156631
AL,01,ST0100000000000,Alabama,2008,1,1.064721336,0.995784234
AL,01,ST0100000000000,Alabama,2008,2,1.053217213,1.076850042
AL,01,ST0100000000000,Alabama,2008,3,1.055624307,1.073161145
AL,01,ST0100000000000,Alabama,2008,4,1.053858539,1.134872755
AL,01,ST0100000000000,Alabama,2008,5,1.047012194,1.223611622
AL,01,ST0100000000000,Alabama,2008,6,1.043948542,1.263584877
AL,01,ST0100000000000,Alabama,2008,7,1.050516856,1.128801512
AL,01,ST0100000000000,Alabama,2008,8,1.040536074,1.246937893
AL,01,ST0100000000000,Alabama,2008,9,1.035744725,1.234798877
AL,01,ST0100000000000,Alabama,2008,10,1.045635135,1.359287398
AL,01,ST0100000000000,Alabama,2008,11,1.046518619,1.279937649
AL,01,ST0100000000000,Alabama,2008,12,1.03874297,1.158908152
AL,01,ST0100000000000,Alabama,2009,1,1.047139488,1.290553389
AL,01,ST0100000000000,Alabama,2009,2,1.042575724,1.314763399
AL,01,ST0100000000000,Alabama,2009,3,1.038112259,1.267586486
AL,01,ST0100000000000,Alabama,2009,4,1.043651467,1.302078086
AL,01,ST0100000000000,Alabama,2009,5,1.036289745,1.221282031
AL,01,ST0100000000000,Alabama,2009,6,1.02897273,1.195276255
AL,01,ST0100000000000,Alabama,2009,7,1.043914799,1.186691608
AL,01,ST0100000000000,Alabama,2009,8,1.036183993,1.307630405
AL,01,ST0100000000000,Alabama,2009,9,1.032452282,1.297470916
AL,01,ST0100000000000,Alabama,2009,10,1.03632313,1.393189111
AL,01,ST0100000000000,Alabama,2009,11,1.03292143,1.308567474
AL,01,ST0100000000000,Alabama,2009,12,1.024630999,1.184798771
AL,01,ST0100000000000,Alabama,2010,1,1.031193726,1.199253035
AL,01,ST0100000000000,Alabama,2010,2,1.02842296,1.2455555
AL,01,ST0100000000000,Alabama,2010,3,1.03097507,1.174465486
AL,01,ST0100000000000,Alabama,2010,4,1.092887475,1.216103304
AL,01,ST0100000000000,Alabama,2010,5,1.080197029,1.167893101
AL,01,ST0100000000000,Alabama,2010,6,1.078639225,1.12285018
AL,01,ST0100000000000,Alabama,2010,7,1.084876092,1.1276522
AL,01,ST0100000000000,Alabama,2010,8,1.083410054,1.194360707
AL,01,ST0100000000000,Alabama,2010,9,1.082849925,1.113755355
AL,01,ST0100000000000,Alabama,2010,10,1.083623438,1.133604888
AL,01,ST0100000000000,Alabama,2010,11,1.084023061,1.132342064
AL,01,ST0100000000000,Alabama,2010,12,1.08305843,1.042663313
AL,01,ST0100000000000,Alabama,2011,1,1.094221392,1.111728591
AL,01,ST0100000000000,Alabama,2011,2,1.089227147,1.091681006
AL,01,ST0100000000000,Alabama,2011,3,1.085837536,1.108987756
AL,01,ST0100000000000,Alabama,2011,4,1.088628266,1.139033792
AL,01,ST0100000000000,Alabama,2011,5,1.08491063,1.139938515
AL,01,ST0100000000000,Alabama,2011,6,1.076531155,1.133117388
AL,01,ST0100000000000,Alabama,2011,7,1.085173283,1.225265172
AL,01,ST0100000000000,Alabama,2011,8,1.081364323,1.216851727
AL,01,ST0100000000000,Alabama,2011,9,1.081787285,1.184984554
AL,01,ST0100000000000,Alabama,2011,10,1.088083393,1.188321662
AL,01,ST0100000000000,Alabama,2011,11,1.088434763,1.062499583
AL,01,ST0100000000000,Alabama,2011,12,1.083434947,0.978954852
AL,01,ST0100000000000,Alabama,2012,1,1.086755187,1.019008584
AL,01,ST0100000000000,Alabama,2012,2,1.086280546,1.061533967
AL,01,ST0100000000000,Alabama,2012,3,1.079612194,1.100273109
AL,01,ST0100000000000,Alabama,2012,4,1.082337748,1.002749357
AL,01,ST0100000000000,Alabama,2012,5,1.074541172,1.05804386
AL,01,ST0100000000000,Alabama,2012,6,1.070396967,1.116125039
AL,01,ST0100000000000,Alabama,2012,7,1.083164548,1.182286017
AL,01,ST0100000000000,Alabama,2012,8,1.078756071,1.22817499
AL,01,ST0100000000000,Alabama,2012,9,1.085215678,1.161036674
AL,01,ST0100000000000,Alabama,2012,10,1.093785032,1.059689071
AL,01,ST0100000000000,Alabama,2012,11,1.087398916,1.029067073
AL,01,ST0100000000000,Alabama,2012,12,1.086189832,0.957082393
AL,01,ST0100000000000,Alabama,2013,1,1.079549055,1.062751449
AL,01,ST0100000000000,Alabama,2013,2,1.088024137,1.100414997
AL,01,ST0100000000000,Alabama,2013,3,1.093798818,1.160408835
AL,01,ST0100000000000,Alabama,2013,4,1.10791347,1.046564521
AL,01,ST0100000000000,Alabama,2013,5,1.093451302,1.125395684
AL,01,ST0100000000000,Alabama,2013,6,1.084203642,1.128306603
AL,01,ST0100000000000,Alabama,2013,7,1.094470262,1.151390778
AL,01,ST0100000000000,Alabama,2013,8,1.089514086,1.180516482
AK,02,ST0200000000000,Alaska,2005,1,1.075678405,0.841709941
AK,02,ST0200000000000,Alaska,2005,2,1.060899741,0.873851244
AK,02,ST0200000000000,Alaska,2005,3,1.051732324,0.869402102
AK,02,ST0200000000000,Alaska,2005,4,1.036127539,0.792194477
AK,02,ST0200000000000,Alaska,2005,5,1.017902692,0.751353191
AK,02,ST0200000000000,Alaska,2005,6,1.014457502,0.788332996
AK,02,ST0200000000000,Alaska,2005,7,1.02661301,0.808632205
AK,02,ST0200000000000,Alaska,2005,8,1.012574446,0.849197589
AK,02,ST0200000000000,Alaska,2005,9,0.994318251,0.953469997
AK,02,ST0200000000000,Alaska,2005,10,1.043672365,1.013131032
AK,02,ST0200000000000,Alaska,2005,11,1.063959024,0.960735567
AK,02,ST0200000000000,Alaska,2005,12,1.073352489,0.928688769
AK,02,ST0200000000000,Alaska,2006,1,1.076893762,0.827303861
AK,02,ST0200000000000,Alaska,2006,2,1.055635448,0.870998909
AK,02,ST0200000000000,Alaska,2006,3,1.044225689,0.862292767
AK,02,ST0200000000000,Alaska,2006,4,1.03215108,0.824712939
AK,02,ST0200000000000,Alaska,2006,5,1.007573953,0.80200447
AK,02,ST0200000000000,Alaska,2006,6,0.987488797,0.885495587
AK,02,ST0200000000000,Alaska,2006,7,1.023030785,0.854396056
AK,02,ST0200000000000,Alaska,2006,8,1.003224348,0.866990546
AK,02,ST0200000000000,Alaska,2006,9,0.987991054,0.870619006
AK,02,ST0200000000000,Alaska,2006,10,1.042232177,0.910093458
AK,02,ST0200000000000,Alaska,2006,11,1.059657359,0.925101657
AK,02,ST0200000000000,Alaska,2006,12,1.069815599,0.882714348
AK,02,ST0200000000000,Alaska,2007,1,1.091597498,0.856516788
AK,02,ST0200000000000,Alaska,2007,2,1.064138787,0.851743273
AK,02,ST0200000000000,Alaska,2007,3,1.058588357,0.853504828
AK,02,ST0200000000000,Alaska,2007,4,1.04166908,0.800267201
AK,02,ST0200000000000,Alaska,2007,5,1.018860171,0.785489703
AK,02,ST0200000000000,Alaska,2007,6,1.002152072,0.843348141
AK,02,ST0200000000000,Alaska,2007,7,1.015958968,0.91098476
AK,02,ST0200000000000,Alaska,2007,8,0.998438482,0.924235711
AK,02,ST0200000000000,Alaska,2007,9,1.004817799,0.946999903
AK,02,ST0200000000000,Alaska,2007,10,1.048302348,1.022230475
AK,02,ST0200000000000,Alaska,2007,11,1.073737525,0.972702627
AK,02,ST0200000000000,Alaska,2007,12,1.079878047,0.981222465
AK,02,ST0200000000000,Alaska,2008,1,1.09940323,0.934438443
AK,02,ST0200000000000,Alaska,2008,2,1.071514896,0.917224388
AK,02,ST0200000000000,Alaska,2008,3,1.067410112,0.96281489
AK,02,ST0200000000000,Alaska,2008,4,1.051097787,0.855601882
AK,02,ST0200000000000,Alaska,2008,5,1.015779177,0.812556771
AK,02,ST0200000000000,Alaska,2008,6,1.013320281,0.865181712
AK,02,ST0200000000000,Alaska,2008,7,1.027455838,0.897458591
AK,02,ST0200000000000,Alaska,2008,8,1.00968295,0.932610066
AK,02,ST0200000000000,Alaska,2008,9,0.999551266,0.955691189
AK,02,ST0200000000000,Alaska,2008,10,1.052025014,0.939705025
AK,02,ST0200000000000,Alaska,2008,11,1.071159425,0.901415188
AK,02,ST0200000000000,Alaska,2008,12,1.069950454,0.889369435
AK,02,ST0200000000000,Alaska,2009,1,1.080941565,0.93302396
AK,02,ST0200000000000,Alaska,2009,2,1.06303769,0.937666963
AK,02,ST0200000000000,Alaska,2009,3,1.055124509,0.924757665
AK,02,ST0200000000000,Alaska,2009,4,1.046686043,0.89825235
AK,02,ST0200000000000,Alaska,2009,5,1.027144492,0.836111283
AK,02,ST0200000000000,Alaska,2009,6,1.018477,0.848603045
AK,02,ST0200000000000,Alaska,2009,7,1.033174856,0.875549048
AK,02,ST0200000000000,Alaska,2009,8,1.011887237,0.911867083
AK,02,ST0200000000000,Alaska,2009,9,0.999835412,0.906443555
AK,02,ST0200000000000,Alaska,2009,10,1.041634371,0.854948431
AK,02,ST0200000000000,Alaska,2009,11,1.059580078,0.847751711
AK,02,ST0200000000000,Alaska,2009,12,1.059453704,0.85366784
AK,02,ST0200000000000,Alaska,2010,1,1.074645704,0.871048737
AK,02,ST0200000000000,Alaska,2010,2,1.061087473,0.879013897
AK,02,ST0200000000000,Alaska,2010,3,1.058901302,0.8700187
AK,02,ST0200000000000,Alaska,2010,4,1.044872894,0.823299151
AK,02,ST0200000000000,Alaska,2010,5,1.022550523,0.753331698
AK,02,ST0200000000000,Alaska,2010,6,0.995177255,0.796812085
AK,02,ST0200000000000,Alaska,2010,7,1.005664193,0.792433352
AK,02,ST0200000000000,Alaska,2010,8,0.999028461,0.779978537
AK,02,ST0200000000000,Alaska,2010,9,0.998654641,0.810927549
AK,02,ST0200000000000,Alaska,2010,10,1.036552215,0.764396662
AK,02,ST0200000000000,Alaska,2010,11,1.053125425,0.79512346
AK,02,ST0200000000000,Alaska,2010,12,1.061700358,0.767647367
AK,02,ST0200000000000,Alaska,2011,1,1.075002208,0.815705087
AK,02,ST0200000000000,Alaska,2011,2,1.058665271,0.804057511
AK,02,ST0200000000000,Alaska,2011,3,1.053751521,0.756189813
AK,02,ST0200000000000,Alaska,2011,4,1.044714248,0.704834798
AK,02,ST0200000000000,Alaska,2011,5,1.023232421,0.676038161
AK,02,ST0200000000000,Alaska,2011,6,0.991253315,0.754950885
AK,02,ST0200000000000,Alaska,2011,7,0.995146034,0.741112673
AK,02,ST0200000000000,Alaska,2011,8,0.992048861,0.737166203
AK,02,ST0200000000000,Alaska,2011,9,0.9921109,0.82637735
AK,02,ST0200000000000,Alaska,2011,10,1.033714164,0.761772769
AK,02,ST0200000000000,Alaska,2011,11,1.055632771,0.740322894
AK,02,ST0200000000000,Alaska,2011,12,1.060923323,0.757222162
AK,02,ST0200000000000,Alaska,2012,1,1.071752273,0.763234153
AK,02,ST0200000000000,Alaska,2012,2,1.05516039,0.7526045
AK,02,ST0200000000000,Alaska,2012,3,1.047363617,0.728637177
AK,02,ST0200000000000,Alaska,2012,4,1.034561226,0.677644658
AK,02,ST0200000000000,Alaska,2012,5,1.012047694,0.691259437
AK,02,ST0200000000000,Alaska,2012,6,0.979457613,0.765867695
AK,02,ST0200000000000,Alaska,2012,7,0.990774986,0.717925755
AK,02,ST0200000000000,Alaska,2012,8,0.981105177,0.750228728
AK,02,ST0200000000000,Alaska,2012,9,0.99010549,0.787844523
AK,02,ST0200000000000,Alaska,2012,10,1.034314199,0.754350576
AK,02,ST0200000000000,Alaska,2012,11,1.044839958,0.710174313
AK,02,ST0200000000000,Alaska,2012,12,1.049701313,0.717065571
AK,02,ST0200000000000,Alaska,2013,1,1.06115551,0.734563313
AK,02,ST0200000000000,Alaska,2013,2,1.051482371,0.717991185
AK,02,ST0200000000000,Alaska,2013,3,1.045344675,0.676909419
AK,02,ST0200000000000,Alaska,2013,4,1.032689072,0.634738331
AK,02,ST0200000000000,Alaska,2013,5,1.016284295,0.63742344
AK,02,ST0200000000000,Alaska,2013,6,0.979279345,0.711656622
AK,02,ST0200000000000,Alaska,2013,7,0.980139226,0.684084253
AK,02,ST0200000000000,Alaska,2013,8,0.974014209,0.706057027
AZ,04,ST0400000000000,Arizona,2005,1,1.113049502,1.247105796
AZ,04,ST0400000000000,Arizona,2005,2,1.099983955,1.200454485
AZ,04,ST0400000000000,Arizona,2005,3,1.091046734,1.342206278
AZ,04,ST0400000000000,Arizona,2005,4,1.084373386,1.235565775
AZ,04,ST0400000000000,Arizona,2005,5,1.08189455,1.428101257
AZ,04,ST0400000000000,Arizona,2005,6,1.095766599,1.471916709
AZ,04,ST0400000000000,Arizona,2005,7,1.103647154,1.531438777
AZ,04,ST0400000000000,Arizona,2005,8,1.093001297,1.356651002
AZ,04,ST0400000000000,Arizona,2005,9,1.087488426,1.404556972
AZ,04,ST0400000000000,Arizona,2005,10,1.086477285,1.395625982
AZ,04,ST0400000000000,Arizona,2005,11,1.079013532,1.502791174
AZ,04,ST0400000000000,Arizona,2005,12,1.075029987,1.560661999
AZ,04,ST0400000000000,Arizona,2006,1,1.086492647,1.342455598
AZ,04,ST0400000000000,Arizona,2006,2,1.079068319,1.397388207
AZ,04,ST0400000000000,Arizona,2006,3,1.074270147,1.416164242
AZ,04,ST0400000000000,Arizona,2006,4,1.073477809,1.194507494
AZ,04,ST0400000000000,Arizona,2006,5,1.070298346,1.487289823
AZ,04,ST0400000000000,Arizona,2006,6,1.084069518,1.269092512
AZ,04,ST0400000000000,Arizona,2006,7,1.093679536,1.43667549
AZ,04,ST0400000000000,Arizona,2006,8,1.084091934,1.399166917
AZ,04,ST0400000000000,Arizona,2006,9,1.081692295,1.276166862
AZ,04,ST0400000000000,Arizona,2006,10,1.083670552,1.236061785
AZ,04,ST0400000000000,Arizona,2006,11,1.0813583,1.27021817
AZ,04,ST0400000000000,Arizona,2006,12,1.079138096,1.290548646
AZ,04,ST0400000000000,Arizona,2007,1,1.097751234,1.30077205
AZ,04,ST0400000000000,Arizona,2007,2,1.087537038,1.217477435
AZ,04,ST0400000000000,Arizona,2007,3,1.08339133,1.293173841
AZ,04,ST0400000000000,Arizona,2007,4,1.0836798,1.108133855
AZ,04,ST0400000000000,Arizona,2007,5,1.083830294,1.269002638
AZ,04,ST0400000000000,Arizona,2007,6,1.09656281,1.133641946
AZ,04,ST0400000000000,Arizona,2007,7,1.105466849,1.263374045
AZ,04,ST0400000000000,Arizona,2007,8,1.087516814,1.337930872
AZ,04,ST0400000000000,Arizona,2007,9,1.086692773,1.282327957
AZ,04,ST0400000000000,Arizona,2007,10,1.087775331,1.215541008
AZ,04,ST0400000000000,Arizona,2007,11,1.087902173,1.076446127
AZ,04,ST0400000000000,Arizona,2007,12,1.085472836,1.313136467
AZ,04,ST0400000000000,Arizona,2008,1,1.105660917,1.413142398
AZ,04,ST0400000000000,Arizona,2008,2,1.097966671,1.379778146
AZ,04,ST0400000000000,Arizona,2008,3,1.103021607,1.460159539
AZ,04,ST0400000000000,Arizona,2008,4,1.109115083,1.421897379
AZ,04,ST0400000000000,Arizona,2008,5,1.107700457,1.670948883
AZ,04,ST0400000000000,Arizona,2008,6,1.128334582,1.474099895
AZ,04,ST0400000000000,Arizona,2008,7,1.140604186,1.572818025
AZ,04,ST0400000000000,Arizona,2008,8,1.12720761,1.748503042
AZ,04,ST0400000000000,Arizona,2008,9,1.130674244,1.590441245
AZ,04,ST0400000000000,Arizona,2008,10,1.140601643,1.762497989
AZ,04,ST0400000000000,Arizona,2008,11,1.140404107,1.709849672
AZ,04,ST0400000000000,Arizona,2008,12,1.139559822,1.582399608
AZ,04,ST0400000000000,Arizona,2009,1,1.161181089,1.726948303
AZ,04,ST0400000000000,Arizona,2009,2,1.158245064,1.519849112
AZ,04,ST0400000000000,Arizona,2009,3,1.154905252,1.516280693
AZ,04,ST0400000000000,Arizona,2009,4,1.163899532,1.519489739
AZ,04,ST0400000000000,Arizona,2009,5,1.164094799,1.556445878
AZ,04,ST0400000000000,Arizona,2009,6,1.188769536,1.32864959
AZ,04,ST0400000000000,Arizona,2009,7,1.19970884,1.374861474
AZ,04,ST0400000000000,Arizona,2009,8,1.181561886,1.431203742
AZ,04,ST0400000000000,Arizona,2009,9,1.171586302,1.418506194
AZ,04,ST0400000000000,Arizona,2009,10,1.171562008,1.478315375
AZ,04,ST0400000000000,Arizona,2009,11,1.166989605,1.4187119
AZ,04,ST0400000000000,Arizona,2009,12,1.157295834,1.439875835
AZ,04,ST0400000000000,Arizona,2010,1,1.183641994,1.466848254
AZ,04,ST0400000000000,Arizona,2010,2,1.176281806,1.39961422
AZ,04,ST0400000000000,Arizona,2010,3,1.173322971,1.462370545
AZ,04,ST0400000000000,Arizona,2010,4,1.17840456,1.517996127
AZ,04,ST0400000000000,Arizona,2010,5,1.170768232,1.421254352
AZ,04,ST0400000000000,Arizona,2010,6,1.192640243,1.287775282
AZ,04,ST0400000000000,Arizona,2010,7,1.202218544,1.327242001
AZ,04,ST0400000000000,Arizona,2010,8,1.187358344,1.40901703
AZ,04,ST0400000000000,Arizona,2010,9,1.182469718,1.346227393
AZ,04,ST0400000000000,Arizona,2010,10,1.166355879,1.514785988
AZ,04,ST0400000000000,Arizona,2010,11,1.15649094,1.358445798
AZ,04,ST0400000000000,Arizona,2010,12,1.155384847,1.36696458
AZ,04,ST0400000000000,Arizona,2011,1,1.17122594,1.274832918
AZ,04,ST0400000000000,Arizona,2011,2,1.164562277,1.144666871
AZ,04,ST0400000000000,Arizona,2011,3,1.160793384,1.168397683
AZ,04,ST0400000000000,Arizona,2011,4,1.158596893,1.147230731
AZ,04,ST0400000000000,Arizona,2011,5,1.154515158,1.129633554
AZ,04,ST0400000000000,Arizona,2011,6,1.173192741,0.994074176
AZ,04,ST0400000000000,Arizona,2011,7,1.178920706,1.035710756
AZ,04,ST0400000000000,Arizona,2011,8,1.156576763,0.970451418
AZ,04,ST0400000000000,Arizona,2011,9,1.153378638,0.970087965
AZ,04,ST0400000000000,Arizona,2011,10,1.148259183,0.993042519
AZ,04,ST0400000000000,Arizona,2011,11,1.140032324,0.901674357
AZ,04,ST0400000000000,Arizona,2011,12,1.139783988,0.940169403
AZ,04,ST0400000000000,Arizona,2012,1,1.150852464,0.94110704
AZ,04,ST0400000000000,Arizona,2012,2,1.150885504,0.867172318
AZ,04,ST0400000000000,Arizona,2012,3,1.143745569,0.898956
AZ,04,ST0400000000000,Arizona,2012,4,1.14373652,0.918215279
AZ,04,ST0400000000000,Arizona,2012,5,1.139957021,0.935037462
AZ,04,ST0400000000000,Arizona,2012,6,1.153366768,0.916598719
AZ,04,ST0400000000000,Arizona,2012,7,1.161559262,1.004894325
AZ,04,ST0400000000000,Arizona,2012,8,1.138669205,0.979177078
AZ,04,ST0400000000000,Arizona,2012,9,1.139894404,0.913779207
AZ,04,ST0400000000000,Arizona,2012,10,1.137501423,0.99023353
AZ,04,ST0400000000000,Arizona,2012,11,1.125392428,0.912724953
AZ,04,ST0400000000000,Arizona,2012,12,1.120470555,0.978938875
AZ,04,ST0400000000000,Arizona,2013,1,1.140383237,1.005765751
AZ,04,ST0400000000000,Arizona,2013,2,1.137112168,0.995438317
AZ,04,ST0400000000000,Arizona,2013,3,1.126349961,0.994834662
AZ,04,ST0400000000000,Arizona,2013,4,1.119708982,1.085810378
AZ,04,ST0400000000000,Arizona,2013,5,1.115818625,1.023944999
AZ,04,ST0400000000000,Arizona,2013,6,1.138029199,1.06323307
AZ,04,ST0400000000000,Arizona,2013,7,1.139628995,1.15246966
AZ,04,ST0400000000000,Arizona,2013,8,1.116028472,1.111845718
AR,05,ST0500000000000,Arkansas,2005,1,1.029732971,1.245313298
AR,05,ST0500000000000,Arkansas,2005,2,1.042483034,1.205089512
AR,05,ST0500000000000,Arkansas,2005,3,1.04977596,1.119864738
AR,05,ST0500000000000,Arkansas,2005,4,1.04512016,1.103036712
AR,05,ST0500000000000,Arkansas,2005,5,1.043369995,1.015144312
AR,05,ST0500000000000,Arkansas,2005,6,1.050055326,1.035613163
AR,05,ST0500000000000,Arkansas,2005,7,1.064186292,1.062209002
AR,05,ST0500000000000,Arkansas,2005,8,1.061771178,1.159321216
AR,05,ST0500000000000,Arkansas,2005,9,1.046080717,0.925070207
AR,05,ST0500000000000,Arkansas,2005,10,1.044127267,0.954889931
AR,05,ST0500000000000,Arkansas,2005,11,1.050244001,1.051374597
AR,05,ST0500000000000,Arkansas,2005,12,1.044457968,1.246095513
AR,05,ST0500000000000,Arkansas,2006,1,1.029650932,1.330822663
AR,05,ST0500000000000,Arkansas,2006,2,1.031728193,1.126717458
AR,05,ST0500000000000,Arkansas,2006,3,1.028489182,1.236918038
AR,05,ST0500000000000,Arkansas,2006,4,1.019514028,1.273386454
AR,05,ST0500000000000,Arkansas,2006,5,1.024280749,1.131841145
AR,05,ST0500000000000,Arkansas,2006,6,1.033249504,1.226531875
AR,05,ST0500000000000,Arkansas,2006,7,1.046227024,1.304285816
AR,05,ST0500000000000,Arkansas,2006,8,1.033396416,1.255398768
AR,05,ST0500000000000,Arkansas,2006,9,1.016102429,1.191984641
AR,05,ST0500000000000,Arkansas,2006,10,1.022290941,1.125615764
AR,05,ST0500000000000,Arkansas,2006,11,1.024105915,1.181201635
AR,05,ST0500000000000,Arkansas,2006,12,1.026852747,1.285950845
AR,05,ST0500000000000,Arkansas,2007,1,1.02121168,1.393219184
AR,05,ST0500000000000,Arkansas,2007,2,1.018912013,1.136320627
AR,05,ST0500000000000,Arkansas,2007,3,1.021342026,1.263323143
AR,05,ST0500000000000,Arkansas,2007,4,1.026195429,1.243831277
AR,05,ST0500000000000,Arkansas,2007,5,1.031782445,1.11530503
AR,05,ST0500000000000,Arkansas,2007,6,1.042159513,1.225447898
AR,05,ST0500000000000,Arkansas,2007,7,1.057022976,1.149188913
AR,05,ST0500000000000,Arkansas,2007,8,1.02955925,1.22294491
AR,05,ST0500000000000,Arkansas,2007,9,1.014524148,1.074654509
AR,05,ST0500000000000,Arkansas,2007,10,1.018449229,1.161129711
AR,05,ST0500000000000,Arkansas,2007,11,1.021578861,1.161444319
AR,05,ST0500000000000,Arkansas,2007,12,1.018299355,1.246977103
AR,05,ST0500000000000,Arkansas,2008,1,1.016491668,1.319268636
AR,05,ST0500000000000,Arkansas,2008,2,1.014005762,1.149956408
AR,05,ST0500000000000,Arkansas,2008,3,1.014250316,1.289469088
AR,05,ST0500000000000,Arkansas,2008,4,1.030642734,1.106121465
AR,05,ST0500000000000,Arkansas,2008,5,1.032590445,1.029146196
AR,05,ST0500000000000,Arkansas,2008,6,1.050566035,1.108342873
AR,05,ST0500000000000,Arkansas,2008,7,1.061318744,1.107992481
AR,05,ST0500000000000,Arkansas,2008,8,1.041850039,1.125372077
AR,05,ST0500000000000,Arkansas,2008,9,1.041349658,1.02238806
AR,05,ST0500000000000,Arkansas,2008,10,1.040850199,1.043553644
AR,05,ST0500000000000,Arkansas,2008,11,1.031840039,1.110632285
AR,05,ST0500000000000,Arkansas,2008,12,1.034895553,1.218082192
AR,05,ST0500000000000,Arkansas,2009,1,1.035143363,1.210182617
AR,05,ST0500000000000,Arkansas,2009,2,1.036090718,1.166248432
AR,05,ST0500000000000,Arkansas,2009,3,1.030752776,1.189250099
AR,05,ST0500000000000,Arkansas,2009,4,1.03667082,1.091534646
AR,05,ST0500000000000,Arkansas,2009,5,1.028392741,1.027195867
AR,05,ST0500000000000,Arkansas,2009,6,1.042824946,0.964723926
AR,05,ST0500000000000,Arkansas,2009,7,1.056914859,1.017415254
AR,05,ST0500000000000,Arkansas,2009,8,1.046016729,1.017923508
AR,05,ST0500000000000,Arkansas,2009,9,1.042080831,1.023654671
AR,05,ST0500000000000,Arkansas,2009,10,1.039672987,0.911558362
AR,05,ST0500000000000,Arkansas,2009,11,1.0345489,0.977729648
AR,05,ST0500000000000,Arkansas,2009,12,1.019027933,1.081707856
AR,05,ST0500000000000,Arkansas,2010,1,1.040058485,1.11197115
AR,05,ST0500000000000,Arkansas,2010,2,1.044435253,1.041183063
AR,05,ST0500000000000,Arkansas,2010,3,1.038535246,1.147142924
AR,05,ST0500000000000,Arkansas,2010,4,1.045512337,1.195356708
AR,05,ST0500000000000,Arkansas,2010,5,1.035984394,1.077235014
AR,05,ST0500000000000,Arkansas,2010,6,1.042401494,1.083732808
AR,05,ST0500000000000,Arkansas,2010,7,1.047767813,1.082664865
AR,05,ST0500000000000,Arkansas,2010,8,1.04292921,0.987172722
AR,05,ST0500000000000,Arkansas,2010,9,1.045638335,1.122949219
AR,05,ST0500000000000,Arkansas,2010,10,1.038222363,0.965251304
AR,05,ST0500000000000,Arkansas,2010,11,1.036289499,1.125444083
AR,05,ST0500000000000,Arkansas,2010,12,1.028078818,1.141668298
AR,05,ST0500000000000,Arkansas,2011,1,1.027698369,1.141163865
AR,05,ST0500000000000,Arkansas,2011,2,1.044384376,1.154814953
AR,05,ST0500000000000,Arkansas,2011,3,1.048470055,1.198366687
AR,05,ST0500000000000,Arkansas,2011,4,1.044151141,1.183595705
AR,05,ST0500000000000,Arkansas,2011,5,1.041909252,1.124273585
AR,05,ST0500000000000,Arkansas,2011,6,1.053564888,1.071616917
AR,05,ST0500000000000,Arkansas,2011,7,1.058271059,1.146776774
AR,05,ST0500000000000,Arkansas,2011,8,1.048459689,1.041084618
AR,05,ST0500000000000,Arkansas,2011,9,1.051473895,1.108800674
AR,05,ST0500000000000,Arkansas,2011,10,1.04115543,1.087206704
AR,05,ST0500000000000,Arkansas,2011,11,1.03866314,1.206210041
AR,05,ST0500000000000,Arkansas,2011,12,1.02590965,1.200592641
AR,05,ST0500000000000,Arkansas,2012,1,1.040029288,1.198023656
AR,05,ST0500000000000,Arkansas,2012,2,1.045769009,1.129103915
AR,05,ST0500000000000,Arkansas,2012,3,1.046155659,1.144997167
AR,05,ST0500000000000,Arkansas,2012,4,1.051913734,1.111754996
AR,05,ST0500000000000,Arkansas,2012,5,1.043202929,1.031640414
AR,05,ST0500000000000,Arkansas,2012,6,1.05919154,1.072597211
AR,05,ST0500000000000,Arkansas,2012,7,1.066256458,1.064732275
AR,05,ST0500000000000,Arkansas,2012,8,1.056463752,1.047908688
AR,05,ST0500000000000,Arkansas,2012,9,1.052245835,1.070935069
AR,05,ST0500000000000,Arkansas,2012,10,1.044030725,1.065347221
AR,05,ST0500000000000,Arkansas,2012,11,1.031308171,1.195042854
AR,05,ST0500000000000,Arkansas,2012,12,1.021501662,1.201357236
AR,05,ST0500000000000,Arkansas,2013,1,1.015089431,1.280742487
AR,05,ST0500000000000,Arkansas,2013,2,1.016201765,1.165489462
AR,05,ST0500000000000,Arkansas,2013,3,1.008050393,1.196331488
AR,05,ST0500000000000,Arkansas,2013,4,1.02379087,1.099959439
AR,05,ST0500000000000,Arkansas,2013,5,1.02284645,1.064512998
AR,05,ST0500000000000,Arkansas,2013,6,1.029212739,1.149492846
AR,05,ST0500000000000,Arkansas,2013,7,1.031830142,1.132462316
AR,05,ST0500000000000,Arkansas,2013,8,1.01588645,1.171727697
CA,06,BS0600000000000,"Balance of California, state less Los Angeles-Long Beach-Glendale MD",2005,1,1.084601777,1.030604935
CA,06,BS0600000000000,"Balance of California, state less Los Angeles-Long Beach-Glendale MD",2005,2,1.079624854,1.025480904
CA,06,BS0600000000000,"Balance of California, state less Los Angeles-Long Beach-Glendale MD",2005,3,1.07274734,0.994917809
CA,06,BS0600000000000,"Balance of California, state less Los Angeles-Long Beach-Glendale MD",2005,4,1.065217503,1.000321826
CA,06,BS0600000000000,"Balance of California, state less Los Angeles-Long Beach-Glendale MD",2005,5,1.067171887,0.946192074
CA,06,BS0600000000000,"Balance of California, state less Los Angeles-Long Beach-Glendale MD",2005,6,1.064794139,0.968930898
CA,06,BS0600000000000,"Balance of California, state less Los Angeles-Long Beach-Glendale MD",2005,7,1.076209769,1.033420325
CA,06,BS0600000000000,"Balance of California, state less Los Angeles-Long Beach-Glendale MD",2005,8,1.079959842,1.019441717
CA,06,BS0600000000000,"Balance of California, state less Los Angeles-Long Beach-Glendale MD",2005,9,1.069149126,1.094605723
CA,06,BS0600000000000,"Balance of California, state less Los Angeles-Long Beach-Glendale MD",2005,10,1.071345396,1.05707633
CA,06,BS0600000000000,"Balance of California, state less Los Angeles-Long Beach-Glendale MD",2005,11,1.067453337,1.044707441
CA,06,BS0600000000000,"Balance of California, state less Los Angeles-Long Beach-Glendale MD",2005,12,1.067333629,1.003933719
CA,06,BS0600000000000,"Balance of California, state less Los Angeles-Long Beach-Glendale MD",2006,1,1.07419168,1.004341606
CA,06,BS0600000000000,"Balance of California, state less Los Angeles-Long Beach-Glendale MD",2006,2,1.065603737,1.000980723
CA,06,BS0600000000000,"Balance of California, state less Los Angeles-Long Beach-Glendale MD",2006,3,1.065495322,0.999400987
CA,06,BS0600000000000,"Balance of California, state less Los Angeles-Long Beach-Glendale MD",2006,4,1.065957835,0.975816755
CA,06,BS0600000000000,"Balance of California, state less Los Angeles-Long Beach-Glendale MD",2006,5,1.058085294,0.952586578
CA,06,BS0600000000000,"Balance of California, state less Los Angeles-Long Beach-Glendale MD",2006,6,1.055031502,0.980993756
CA,06,BS0600000000000,"Balance of California, state less Los Angeles-Long Beach-Glendale MD",2006,7,1.07199083,1.054269336
CA,06,BS0600000000000,"Balance of California, state less Los Angeles-Long Beach-Glendale MD",2006,8,1.070192473,1.015785627
CA,06,BS0600000000000,"Balance of California, state less Los Angeles-Long Beach-Glendale MD",2006,9,1.062759052,1.033595349
CA,06,BS0600000000000,"Balance of California, state less Los Angeles-Long Beach-Glendale MD",2006,10,1.06676475,0.997273738
CA,06,BS0600000000000,"Balance of California, state less Los Angeles-Long Beach-Glendale MD",2006,11,1.065388037,1.017572947
CA,06,BS0600000000000,"Balance of California, state less Los Angeles-Long Beach-Glendale MD",2006,12,1.070575055,1.000815152
CA,06,BS0600000000000,"Balance of California, state less Los Angeles-Long Beach-Glendale MD",2007,1,1.083152719,1.056369714
CA,06,BS0600000000000,"Balance of California, state less Los Angeles-Long Beach-Glendale MD",2007,2,1.075552614,1.035655076
CA,06,BS0600000000000,"Balance of California, state less Los Angeles-Long Beach-Glendale MD",2007,3,1.071865532,1.068437339
CA,06,BS0600000000000,"Balance of California, state less Los Angeles-Long Beach-Glendale MD",2007,4,1.065251547,1.056302699
CA,06,BS0600000000000,"Balance of California, state less Los Angeles-Long Beach-Glendale MD",2007,5,1.059982006,1.022772072
CA,06,BS0600000000000,"Balance of California, state less Los Angeles-Long Beach-Glendale MD",2007,6,1.055258947,1.052207118
CA,06,BS0600000000000,"Balance of California, state less Los Angeles-Long Beach-Glendale MD",2007,7,1.06514385,1.173971772
CA,06,BS0600000000000,"Balance of California, state less Los Angeles-Long Beach-Glendale MD",2007,8,1.065466655,1.152994863
CA,06,BS0600000000000,"Balance of California, state less Los Angeles-Long Beach-Glendale MD",2007,9,1.065964725,1.169470878
CA,06,BS0600000000000,"Balance of California, state less Los Angeles-Long Beach-Glendale MD",2007,10,1.064953089,1.191394897
CA,06,BS0600000000000,"Balance of California, state less Los Angeles-Long Beach-Glendale MD",2007,11,1.069749465,1.13309883
CA,06,BS0600000000000,"Balance of California, state less Los Angeles-Long Beach-Glendale MD",2007,12,1.069656605,1.154122595
CA,06,BS0600000000000,"Balance of California, state less Los Angeles-Long Beach-Glendale MD",2008,1,1.09199469,1.15328489
CA,06,BS0600000000000,"Balance of California, state less Los Angeles-Long Beach-Glendale MD",2008,2,1.083662257,1.134793133
CA,06,BS0600000000000,"Balance of California, state less Los Angeles-Long Beach-Glendale MD",2008,3,1.083226404,1.165773523
CA,06,BS0600000000000,"Balance of California, state less Los Angeles-Long Beach-Glendale MD",2008,4,1.079450514,1.1112936
CA,06,BS0600000000000,"Balance of California, state less Los Angeles-Long Beach-Glendale MD",2008,5,1.07311139,1.120706494
CA,06,BS0600000000000,"Balance of California, state less Los Angeles-Long Beach-Glendale MD",2008,6,1.072056099,1.127073069
CA,06,BS0600000000000,"Balance of California, state less Los Angeles-Long Beach-Glendale MD",2008,7,1.082913071,1.173713049
CA,06,BS0600000000000,"Balance of California, state less Los Angeles-Long Beach-Glendale MD",2008,8,1.085444427,1.197917481
CA,06,BS0600000000000,"Balance of California, state less Los Angeles-Long Beach-Glendale MD",2008,9,1.081528159,1.222665499
CA,06,BS0600000000000,"Balance of California, state less Los Angeles-Long Beach-Glendale MD",2008,10,1.089181288,1.239301093
CA,06,BS0600000000000,"Balance of California, state less Los Angeles-Long Beach-Glendale MD",2008,11,1.092899465,1.213047503
CA,06,BS0600000000000,"Balance of California, state less Los Angeles-Long Beach-Glendale MD",2008,12,1.091388696,1.213643676
CA,06,BS0600000000000,"Balance of California, state less Los Angeles-Long Beach-Glendale MD",2009,1,1.103483447,1.26733474
CA,06,BS0600000000000,"Balance of California, state less Los Angeles-Long Beach-Glendale MD",2009,2,1.104152801,1.266819318
CA,06,BS0600000000000,"Balance of California, state less Los Angeles-Long Beach-Glendale MD",2009,3,1.098657815,1.242450487
CA,06,BS0600000000000,"Balance of California, state less Los Angeles-Long Beach-Glendale MD",2009,4,1.102604198,1.176947379
CA,06,BS0600000000000,"Balance of California, state less Los Angeles-Long Beach-Glendale MD",2009,5,1.08984264,1.212105114
CA,06,BS0600000000000,"Balance of California, state less Los Angeles-Long Beach-Glendale MD",2009,6,1.089612485,1.241280026
CA,06,BS0600000000000,"Balance of California, state less Los Angeles-Long Beach-Glendale MD",2009,7,1.112932098,1.234598585
CA,06,BS0600000000000,"Balance of California, state less Los Angeles-Long Beach-Glendale MD",2009,8,1.110819765,1.222153257
CA,06,BS0600000000000,"Balance of California, state less Los Angeles-Long Beach-Glendale MD",2009,9,1.107160322,1.244006026
CA,06,BS0600000000000,"Balance of California, state less Los Angeles-Long Beach-Glendale MD",2009,10,1.100971599,1.230449692
CA,06,BS0600000000000,"Balance of California, state less Los Angeles-Long Beach-Glendale MD",2009,11,1.100657284,1.161203002
CA,06,BS0600000000000,"Balance of California, state less Los Angeles-Long Beach-Glendale MD",2009,12,1.099845372,1.23573367
CA,06,BS0600000000000,"Balance of California, state less Los Angeles-Long Beach-Glendale MD",2010,1,1.117030315,1.25005611
CA,06,BS0600000000000,"Balance of California, state less Los Angeles-Long Beach-Glendale MD",2010,2,1.117244115,1.313239563
CA,06,BS0600000000000,"Balance of California, state less Los Angeles-Long Beach-Glendale MD",2010,3,1.118788637,1.255714433
CA,06,BS0600000000000,"Balance of California, state less Los Angeles-Long Beach-Glendale MD",2010,4,1.113989236,1.1928187
CA,06,BS0600000000000,"Balance of California, state less Los Angeles-Long Beach-Glendale MD",2010,5,1.102254657,1.224786242
CA,06,BS0600000000000,"Balance of California, state less Los Angeles-Long Beach-Glendale MD",2010,6,1.098453338,1.211600801
CA,06,BS0600000000000,"Balance of California, state less Los Angeles-Long Beach-Glendale MD",2010,7,1.121657642,1.191068939
CA,06,BS0600000000000,"Balance of California, state less Los Angeles-Long Beach-Glendale MD",2010,8,1.121151741,1.218222791
CA,06,BS0600000000000,"Balance of California, state less Los Angeles-Long Beach-Glendale MD",2010,9,1.120422116,1.212258706
CA,06,BS0600000000000,"Balance of California, state less Los Angeles-Long Beach-Glendale MD",2010,10,1.109048197,1.18665061
CA,06,BS0600000000000,"Balance of California, state less Los Angeles-Long Beach-Glendale MD",2010,11,1.104510912,1.213838244
CA,06,BS0600000000000,"Balance of California, state less Los Angeles-Long Beach-Glendale MD",2010,12,1.109593018,1.220948135
CA,06,BS0600000000000,"Balance of California, state less Los Angeles-Long Beach-Glendale MD",2011,1,1.12301716,1.195619972
CA,06,BS0600000000000,"Balance of California, state less Los Angeles-Long Beach-Glendale MD",2011,2,1.121970187,1.207544583
CA,06,BS0600000000000,"Balance of California, state less Los Angeles-Long Beach-Glendale MD",2011,3,1.121151113,1.177389292
CA,06,BS0600000000000,"Balance of California, state less Los Angeles-Long Beach-Glendale MD",2011,4,1.118771065,1.13170315
CA,06,BS0600000000000,"Balance of California, state less Los Angeles-Long Beach-Glendale MD",2011,5,1.108789234,1.134043085
CA,06,BS0600000000000,"Balance of California, state less Los Angeles-Long Beach-Glendale MD",2011,6,1.102764711,1.144485812
CA,06,BS0600000000000,"Balance of California, state less Los Angeles-Long Beach-Glendale MD",2011,7,1.117485612,1.137215102
CA,06,BS0600000000000,"Balance of California, state less Los Angeles-Long Beach-Glendale MD",2011,8,1.120352424,1.159208666
CA,06,BS0600000000000,"Balance of California, state less Los Angeles-Long Beach-Glendale MD",2011,9,1.123354248,1.15824081
CA,06,BS0600000000000,"Balance of California, state less Los Angeles-Long Beach-Glendale MD",2011,10,1.116599193,1.130495787
CA,06,BS0600000000000,"Balance of California, state less Los Angeles-Long Beach-Glendale MD",2011,11,1.117015736,1.091026396
CA,06,BS0600000000000,"Balance of California, state less Los Angeles-Long Beach-Glendale MD",2011,12,1.122670574,1.140708718
CA,06,BS0600000000000,"Balance of California, state less Los Angeles-Long Beach-Glendale MD",2012,1,1.131409605,1.133704277
CA,06,BS0600000000000,"Balance of California, state less Los Angeles-Long Beach-Glendale MD",2012,2,1.135497826,1.104428346
CA,06,BS0600000000000,"Balance of California, state less Los Angeles-Long Beach-Glendale MD",2012,3,1.131938619,1.07770117
CA,06,BS0600000000000,"Balance of California, state less Los Angeles-Long Beach-Glendale MD",2012,4,1.125569897,1.038704269
CA,06,BS0600000000000,"Balance of California, state less Los Angeles-Long Beach-Glendale MD",2012,5,1.113092248,1.062531087
CA,06,BS0600000000000,"Balance of California, state less Los Angeles-Long Beach-Glendale MD",2012,6,1.102777134,1.090317058
CA,06,BS0600000000000,"Balance of California, state less Los Angeles-Long Beach-Glendale MD",2012,7,1.118686432,1.090370299
CA,06,BS0600000000000,"Balance of California, state less Los Angeles-Long Beach-Glendale MD",2012,8,1.118071815,1.092258427
CA,06,BS0600000000000,"Balance of California, state less Los Angeles-Long Beach-Glendale MD",2012,9,1.122244465,1.046261817
CA,06,BS0600000000000,"Balance of California, state less Los Angeles-Long Beach-Glendale MD",2012,10,1.122293834,1.03975642
CA,06,BS0600000000000,"Balance of California, state less Los Angeles-Long Beach-Glendale MD",2012,11,1.113455994,1.000899631
CA,06,BS0600000000000,"Balance of California, state less Los Angeles-Long Beach-Glendale MD",2012,12,1.119473402,1.031048054
CA,06,BS0600000000000,"Balance of California, state less Los Angeles-Long Beach-Glendale MD",2013,1,1.136214195,1.064755328
CA,06,BS0600000000000,"Balance of California, state less Los Angeles-Long Beach-Glendale MD",2013,2,1.145551264,1.005649509
CA,06,BS0600000000000,"Balance of California, state less Los Angeles-Long Beach-Glendale MD",2013,3,1.141852868,0.989085276
CA,06,BS0600000000000,"Balance of California, state less Los Angeles-Long Beach-Glendale MD",2013,4,1.142263403,0.952416109
CA,06,BS0600000000000,"Balance of California, state less Los Angeles-Long Beach-Glendale MD",2013,5,1.140133268,0.91515841
CA,06,BS0600000000000,"Balance of California, state less Los Angeles-Long Beach-Glendale MD",2013,6,1.126628338,0.922989137
CA,06,BS0600000000000,"Balance of California, state less Los Angeles-Long Beach-Glendale MD",2013,7,1.130781961,0.944728089
CA,06,BS0600000000000,"Balance of California, state less Los Angeles-Long Beach-Glendale MD",2013,8,1.132073392,0.991121605
CO,08,ST0800000000000,Colorado,2005,1,1.090497061,1.526886225
CO,08,ST0800000000000,Colorado,2005,2,1.086152113,1.556087507
CO,08,ST0800000000000,Colorado,2005,3,1.076519766,1.603965923
CO,08,ST0800000000000,Colorado,2005,4,1.078724658,1.463606145
CO,08,ST0800000000000,Colorado,2005,5,1.084365536,1.443487657
CO,08,ST0800000000000,Colorado,2005,6,1.074067902,1.470475525
CO,08,ST0800000000000,Colorado,2005,7,1.084798806,1.443643906
CO,08,ST0800000000000,Colorado,2005,8,1.08967316,1.573125008
CO,08,ST0800000000000,Colorado,2005,9,1.085087339,1.599301114
CO,08,ST0800000000000,Colorado,2005,10,1.095097705,1.521839684
CO,08,ST0800000000000,Colorado,2005,11,1.089384269,1.605459557
CO,08,ST0800000000000,Colorado,2005,12,1.08405706,1.543880767
CO,08,ST0800000000000,Colorado,2006,1,1.099932519,1.431315509
CO,08,ST0800000000000,Colorado,2006,2,1.095336897,1.401372766
CO,08,ST0800000000000,Colorado,2006,3,1.090063682,1.37041226
CO,08,ST0800000000000,Colorado,2006,4,1.09271745,1.430260821
CO,08,ST0800000000000,Colorado,2006,5,1.091767476,1.416023912
CO,08,ST0800000000000,Colorado,2006,6,1.080231153,1.441056268
CO,08,ST0800000000000,Colorado,2006,7,1.0991491,1.426003616
CO,08,ST0800000000000,Colorado,2006,8,1.096680655,1.477082589
CO,08,ST0800000000000,Colorado,2006,9,1.099179751,1.424444206
CO,08,ST0800000000000,Colorado,2006,10,1.111639804,1.282887666
CO,08,ST0800000000000,Colorado,2006,11,1.10037714,1.405326568
CO,08,ST0800000000000,Colorado,2006,12,1.098261197,1.332577333
CO,08,ST0800000000000,Colorado,2007,1,1.10753685,1.339955154
CO,08,ST0800000000000,Colorado,2007,2,1.096869528,1.346882444
CO,08,ST0800000000000,Colorado,2007,3,1.091131334,1.288345894
CO,08,ST0800000000000,Colorado,2007,4,1.089068557,1.309430067
CO,08,ST0800000000000,Colorado,2007,5,1.083980257,1.243665814
CO,08,ST0800000000000,Colorado,2007,6,1.081826635,1.401948762
CO,08,ST0800000000000,Colorado,2007,7,1.091201373,1.411039145
CO,08,ST0800000000000,Colorado,2007,8,1.08665104,1.399094755
CO,08,ST0800000000000,Colorado,2007,9,1.092067865,1.548543689
CO,08,ST0800000000000,Colorado,2007,10,1.094299665,1.44122317
CO,08,ST0800000000000,Colorado,2007,11,1.091451294,1.412293648
CO,08,ST0800000000000,Colorado,2007,12,1.085925593,1.553777993
CO,08,ST0800000000000,Colorado,2008,1,1.105652174,1.553809859
CO,08,ST0800000000000,Colorado,2008,2,1.102888773,1.500092062
CO,08,ST0800000000000,Colorado,2008,3,1.103485709,1.686147997
CO,08,ST0800000000000,Colorado,2008,4,1.107818292,1.716525404
CO,08,ST0800000000000,Colorado,2008,5,1.092098085,1.551651559
CO,08,ST0800000000000,Colorado,2008,6,1.088812152,1.587788625
CO,08,ST0800000000000,Colorado,2008,7,1.088199332,1.548524907
CO,08,ST0800000000000,Colorado,2008,8,1.085980481,1.599190283
CO,08,ST0800000000000,Colorado,2008,9,1.089503787,1.600646485
CO,08,ST0800000000000,Colorado,2008,10,1.096783424,1.501589607
CO,08,ST0800000000000,Colorado,2008,11,1.100657422,1.435182996
CO,08,ST0800000000000,Colorado,2008,12,1.091257218,1.660663059
CO,08,ST0800000000000,Colorado,2009,1,1.104013556,1.655276424
CO,08,ST0800000000000,Colorado,2009,2,1.102994151,1.632823805
CO,08,ST0800000000000,Colorado,2009,3,1.096327203,1.647404187
CO,08,ST0800000000000,Colorado,2009,4,1.111353396,1.607970957
CO,08,ST0800000000000,Colorado,2009,5,1.104760271,1.466646908
CO,08,ST0800000000000,Colorado,2009,6,1.102321307,1.449732811
CO,08,ST0800000000000,Colorado,2009,7,1.103187661,1.441167627
CO,08,ST0800000000000,Colorado,2009,8,1.091563787,1.460533817
CO,08,ST0800000000000,Colorado,2009,9,1.08766604,1.477627664
CO,08,ST0800000000000,Colorado,2009,10,1.088726897,1.382767513
CO,08,ST0800000000000,Colorado,2009,11,1.095365155,1.249689585
CO,08,ST0800000000000,Colorado,2009,12,1.086762854,1.399964856
CO,08,ST0800000000000,Colorado,2010,1,1.111438368,1.37285961
CO,08,ST0800000000000,Colorado,2010,2,1.106627983,1.404175592
CO,08,ST0800000000000,Colorado,2010,3,1.105904059,1.546375779
CO,08,ST0800000000000,Colorado,2010,4,1.110657616,1.363720027
CO,08,ST0800000000000,Colorado,2010,5,1.093662104,1.352276791
CO,08,ST0800000000000,Colorado,2010,6,1.089960813,1.35366905
CO,08,ST0800000000000,Colorado,2010,7,1.098610288,1.407093065
CO,08,ST0800000000000,Colorado,2010,8,1.094798166,1.459625568
CO,08,ST0800000000000,Colorado,2010,9,1.098588783,1.419698255
CO,08,ST0800000000000,Colorado,2010,10,1.093995919,1.382295497
CO,08,ST0800000000000,Colorado,2010,11,1.084561529,1.310882508
CO,08,ST0800000000000,Colorado,2010,12,1.085381899,1.465765837
CO,08,ST0800000000000,Colorado,2011,1,1.104454435,1.416723818
CO,08,ST0800000000000,Colorado,2011,2,1.098029452,1.364904544
CO,08,ST0800000000000,Colorado,2011,3,1.091097447,1.507128463
CO,08,ST0800000000000,Colorado,2011,4,1.089527997,1.389996387
CO,08,ST0800000000000,Colorado,2011,5,1.077683341,1.352954849
CO,08,ST0800000000000,Colorado,2011,6,1.075609619,1.375815467
CO,08,ST0800000000000,Colorado,2011,7,1.086562845,1.360597576
CO,08,ST0800000000000,Colorado,2011,8,1.075484916,1.428812825
CO,08,ST0800000000000,Colorado,2011,9,1.09165034,1.486347305
CO,08,ST0800000000000,Colorado,2011,10,1.091769992,1.417228422
CO,08,ST0800000000000,Colorado,2011,11,1.089062787,1.320703557
CO,08,ST0800000000000,Colorado,2011,12,1.079018897,1.494721638
CO,08,ST0800000000000,Colorado,2012,1,1.101407715,1.470016933
CO,08,ST0800000000000,Colorado,2012,2,1.0970128,1.366432231
CO,08,ST0800000000000,Colorado,2012,3,1.084155978,1.489689011
CO,08,ST0800000000000,Colorado,2012,4,1.082368996,1.422911085
CO,08,ST0800000000000,Colorado,2012,5,1.073157439,1.335377417
CO,08,ST0800000000000,Colorado,2012,6,1.061440352,1.45192948
CO,08,ST0800000000000,Colorado,2012,7,1.073334917,1.423519977
CO,08,ST0800000000000,Colorado,2012,8,1.071762701,1.460738672
CO,08,ST0800000000000,Colorado,2012,9,1.081106232,1.400039841
CO,08,ST0800000000000,Colorado,2012,10,1.085984658,1.384175217
CO,08,ST0800000000000,Colorado,2012,11,1.076031014,1.359952033
CO,08,ST0800000000000,Colorado,2012,12,1.077331223,1.482663177
CO,08,ST0800000000000,Colorado,2013,1,1.095341514,1.433029072
CO,08,ST0800000000000,Colorado,2013,2,1.094307108,1.270751612
CO,08,ST0800000000000,Colorado,2013,3,1.086068121,1.376988179
CO,08,ST0800000000000,Colorado,2013,4,1.082821444,1.359461199
CO,08,ST0800000000000,Colorado,2013,5,1.083531266,1.251817328
CO,08,ST0800000000000,Colorado,2013,6,1.075695874,1.365492057
CO,08,ST0800000000000,Colorado,2013,7,1.078987719,1.334855151
CO,08,ST0800000000000,Colorado,2013,8,1.085023808,1.40408324
CT,09,ST0900000000000,Connecticut,2005,1,1.049059251,1.065705236
CT,09,ST0900000000000,Connecticut,2005,2,1.04603824,1.083522285
CT,09,ST0900000000000,Connecticut,2005,3,1.052117379,0.976072822
CT,09,ST0900000000000,Connecticut,2005,4,1.043009753,1.061591136
CT,09,ST0900000000000,Connecticut,2005,5,1.045851283,1.021739888
CT,09,ST0900000000000,Connecticut,2005,6,1.048486599,1.121328272
CT,09,ST0900000000000,Connecticut,2005,7,1.074970313,1.027563506
CT,09,ST0900000000000,Connecticut,2005,8,1.078338337,1.070343128
CT,09,ST0900000000000,Connecticut,2005,9,1.047684682,1.218410596
CT,09,ST0900000000000,Connecticut,2005,10,1.059652486,1.101839521
CT,09,ST0900000000000,Connecticut,2005,11,1.051342483,1.203433854
CT,09,ST0900000000000,Connecticut,2005,12,1.042860866,1.12427237
CT,09,ST0900000000000,Connecticut,2006,1,1.056276963,1.05985329
CT,09,ST0900000000000,Connecticut,2006,2,1.053825828,1.035514737
CT,09,ST0900000000000,Connecticut,2006,3,1.057823215,0.992046835
CT,09,ST0900000000000,Connecticut,2006,4,1.051625003,1.008795263
CT,09,ST0900000000000,Connecticut,2006,5,1.051570182,0.989981067
CT,09,ST0900000000000,Connecticut,2006,6,1.058108419,1.017281835
CT,09,ST0900000000000,Connecticut,2006,7,1.083859525,0.960403777
CT,09,ST0900000000000,Connecticut,2006,8,1.082500534,1.020036161
CT,09,ST0900000000000,Connecticut,2006,9,1.056257119,1.091536842
CT,09,ST0900000000000,Connecticut,2006,10,1.062137157,1.042225888
CT,09,ST0900000000000,Connecticut,2006,11,1.05679717,1.097701149
CT,09,ST0900000000000,Connecticut,2006,12,1.049640964,1.069235646
CT,09,ST0900000000000,Connecticut,2007,1,1.06666174,1.111793121
CT,09,ST0900000000000,Connecticut,2007,2,1.060868204,1.092726141
CT,09,ST0900000000000,Connecticut,2007,3,1.067794649,1.001298798
CT,09,ST0900000000000,Connecticut,2007,4,1.057423911,1.036575331
CT,09,ST0900000000000,Connecticut,2007,5,1.052736107,1.029211983
CT,09,ST0900000000000,Connecticut,2007,6,1.055522465,1.075457375
CT,09,ST0900000000000,Connecticut,2007,7,1.077342505,1.069937295
CT,09,ST0900000000000,Connecticut,2007,8,1.078859749,1.051948052
CT,09,ST0900000000000,Connecticut,2007,9,1.058898336,1.165333683
CT,09,ST0900000000000,Connecticut,2007,10,1.059814014,1.082655602
CT,09,ST0900000000000,Connecticut,2007,11,1.060197248,1.157599764
CT,09,ST0900000000000,Connecticut,2007,12,1.052010631,1.224701265
CT,09,ST0900000000000,Connecticut,2008,1,1.070549883,1.160158858
CT,09,ST0900000000000,Connecticut,2008,2,1.065173812,1.161277546
CT,09,ST0900000000000,Connecticut,2008,3,1.069264939,1.143605006
CT,09,ST0900000000000,Connecticut,2008,4,1.062929569,1.138109857
CT,09,ST0900000000000,Connecticut,2008,5,1.057903213,1.101267567
CT,09,ST0900000000000,Connecticut,2008,6,1.0619947,1.125596184
CT,09,ST0900000000000,Connecticut,2008,7,1.084724387,1.023664376
CT,09,ST0900000000000,Connecticut,2008,8,1.088876871,1.063585963
CT,09,ST0900000000000,Connecticut,2008,9,1.065777348,1.147047964
CT,09,ST0900000000000,Connecticut,2008,10,1.074280245,1.095139111
CT,09,ST0900000000000,Connecticut,2008,11,1.07421901,1.11900583
CT,09,ST0900000000000,Connecticut,2008,12,1.068896484,1.122076219
CT,09,ST0900000000000,Connecticut,2009,1,1.086120838,1.124135538
CT,09,ST0900000000000,Connecticut,2009,2,1.083392144,1.146047819
CT,09,ST0900000000000,Connecticut,2009,3,1.088784036,1.074837115
CT,09,ST0900000000000,Connecticut,2009,4,1.098459779,1.001347035
CT,09,ST0900000000000,Connecticut,2009,5,1.089418192,1.008229003
CT,09,ST0900000000000,Connecticut,2009,6,1.096882136,1.030249499
CT,09,ST0900000000000,Connecticut,2009,7,1.121666189,0.993216874
CT,09,ST0900000000000,Connecticut,2009,8,1.12025438,0.981890484
CT,09,ST0900000000000,Connecticut,2009,9,1.0922957,1.055019486
CT,09,ST0900000000000,Connecticut,2009,10,1.095220588,1.037268854
CT,09,ST0900000000000,Connecticut,2009,11,1.091522001,1.14168107
CT,09,ST0900000000000,Connecticut,2009,12,1.080831604,1.170926265
CT,09,ST0900000000000,Connecticut,2010,1,1.109252348,1.167444111
CT,09,ST0900000000000,Connecticut,2010,2,1.108126321,1.21120292
CT,09,ST0900000000000,Connecticut,2010,3,1.114964812,1.149929362
CT,09,ST0900000000000,Connecticut,2010,4,1.107467024,1.140740279
CT,09,ST0900000000000,Connecticut,2010,5,1.095294444,1.127468293
CT,09,ST0900000000000,Connecticut,2010,6,1.100363357,1.171002891
CT,09,ST0900000000000,Connecticut,2010,7,1.117298809,1.131613533
CT,09,ST0900000000000,Connecticut,2010,8,1.119691572,1.123137225
CT,09,ST0900000000000,Connecticut,2010,9,1.097995696,1.174151686
CT,09,ST0900000000000,Connecticut,2010,10,1.094291356,1.133433159
CT,09,ST0900000000000,Connecticut,2010,11,1.087745632,1.249539925
CT,09,ST0900000000000,Connecticut,2010,12,1.082058602,1.192272369
CT,09,ST0900000000000,Connecticut,2011,1,1.100255867,1.195929283
CT,09,ST0900000000000,Connecticut,2011,2,1.097366445,1.134030828
CT,09,ST0900000000000,Connecticut,2011,3,1.101700524,1.0955624
CT,09,ST0900000000000,Connecticut,2011,4,1.092143485,1.174447804
CT,09,ST0900000000000,Connecticut,2011,5,1.08689666,1.16790476
CT,09,ST0900000000000,Connecticut,2011,6,1.085275613,1.198106317
CT,09,ST0900000000000,Connecticut,2011,7,1.102131155,1.149960975
CT,09,ST0900000000000,Connecticut,2011,8,1.107893584,1.120622619
CT,09,ST0900000000000,Connecticut,2011,9,1.087992554,1.15691091
CT,09,ST0900000000000,Connecticut,2011,10,1.088133013,1.150524952
CT,09,ST0900000000000,Connecticut,2011,11,1.085529233,1.12138754
CT,09,ST0900000000000,Connecticut,2011,12,1.076663724,1.086294304
CT,09,ST0900000000000,Connecticut,2012,1,1.085249273,1.124426932
CT,09,ST0900000000000,Connecticut,2012,2,1.086027931,1.078592978
CT,09,ST0900000000000,Connecticut,2012,3,1.085483062,1.034192855
CT,09,ST0900000000000,Connecticut,2012,4,1.077346778,1.095464677
CT,09,ST0900000000000,Connecticut,2012,5,1.072693944,1.128609664
CT,09,ST0900000000000,Connecticut,2012,6,1.067888179,1.181782581
CT,09,ST0900000000000,Connecticut,2012,7,1.084939211,1.131396616
CT,09,ST0900000000000,Connecticut,2012,8,1.085016388,1.115556151
CT,09,ST0900000000000,Connecticut,2012,9,1.065825695,1.187833604
CT,09,ST0900000000000,Connecticut,2012,10,1.071832164,1.130677125
CT,09,ST0900000000000,Connecticut,2012,11,1.065580985,1.108490889
CT,09,ST0900000000000,Connecticut,2012,12,1.058459356,1.134917581
CT,09,ST0900000000000,Connecticut,2013,1,1.071033054,1.151807557
CT,09,ST0900000000000,Connecticut,2013,2,1.068366327,1.084783491
CT,09,ST0900000000000,Connecticut,2013,3,1.071222539,1.070662858
CT,09,ST0900000000000,Connecticut,2013,4,1.053212829,1.142840079
CT,09,ST0900000000000,Connecticut,2013,5,1.061187915,1.156244972
CT,09,ST0900000000000,Connecticut,2013,6,1.053420075,1.135235389
CT,09,ST0900000000000,Connecticut,2013,7,1.070698177,1.094053733
CT,09,ST0900000000000,Connecticut,2013,8,1.070293416,1.105523513
DE,10,ST1000000000000,Delaware,2005,1,1.072345573,0.952171791
DE,10,ST1000000000000,Delaware,2005,2,1.068469992,1.034414459
DE,10,ST1000000000000,Delaware,2005,3,1.062877487,1.004290695
DE,10,ST1000000000000,Delaware,2005,4,1.049394667,1.00151653
DE,10,ST1000000000000,Delaware,2005,5,1.041473611,0.951701783
DE,10,ST1000000000000,Delaware,2005,6,1.038737186,0.985881543
DE,10,ST1000000000000,Delaware,2005,7,1.051920206,1.018474843
DE,10,ST1000000000000,Delaware,2005,8,1.043358315,1.028196215
DE,10,ST1000000000000,Delaware,2005,9,1.03153284,1.103448276
DE,10,ST1000000000000,Delaware,2005,10,1.042077922,1.01034975
DE,10,ST1000000000000,Delaware,2005,11,1.047698281,0.996822371
DE,10,ST1000000000000,Delaware,2005,12,1.059764839,0.917334808
DE,10,ST1000000000000,Delaware,2006,1,1.078627654,1.015429636
DE,10,ST1000000000000,Delaware,2006,2,1.078410489,1.025352849
DE,10,ST1000000000000,Delaware,2006,3,1.075721664,1.031240702
DE,10,ST1000000000000,Delaware,2006,4,1.067805263,0.983270202
DE,10,ST1000000000000,Delaware,2006,5,1.053918798,0.829365079
DE,10,ST1000000000000,Delaware,2006,6,1.049010559,0.980743243
DE,10,ST1000000000000,Delaware,2006,7,1.066157789,1.015754234
DE,10,ST1000000000000,Delaware,2006,8,1.064099236,0.976371951
DE,10,ST1000000000000,Delaware,2006,9,1.053254924,0.983870968
DE,10,ST1000000000000,Delaware,2006,10,1.063444582,0.983135301
DE,10,ST1000000000000,Delaware,2006,11,1.064304972,0.86162673
DE,10,ST1000000000000,Delaware,2006,12,1.066980798,0.887713841
DE,10,ST1000000000000,Delaware,2007,1,1.086395939,1.034546904
DE,10,ST1000000000000,Delaware,2007,2,1.086167335,0.956928378
DE,10,ST1000000000000,Delaware,2007,3,1.077505407,0.929150892
DE,10,ST1000000000000,Delaware,2007,4,1.06554928,0.842820513
DE,10,ST1000000000000,Delaware,2007,5,1.04710449,0.800869835
DE,10,ST1000000000000,Delaware,2007,6,1.041430508,0.887275024
DE,10,ST1000000000000,Delaware,2007,7,1.062405023,0.980811007
DE,10,ST1000000000000,Delaware,2007,8,1.061315822,0.934224411
DE,10,ST1000000000000,Delaware,2007,9,1.051597595,0.971089696
DE,10,ST1000000000000,Delaware,2007,10,1.062464659,0.928350834
DE,10,ST1000000000000,Delaware,2007,11,1.068497981,0.883455583
DE,10,ST1000000000000,Delaware,2007,12,1.0620651,0.931200385
DE,10,ST1000000000000,Delaware,2008,1,1.087762123,0.982123152
DE,10,ST1000000000000,Delaware,2008,2,1.071541615,0.948282748
DE,10,ST1000000000000,Delaware,2008,3,1.075216599,1.040975841
DE,10,ST1000000000000,Delaware,2008,4,1.069121889,0.896705254
DE,10,ST1000000000000,Delaware,2008,5,1.05434974,0.881868797
DE,10,ST1000000000000,Delaware,2008,6,1.043429645,0.996224634
DE,10,ST1000000000000,Delaware,2008,7,1.059043307,1.061448241
DE,10,ST1000000000000,Delaware,2008,8,1.056636608,1.034482759
DE,10,ST1000000000000,Delaware,2008,9,1.042442085,1.182432432
DE,10,ST1000000000000,Delaware,2008,10,1.059089477,1.107886435
DE,10,ST1000000000000,Delaware,2008,11,1.063960367,1.09428848
DE,10,ST1000000000000,Delaware,2008,12,1.061833051,1.168655098
DE,10,ST1000000000000,Delaware,2009,1,1.08674126,1.149192962
DE,10,ST1000000000000,Delaware,2009,2,1.08066039,1.12154233
DE,10,ST1000000000000,Delaware,2009,3,1.079804709,1.143364929
DE,10,ST1000000000000,Delaware,2009,4,1.074846267,1.022938444
DE,10,ST1000000000000,Delaware,2009,5,1.051611029,1.016896398
DE,10,ST1000000000000,Delaware,2009,6,1.046061648,1.004736695
DE,10,ST1000000000000,Delaware,2009,7,1.062686254,1.116317992
DE,10,ST1000000000000,Delaware,2009,8,1.054043673,1.090414123
DE,10,ST1000000000000,Delaware,2009,9,1.038385968,1.126292592
DE,10,ST1000000000000,Delaware,2009,10,1.049789072,1.088849135
DE,10,ST1000000000000,Delaware,2009,11,1.059740653,1.017023015
DE,10,ST1000000000000,Delaware,2009,12,1.056257998,1.028856964
DE,10,ST1000000000000,Delaware,2010,1,1.082317928,1.070099628
DE,10,ST1000000000000,Delaware,2010,2,1.084130894,1.085255404
DE,10,ST1000000000000,Delaware,2010,3,1.06861372,1.10986217
DE,10,ST1000000000000,Delaware,2010,4,1.055203553,1.007870864
DE,10,ST1000000000000,Delaware,2010,5,1.039360306,1.015739609
DE,10,ST1000000000000,Delaware,2010,6,1.035135633,0.989446663
DE,10,ST1000000000000,Delaware,2010,7,1.045007837,1.082698044
DE,10,ST1000000000000,Delaware,2010,8,1.05073549,1.008023009
DE,10,ST1000000000000,Delaware,2010,9,1.035349521,1.06888089
DE,10,ST1000000000000,Delaware,2010,10,1.043461146,0.960839555
DE,10,ST1000000000000,Delaware,2010,11,1.05733843,1.015933343
DE,10,ST1000000000000,Delaware,2010,12,1.057218366,1.067653891
DE,10,ST1000000000000,Delaware,2011,1,1.080939253,0.961490209
DE,10,ST1000000000000,Delaware,2011,2,1.072788925,1.021912409
DE,10,ST1000000000000,Delaware,2011,3,1.066470868,1.004813588
DE,10,ST1000000000000,Delaware,2011,4,1.059669868,0.959419413
DE,10,ST1000000000000,Delaware,2011,5,1.055560869,1.020453625
DE,10,ST1000000000000,Delaware,2011,6,1.048495026,0.98773059
DE,10,ST1000000000000,Delaware,2011,7,1.058555296,1.046523673
DE,10,ST1000000000000,Delaware,2011,8,1.065494729,1.042968268
DE,10,ST1000000000000,Delaware,2011,9,1.052568608,1.056705351
DE,10,ST1000000000000,Delaware,2011,10,1.07047522,1.028985507
DE,10,ST1000000000000,Delaware,2011,11,1.079888474,0.950750693
DE,10,ST1000000000000,Delaware,2011,12,1.078126103,1.007658822
DE,10,ST1000000000000,Delaware,2012,1,1.099001828,0.960688175
DE,10,ST1000000000000,Delaware,2012,2,1.093506898,1.021915979
DE,10,ST1000000000000,Delaware,2012,3,1.093646554,0.989909308
DE,10,ST1000000000000,Delaware,2012,4,1.086337473,0.931055559
DE,10,ST1000000000000,Delaware,2012,5,1.070247987,1.045628454
DE,10,ST1000000000000,Delaware,2012,6,1.062930422,1.028938207
DE,10,ST1000000000000,Delaware,2012,7,1.066499066,1.051858978
DE,10,ST1000000000000,Delaware,2012,8,1.068841181,1.081172604
DE,10,ST1000000000000,Delaware,2012,9,1.063938983,1.07314558
DE,10,ST1000000000000,Delaware,2012,10,1.082864362,1.108236479
DE,10,ST1000000000000,Delaware,2012,11,1.082431734,1.050009112
DE,10,ST1000000000000,Delaware,2012,12,1.081519987,1.129933852
DE,10,ST1000000000000,Delaware,2013,1,1.097112579,1.091073771
DE,10,ST1000000000000,Delaware,2013,2,1.093806404,1.135467076
DE,10,ST1000000000000,Delaware,2013,3,1.087915054,1.126212597
DE,10,ST1000000000000,Delaware,2013,4,1.086957549,1.130190469
DE,10,ST1000000000000,Delaware,2013,5,1.063348627,1.26172809
DE,10,ST1000000000000,Delaware,2013,6,1.056148641,1.258313073
DE,10,ST1000000000000,Delaware,2013,7,1.055264337,1.238641816
DE,10,ST1000000000000,Delaware,2013,8,1.059972429,1.227301841
FL,12,BS1200000000000,"Balance of Florida, state less Miami-Miami Beach-Kendall MD",2005,1,1.067127991,1.329110708
FL,12,BS1200000000000,"Balance of Florida, state less Miami-Miami Beach-Kendall MD",2005,2,1.063079976,1.208932119
FL,12,BS1200000000000,"Balance of Florida, state less Miami-Miami Beach-Kendall MD",2005,3,1.065778702,1.173217769
FL,12,BS1200000000000,"Balance of Florida, state less Miami-Miami Beach-Kendall MD",2005,4,1.065160684,1.264452482
FL,12,BS1200000000000,"Balance of Florida, state less Miami-Miami Beach-Kendall MD",2005,5,1.074312368,1.136267393
FL,12,BS1200000000000,"Balance of Florida, state less Miami-Miami Beach-Kendall MD",2005,6,1.087747197,1.105766836
FL,12,BS1200000000000,"Balance of Florida, state less Miami-Miami Beach-Kendall MD",2005,7,1.100196516,1.214351562
FL,12,BS1200000000000,"Balance of Florida, state less Miami-Miami Beach-Kendall MD",2005,8,1.087806923,1.102646492
FL,12,BS1200000000000,"Balance of Florida, state less Miami-Miami Beach-Kendall MD",2005,9,1.085357661,1.219241064
FL,12,BS1200000000000,"Balance of Florida, state less Miami-Miami Beach-Kendall MD",2005,10,1.086172253,1.233444733
FL,12,BS1200000000000,"Balance of Florida, state less Miami-Miami Beach-Kendall MD",2005,11,1.073869875,1.289663832
FL,12,BS1200000000000,"Balance of Florida, state less Miami-Miami Beach-Kendall MD",2005,12,1.067581579,1.125139283
FL,12,BS1200000000000,"Balance of Florida, state less Miami-Miami Beach-Kendall MD",2006,1,1.068031195,1.186967603
FL,12,BS1200000000000,"Balance of Florida, state less Miami-Miami Beach-Kendall MD",2006,2,1.065194465,1.109545283
FL,12,BS1200000000000,"Balance of Florida, state less Miami-Miami Beach-Kendall MD",2006,3,1.066600197,1.058154585
FL,12,BS1200000000000,"Balance of Florida, state less Miami-Miami Beach-Kendall MD",2006,4,1.069052479,1.165841888
FL,12,BS1200000000000,"Balance of Florida, state less Miami-Miami Beach-Kendall MD",2006,5,1.073429781,1.114409522
FL,12,BS1200000000000,"Balance of Florida, state less Miami-Miami Beach-Kendall MD",2006,6,1.087721643,1.164709191
FL,12,BS1200000000000,"Balance of Florida, state less Miami-Miami Beach-Kendall MD",2006,7,1.102313851,1.189183451
FL,12,BS1200000000000,"Balance of Florida, state less Miami-Miami Beach-Kendall MD",2006,8,1.087042387,1.229051737
FL,12,BS1200000000000,"Balance of Florida, state less Miami-Miami Beach-Kendall MD",2006,9,1.088841315,1.293976961
FL,12,BS1200000000000,"Balance of Florida, state less Miami-Miami Beach-Kendall MD",2006,10,1.091401043,1.209697808
FL,12,BS1200000000000,"Balance of Florida, state less Miami-Miami Beach-Kendall MD",2006,11,1.078755904,1.34744365
FL,12,BS1200000000000,"Balance of Florida, state less Miami-Miami Beach-Kendall MD",2006,12,1.07624746,1.25620071
FL,12,BS1200000000000,"Balance of Florida, state less Miami-Miami Beach-Kendall MD",2007,1,1.096116324,1.36816426
FL,12,BS1200000000000,"Balance of Florida, state less Miami-Miami Beach-Kendall MD",2007,2,1.09059674,1.248863837
FL,12,BS1200000000000,"Balance of Florida, state less Miami-Miami Beach-Kendall MD",2007,3,1.091115408,1.189494218
FL,12,BS1200000000000,"Balance of Florida, state less Miami-Miami Beach-Kendall MD",2007,4,1.092363318,1.321087518
FL,12,BS1200000000000,"Balance of Florida, state less Miami-Miami Beach-Kendall MD",2007,5,1.098043403,1.239238734
FL,12,BS1200000000000,"Balance of Florida, state less Miami-Miami Beach-Kendall MD",2007,6,1.109731974,1.271840585
FL,12,BS1200000000000,"Balance of Florida, state less Miami-Miami Beach-Kendall MD",2007,7,1.129711226,1.324879158
FL,12,BS1200000000000,"Balance of Florida, state less Miami-Miami Beach-Kendall MD",2007,8,1.109512258,1.330772553
FL,12,BS1200000000000,"Balance of Florida, state less Miami-Miami Beach-Kendall MD",2007,9,1.11308745,1.532531681
FL,12,BS1200000000000,"Balance of Florida, state less Miami-Miami Beach-Kendall MD",2007,10,1.112668278,1.450108864
FL,12,BS1200000000000,"Balance of Florida, state less Miami-Miami Beach-Kendall MD",2007,11,1.102389098,1.418613451
FL,12,BS1200000000000,"Balance of Florida, state less Miami-Miami Beach-Kendall MD",2007,12,1.094631295,1.482226547
FL,12,BS1200000000000,"Balance of Florida, state less Miami-Miami Beach-Kendall MD",2008,1,1.105491249,1.510604225
FL,12,BS1200000000000,"Balance of Florida, state less Miami-Miami Beach-Kendall MD",2008,2,1.094347254,1.430084706
FL,12,BS1200000000000,"Balance of Florida, state less Miami-Miami Beach-Kendall MD",2008,3,1.098426661,1.508753878
FL,12,BS1200000000000,"Balance of Florida, state less Miami-Miami Beach-Kendall MD",2008,4,1.106797919,1.481177723
FL,12,BS1200000000000,"Balance of Florida, state less Miami-Miami Beach-Kendall MD",2008,5,1.110396519,1.432839352
FL,12,BS1200000000000,"Balance of Florida, state less Miami-Miami Beach-Kendall MD",2008,6,1.123883292,1.440953482
FL,12,BS1200000000000,"Balance of Florida, state less Miami-Miami Beach-Kendall MD",2008,7,1.137557375,1.446833227
FL,12,BS1200000000000,"Balance of Florida, state less Miami-Miami Beach-Kendall MD",2008,8,1.136479557,1.517033371
FL,12,BS1200000000000,"Balance of Florida, state less Miami-Miami Beach-Kendall MD",2008,9,1.135493973,1.594153673
FL,12,BS1200000000000,"Balance of Florida, state less Miami-Miami Beach-Kendall MD",2008,10,1.137450179,1.565536394
FL,12,BS1200000000000,"Balance of Florida, state less Miami-Miami Beach-Kendall MD",2008,11,1.124254731,1.576242152
FL,12,BS1200000000000,"Balance of Florida, state less Miami-Miami Beach-Kendall MD",2008,12,1.115132014,1.494129147
FL,12,BS1200000000000,"Balance of Florida, state less Miami-Miami Beach-Kendall MD",2009,1,1.121697802,1.579881816
FL,12,BS1200000000000,"Balance of Florida, state less Miami-Miami Beach-Kendall MD",2009,2,1.116305267,1.52908013
FL,12,BS1200000000000,"Balance of Florida, state less Miami-Miami Beach-Kendall MD",2009,3,1.114132,1.544133106
FL,12,BS1200000000000,"Balance of Florida, state less Miami-Miami Beach-Kendall MD",2009,4,1.119304252,1.476309543
FL,12,BS1200000000000,"Balance of Florida, state less Miami-Miami Beach-Kendall MD",2009,5,1.123272057,1.408693318
FL,12,BS1200000000000,"Balance of Florida, state less Miami-Miami Beach-Kendall MD",2009,6,1.136821058,1.391884457
FL,12,BS1200000000000,"Balance of Florida, state less Miami-Miami Beach-Kendall MD",2009,7,1.15083232,1.375804538
FL,12,BS1200000000000,"Balance of Florida, state less Miami-Miami Beach-Kendall MD",2009,8,1.133521616,1.424585085
FL,12,BS1200000000000,"Balance of Florida, state less Miami-Miami Beach-Kendall MD",2009,9,1.129354791,1.511460889
FL,12,BS1200000000000,"Balance of Florida, state less Miami-Miami Beach-Kendall MD",2009,10,1.122105796,1.465740365
FL,12,BS1200000000000,"Balance of Florida, state less Miami-Miami Beach-Kendall MD",2009,11,1.109003126,1.33961895
FL,12,BS1200000000000,"Balance of Florida, state less Miami-Miami Beach-Kendall MD",2009,12,1.101926252,1.370770761
FL,12,BS1200000000000,"Balance of Florida, state less Miami-Miami Beach-Kendall MD",2010,1,1.114421273,1.398593688
FL,12,BS1200000000000,"Balance of Florida, state less Miami-Miami Beach-Kendall MD",2010,2,1.112678964,1.357262727
FL,12,BS1200000000000,"Balance of Florida, state less Miami-Miami Beach-Kendall MD",2010,3,1.116195294,1.38468898
FL,12,BS1200000000000,"Balance of Florida, state less Miami-Miami Beach-Kendall MD",2010,4,1.120376611,1.387057625
FL,12,BS1200000000000,"Balance of Florida, state less Miami-Miami Beach-Kendall MD",2010,5,1.120525628,1.414203867
FL,12,BS1200000000000,"Balance of Florida, state less Miami-Miami Beach-Kendall MD",2010,6,1.13596249,1.391568614
FL,12,BS1200000000000,"Balance of Florida, state less Miami-Miami Beach-Kendall MD",2010,7,1.149687777,1.356890459
FL,12,BS1200000000000,"Balance of Florida, state less Miami-Miami Beach-Kendall MD",2010,8,1.141424386,1.367579772
FL,12,BS1200000000000,"Balance of Florida, state less Miami-Miami Beach-Kendall MD",2010,9,1.146233129,1.412705238
FL,12,BS1200000000000,"Balance of Florida, state less Miami-Miami Beach-Kendall MD",2010,10,1.132233553,1.374460693
FL,12,BS1200000000000,"Balance of Florida, state less Miami-Miami Beach-Kendall MD",2010,11,1.118007758,1.335070877
FL,12,BS1200000000000,"Balance of Florida, state less Miami-Miami Beach-Kendall MD",2010,12,1.117215307,1.303867896
FL,12,BS1200000000000,"Balance of Florida, state less Miami-Miami Beach-Kendall MD",2011,1,1.126376323,1.301715263
FL,12,BS1200000000000,"Balance of Florida, state less Miami-Miami Beach-Kendall MD",2011,2,1.124755732,1.317488537
FL,12,BS1200000000000,"Balance of Florida, state less Miami-Miami Beach-Kendall MD",2011,3,1.128296837,1.312764408
FL,12,BS1200000000000,"Balance of Florida, state less Miami-Miami Beach-Kendall MD",2011,4,1.124634375,1.344332422
FL,12,BS1200000000000,"Balance of Florida, state less Miami-Miami Beach-Kendall MD",2011,5,1.135369349,1.320770622
FL,12,BS1200000000000,"Balance of Florida, state less Miami-Miami Beach-Kendall MD",2011,6,1.148960275,1.358335293
FL,12,BS1200000000000,"Balance of Florida, state less Miami-Miami Beach-Kendall MD",2011,7,1.159754734,1.34520659
FL,12,BS1200000000000,"Balance of Florida, state less Miami-Miami Beach-Kendall MD",2011,8,1.150411123,1.355636092
FL,12,BS1200000000000,"Balance of Florida, state less Miami-Miami Beach-Kendall MD",2011,9,1.15555168,1.427838979
FL,12,BS1200000000000,"Balance of Florida, state less Miami-Miami Beach-Kendall MD",2011,10,1.148624926,1.441667698
FL,12,BS1200000000000,"Balance of Florida, state less Miami-Miami Beach-Kendall MD",2011,11,1.136156484,1.267747517
FL,12,BS1200000000000,"Balance of Florida, state less Miami-Miami Beach-Kendall MD",2011,12,1.134826527,1.282189073
FL,12,BS1200000000000,"Balance of Florida, state less Miami-Miami Beach-Kendall MD",2012,1,1.137889603,1.311224916
FL,12,BS1200000000000,"Balance of Florida, state less Miami-Miami Beach-Kendall MD",2012,2,1.14005612,1.355933386
FL,12,BS1200000000000,"Balance of Florida, state less Miami-Miami Beach-Kendall MD",2012,3,1.140331437,1.321659368
FL,12,BS1200000000000,"Balance of Florida, state less Miami-Miami Beach-Kendall MD",2012,4,1.13832825,1.285533328
FL,12,BS1200000000000,"Balance of Florida, state less Miami-Miami Beach-Kendall MD",2012,5,1.149105476,1.265867915
FL,12,BS1200000000000,"Balance of Florida, state less Miami-Miami Beach-Kendall MD",2012,6,1.161478006,1.365247374
FL,12,BS1200000000000,"Balance of Florida, state less Miami-Miami Beach-Kendall MD",2012,7,1.174522131,1.327415508
FL,12,BS1200000000000,"Balance of Florida, state less Miami-Miami Beach-Kendall MD",2012,8,1.161454735,1.38395437
FL,12,BS1200000000000,"Balance of Florida, state less Miami-Miami Beach-Kendall MD",2012,9,1.169754518,1.286463005
FL,12,BS1200000000000,"Balance of Florida, state less Miami-Miami Beach-Kendall MD",2012,10,1.164806205,1.313593167
FL,12,BS1200000000000,"Balance of Florida, state less Miami-Miami Beach-Kendall MD",2012,11,1.145853466,1.221263855
FL,12,BS1200000000000,"Balance of Florida, state less Miami-Miami Beach-Kendall MD",2012,12,1.144209911,1.21484465
FL,12,BS1200000000000,"Balance of Florida, state less Miami-Miami Beach-Kendall MD",2013,1,1.148335112,1.260660765
FL,12,BS1200000000000,"Balance of Florida, state less Miami-Miami Beach-Kendall MD",2013,2,1.151600953,1.264267386
FL,12,BS1200000000000,"Balance of Florida, state less Miami-Miami Beach-Kendall MD",2013,3,1.153160911,1.211161476
FL,12,BS1200000000000,"Balance of Florida, state less Miami-Miami Beach-Kendall MD",2013,4,1.155179657,1.230874782
FL,12,BS1200000000000,"Balance of Florida, state less Miami-Miami Beach-Kendall MD",2013,5,1.164948098,1.232063515
FL,12,BS1200000000000,"Balance of Florida, state less Miami-Miami Beach-Kendall MD",2013,6,1.175771879,1.266976968
FL,12,BS1200000000000,"Balance of Florida, state less Miami-Miami Beach-Kendall MD",2013,7,1.18266483,1.244466272
FL,12,BS1200000000000,"Balance of Florida, state less Miami-Miami Beach-Kendall MD",2013,8,1.173166012,1.362299385
GA,13,ST1300000000000,Georgia,2005,1,1.116856942,1.5423553
GA,13,ST1300000000000,Georgia,2005,2,1.113997061,1.716659936
GA,13,ST1300000000000,Georgia,2005,3,1.118468239,1.582944992
GA,13,ST1300000000000,Georgia,2005,4,1.108697285,1.717850623
GA,13,ST1300000000000,Georgia,2005,5,1.110424322,1.443737892
GA,13,ST1300000000000,Georgia,2005,6,1.113767182,1.330016153
GA,13,ST1300000000000,Georgia,2005,7,1.125414321,1.391084024
GA,13,ST1300000000000,Georgia,2005,8,1.116733986,1.46516937
GA,13,ST1300000000000,Georgia,2005,9,1.112738725,1.401791068
GA,13,ST1300000000000,Georgia,2005,10,1.11919678,1.384147795
GA,13,ST1300000000000,Georgia,2005,11,1.119988201,1.435562531
GA,13,ST1300000000000,Georgia,2005,12,1.123581127,1.395269345
GA,13,ST1300000000000,Georgia,2006,1,1.125421971,1.364286386
GA,13,ST1300000000000,Georgia,2006,2,1.121347868,1.487821166
GA,13,ST1300000000000,Georgia,2006,3,1.122861468,1.543488318
GA,13,ST1300000000000,Georgia,2006,4,1.11963859,1.633551806
GA,13,ST1300000000000,Georgia,2006,5,1.117977972,1.371441783
GA,13,ST1300000000000,Georgia,2006,6,1.118733425,1.249667155
GA,13,ST1300000000000,Georgia,2006,7,1.132335523,1.315997418
GA,13,ST1300000000000,Georgia,2006,8,1.118378656,1.346370209
GA,13,ST1300000000000,Georgia,2006,9,1.118503023,1.281904423
GA,13,ST1300000000000,Georgia,2006,10,1.118727117,1.276171053
GA,13,ST1300000000000,Georgia,2006,11,1.119172864,1.389291038
GA,13,ST1300000000000,Georgia,2006,12,1.126659966,1.307630162
GA,13,ST1300000000000,Georgia,2007,1,1.140954053,1.38022709
GA,13,ST1300000000000,Georgia,2007,2,1.132451466,1.511604096
GA,13,ST1300000000000,Georgia,2007,3,1.13464649,1.490085024
GA,13,ST1300000000000,Georgia,2007,4,1.125542269,1.434614793
GA,13,ST1300000000000,Georgia,2007,5,1.122158689,1.286164201
GA,13,ST1300000000000,Georgia,2007,6,1.12580292,1.252840056
GA,13,ST1300000000000,Georgia,2007,7,1.136560176,1.28646013
GA,13,ST1300000000000,Georgia,2007,8,1.122437374,1.276375476
GA,13,ST1300000000000,Georgia,2007,9,1.124680151,1.28930761
GA,13,ST1300000000000,Georgia,2007,10,1.125854717,1.31435679
GA,13,ST1300000000000,Georgia,2007,11,1.133217771,1.434732824
GA,13,ST1300000000000,Georgia,2007,12,1.135081164,1.492232323
GA,13,ST1300000000000,Georgia,2008,1,1.144659093,1.436049185
GA,13,ST1300000000000,Georgia,2008,2,1.133762694,1.467104724
GA,13,ST1300000000000,Georgia,2008,3,1.138636855,1.580944434
GA,13,ST1300000000000,Georgia,2008,4,1.134491357,1.47661477
GA,13,ST1300000000000,Georgia,2008,5,1.128981097,1.46826406
GA,13,ST1300000000000,Georgia,2008,6,1.127364844,1.435556484
GA,13,ST1300000000000,Georgia,2008,7,1.139550503,1.383196815
GA,13,ST1300000000000,Georgia,2008,8,1.12344907,1.336151096
GA,13,ST1300000000000,Georgia,2008,9,1.124595612,1.399088164
GA,13,ST1300000000000,Georgia,2008,10,1.128712394,1.311575818
GA,13,ST1300000000000,Georgia,2008,11,1.131069904,1.454271017
GA,13,ST1300000000000,Georgia,2008,12,1.128954176,1.495283886
GA,13,ST1300000000000,Georgia,2009,1,1.140328415,1.480425742
GA,13,ST1300000000000,Georgia,2009,2,1.13584125,1.345059671
GA,13,ST1300000000000,Georgia,2009,3,1.132417903,1.456409829
GA,13,ST1300000000000,Georgia,2009,4,1.13143394,1.294246866
GA,13,ST1300000000000,Georgia,2009,5,1.125393601,1.366986082
GA,13,ST1300000000000,Georgia,2009,6,1.118784664,1.30393026
GA,13,ST1300000000000,Georgia,2009,7,1.138608192,1.269706205
GA,13,ST1300000000000,Georgia,2009,8,1.125524893,1.237874949
GA,13,ST1300000000000,Georgia,2009,9,1.126118293,1.289751867
GA,13,ST1300000000000,Georgia,2009,10,1.123332482,1.215279503
GA,13,ST1300000000000,Georgia,2009,11,1.125815825,1.287607064
GA,13,ST1300000000000,Georgia,2009,12,1.124111058,1.298298303
GA,13,ST1300000000000,Georgia,2010,1,1.1366686,1.280375637
GA,13,ST1300000000000,Georgia,2010,2,1.133937694,1.24339101
GA,13,ST1300000000000,Georgia,2010,3,1.136851652,1.288115443
GA,13,ST1300000000000,Georgia,2010,4,1.129601749,1.251381619
GA,13,ST1300000000000,Georgia,2010,5,1.119857022,1.305631189
GA,13,ST1300000000000,Georgia,2010,6,1.119802491,1.261809674
GA,13,ST1300000000000,Georgia,2010,7,1.129106849,1.300328329
GA,13,ST1300000000000,Georgia,2010,8,1.122078447,1.227767266
GA,13,ST1300000000000,Georgia,2010,9,1.127933897,1.303531972
GA,13,ST1300000000000,Georgia,2010,10,1.116510033,1.216974398
GA,13,ST1300000000000,Georgia,2010,11,1.119403247,1.271896166
GA,13,ST1300000000000,Georgia,2010,12,1.126894741,1.232209823
GA,13,ST1300000000000,Georgia,2011,1,1.142776524,1.236880096
GA,13,ST1300000000000,Georgia,2011,2,1.132874441,1.203182639
GA,13,ST1300000000000,Georgia,2011,3,1.131017555,1.257255477
GA,13,ST1300000000000,Georgia,2011,4,1.124727893,1.222527413
GA,13,ST1300000000000,Georgia,2011,5,1.122990748,1.315233102
GA,13,ST1300000000000,Georgia,2011,6,1.116322282,1.261309938
GA,13,ST1300000000000,Georgia,2011,7,1.128080842,1.341250463
GA,13,ST1300000000000,Georgia,2011,8,1.121162242,1.301579948
GA,13,ST1300000000000,Georgia,2011,9,1.129046918,1.286028115
GA,13,ST1300000000000,Georgia,2011,10,1.123307631,1.284096353
GA,13,ST1300000000000,Georgia,2011,11,1.127620038,1.249668321
GA,13,ST1300000000000,Georgia,2011,12,1.131913753,1.187026514
GA,13,ST1300000000000,Georgia,2012,1,1.137836999,1.234680538
GA,13,ST1300000000000,Georgia,2012,2,1.13941699,1.207713694
GA,13,ST1300000000000,Georgia,2012,3,1.136681213,1.189434113
GA,13,ST1300000000000,Georgia,2012,4,1.128938359,1.133498862
GA,13,ST1300000000000,Georgia,2012,5,1.123641641,1.21145407
GA,13,ST1300000000000,Georgia,2012,6,1.120322059,1.220453977
GA,13,ST1300000000000,Georgia,2012,7,1.134383498,1.225298784
GA,13,ST1300000000000,Georgia,2012,8,1.124872953,1.267976163
GA,13,ST1300000000000,Georgia,2012,9,1.138673755,1.245885833
GA,13,ST1300000000000,Georgia,2012,10,1.136912949,1.299921679
GA,13,ST1300000000000,Georgia,2012,11,1.131675903,1.240283282
GA,13,ST1300000000000,Georgia,2012,12,1.135590504,1.228003726
GA,13,ST1300000000000,Georgia,2013,1,1.146342795,1.275635605
GA,13,ST1300000000000,Georgia,2013,2,1.139226283,1.258501396
GA,13,ST1300000000000,Georgia,2013,3,1.138339406,1.265077922
GA,13,ST1300000000000,Georgia,2013,4,1.133298404,1.219318817
GA,13,ST1300000000000,Georgia,2013,5,1.128285687,1.267658268
GA,13,ST1300000000000,Georgia,2013,6,1.116587085,1.27373042
GA,13,ST1300000000000,Georgia,2013,7,1.121395585,1.242447548
GA,13,ST1300000000000,Georgia,2013,8,1.113813257,1.319903405
HI,15,ST1500000000000,Hawaii,2005,1,1.054701696,0.957934148
HI,15,ST1500000000000,Hawaii,2005,2,1.042765549,0.920012936
HI,15,ST1500000000000,Hawaii,2005,3,1.039801953,0.975562813
HI,15,ST1500000000000,Hawaii,2005,4,1.046370705,0.895255243
HI,15,ST1500000000000,Hawaii,2005,5,1.039693591,0.996664989
HI,15,ST1500000000000,Hawaii,2005,6,1.037067017,1.044114708
HI,15,ST1500000000000,Hawaii,2005,7,1.060962545,1.041472846
HI,15,ST1500000000000,Hawaii,2005,8,1.047651025,1.009333097
HI,15,ST1500000000000,Hawaii,2005,9,1.039010761,1.105319023
HI,15,ST1500000000000,Hawaii,2005,10,1.041669997,0.930243364
HI,15,ST1500000000000,Hawaii,2005,11,1.037657003,1.099519941
HI,15,ST1500000000000,Hawaii,2005,12,1.029484308,0.935083339
HI,15,ST1500000000000,Hawaii,2006,1,1.049891797,0.984009024
HI,15,ST1500000000000,Hawaii,2006,2,1.032151117,0.948656339
HI,15,ST1500000000000,Hawaii,2006,3,1.029211403,1.062154696
HI,15,ST1500000000000,Hawaii,2006,4,1.036449877,0.896022141
HI,15,ST1500000000000,Hawaii,2006,5,1.025611403,0.954444244
HI,15,ST1500000000000,Hawaii,2006,6,1.023773191,1.040437487
HI,15,ST1500000000000,Hawaii,2006,7,1.050049619,1.052462219
HI,15,ST1500000000000,Hawaii,2006,8,1.03411168,1.004896907
HI,15,ST1500000000000,Hawaii,2006,9,1.023041322,0.999487803
HI,15,ST1500000000000,Hawaii,2006,10,1.026005486,0.872909699
HI,15,ST1500000000000,Hawaii,2006,11,1.018599832,0.973298429
HI,15,ST1500000000000,Hawaii,2006,12,1.021876466,0.906930536
HI,15,ST1500000000000,Hawaii,2007,1,1.045681006,1.064553991
HI,15,ST1500000000000,Hawaii,2007,2,1.029313683,0.959479675
HI,15,ST1500000000000,Hawaii,2007,3,1.026493692,0.98795721
HI,15,ST1500000000000,Hawaii,2007,4,1.037315669,0.907142857
HI,15,ST1500000000000,Hawaii,2007,5,1.021192393,0.936630407
HI,15,ST1500000000000,Hawaii,2007,6,1.013947741,1.05059109
HI,15,ST1500000000000,Hawaii,2007,7,1.034836147,1.045021216
HI,15,ST1500000000000,Hawaii,2007,8,1.020583302,1.116874136
HI,15,ST1500000000000,Hawaii,2007,9,1.015132556,1.206523124
HI,15,ST1500000000000,Hawaii,2007,10,1.010629369,1.066045934
HI,15,ST1500000000000,Hawaii,2007,11,1.015345423,1.004743583
HI,15,ST1500000000000,Hawaii,2007,12,1.01221542,1.037951772
HI,15,ST1500000000000,Hawaii,2008,1,1.041775457,1.039846867
HI,15,ST1500000000000,Hawaii,2008,2,1.026309918,0.97467886
HI,15,ST1500000000000,Hawaii,2008,3,1.028391536,1.157718522
HI,15,ST1500000000000,Hawaii,2008,4,1.042043375,1.023961981
HI,15,ST1500000000000,Hawaii,2008,5,1.026268395,1.098578063
HI,15,ST1500000000000,Hawaii,2008,6,1.024502368,1.1241567
HI,15,ST1500000000000,Hawaii,2008,7,1.044948302,1.093243716
HI,15,ST1500000000000,Hawaii,2008,8,1.034380023,1.269526758
HI,15,ST1500000000000,Hawaii,2008,9,1.025226858,1.234299615
HI,15,ST1500000000000,Hawaii,2008,10,1.029628702,1.208416673
HI,15,ST1500000000000,Hawaii,2008,11,1.023314528,1.072817556
HI,15,ST1500000000000,Hawaii,2008,12,1.02409195,1.121746684
HI,15,ST1500000000000,Hawaii,2009,1,1.038989108,1.112881502
HI,15,ST1500000000000,Hawaii,2009,2,1.030204149,1.125413091
HI,15,ST1500000000000,Hawaii,2009,3,1.022486879,1.236788381
HI,15,ST1500000000000,Hawaii,2009,4,1.04002237,1.145113715
HI,15,ST1500000000000,Hawaii,2009,5,1.030293943,1.17429944
HI,15,ST1500000000000,Hawaii,2009,6,1.027963853,1.225895385
HI,15,ST1500000000000,Hawaii,2009,7,1.054276568,1.206685585
HI,15,ST1500000000000,Hawaii,2009,8,1.044748127,1.249585727
HI,15,ST1500000000000,Hawaii,2009,9,1.034243982,1.126773178
HI,15,ST1500000000000,Hawaii,2009,10,1.030435195,1.054406679
HI,15,ST1500000000000,Hawaii,2009,11,1.034056236,1.027535991
HI,15,ST1500000000000,Hawaii,2009,12,1.02689762,1.046053788
HI,15,ST1500000000000,Hawaii,2010,1,1.055167945,0.948069689
HI,15,ST1500000000000,Hawaii,2010,2,1.049497072,1.015020557
HI,15,ST1500000000000,Hawaii,2010,3,1.050766995,1.079095906
HI,15,ST1500000000000,Hawaii,2010,4,1.065467222,1.031729735
HI,15,ST1500000000000,Hawaii,2010,5,1.055438091,1.059870306
HI,15,ST1500000000000,Hawaii,2010,6,1.059560021,1.10052861
HI,15,ST1500000000000,Hawaii,2010,7,1.079389728,1.013402813
HI,15,ST1500000000000,Hawaii,2010,8,1.081272532,1.067885055
HI,15,ST1500000000000,Hawaii,2010,9,1.068893204,1.098345656
HI,15,ST1500000000000,Hawaii,2010,10,1.058373122,0.945436486
HI,15,ST1500000000000,Hawaii,2010,11,1.055992216,1.140999822
HI,15,ST1500000000000,Hawaii,2010,12,1.060238055,1.01998165
HI,15,ST1500000000000,Hawaii,2011,1,1.084072292,0.995964394
HI,15,ST1500000000000,Hawaii,2011,2,1.075890509,0.998645308
HI,15,ST1500000000000,Hawaii,2011,3,1.073771699,1.089907101
HI,15,ST1500000000000,Hawaii,2011,4,1.087181165,1.061145449
HI,15,ST1500000000000,Hawaii,2011,5,1.072028352,1.086442738
HI,15,ST1500000000000,Hawaii,2011,6,1.067284377,1.211662029
HI,15,ST1500000000000,Hawaii,2011,7,1.081689104,1.069795028
HI,15,ST1500000000000,Hawaii,2011,8,1.078341054,1.083017298
HI,15,ST1500000000000,Hawaii,2011,9,1.062857143,1.054732122
HI,15,ST1500000000000,Hawaii,2011,10,1.053781489,0.968814969
HI,15,ST1500000000000,Hawaii,2011,11,1.051374781,1.050609185
HI,15,ST1500000000000,Hawaii,2011,12,1.045708055,0.994597885
HI,15,ST1500000000000,Hawaii,2012,1,1.076454165,1.050884673
HI,15,ST1500000000000,Hawaii,2012,2,1.066711531,1.05882044
HI,15,ST1500000000000,Hawaii,2012,3,1.05997895,1.009464196
HI,15,ST1500000000000,Hawaii,2012,4,1.055194805,1.012343011
HI,15,ST1500000000000,Hawaii,2012,5,1.04266238,1.001715489
HI,15,ST1500000000000,Hawaii,2012,6,1.029795271,1.11616277
HI,15,ST1500000000000,Hawaii,2012,7,1.056099343,1.029620944
HI,15,ST1500000000000,Hawaii,2012,8,1.04448156,1.042973124
HI,15,ST1500000000000,Hawaii,2012,9,1.04526002,0.997366597
HI,15,ST1500000000000,Hawaii,2012,10,1.038454642,0.892666443
HI,15,ST1500000000000,Hawaii,2012,11,1.027586276,0.916529127
HI,15,ST1500000000000,Hawaii,2012,12,1.042914049,0.900859698
HI,15,ST1500000000000,Hawaii,2013,1,1.059759313,0.924727438
HI,15,ST1500000000000,Hawaii,2013,2,1.058777629,0.975822878
HI,15,ST1500000000000,Hawaii,2013,3,1.043522633,0.973163368
HI,15,ST1500000000000,Hawaii,2013,4,1.051671158,0.976772658
HI,15,ST1500000000000,Hawaii,2013,5,1.049565587,0.878643574
HI,15,ST1500000000000,Hawaii,2013,6,1.041115934,1.006679788
HI,15,ST1500000000000,Hawaii,2013,7,1.043824289,0.917574682
HI,15,ST1500000000000,Hawaii,2013,8,1.050707404,0.888498654
ID,16,ST1600000000000,Idaho,2005,1,1.044917429,0.997645339
ID,16,ST1600000000000,Idaho,2005,2,1.043640665,1.022434288
ID,16,ST1600000000000,Idaho,2005,3,1.03337175,1.045231608
ID,16,ST1600000000000,Idaho,2005,4,1.018127621,1.069254428
ID,16,ST1600000000000,Idaho,2005,5,1.0243285,0.836796449
ID,16,ST1600000000000,Idaho,2005,6,1.019010244,0.743096166
ID,16,ST1600000000000,Idaho,2005,7,1.019929389,0.868839584
ID,16,ST1600000000000,Idaho,2005,8,1.015618814,0.968445787
ID,16,ST1600000000000,Idaho,2005,9,1.00496738,0.91120283
ID,16,ST1600000000000,Idaho,2005,10,1.010979396,0.869800473
ID,16,ST1600000000000,Idaho,2005,11,1.017291659,0.979096045
ID,16,ST1600000000000,Idaho,2005,12,1.024211476,1.063522356
ID,16,ST1600000000000,Idaho,2006,1,1.040361783,0.908062235
ID,16,ST1600000000000,Idaho,2006,2,1.0368232,0.881786942
ID,16,ST1600000000000,Idaho,2006,3,1.024859681,0.906926407
ID,16,ST1600000000000,Idaho,2006,4,1.004608079,0.888290423
ID,16,ST1600000000000,Idaho,2006,5,1.002658988,0.73654169
ID,16,ST1600000000000,Idaho,2006,6,0.997678209,0.678036606
ID,16,ST1600000000000,Idaho,2006,7,1.000899356,0.851650302
ID,16,ST1600000000000,Idaho,2006,8,0.99283399,0.900450093
ID,16,ST1600000000000,Idaho,2006,9,0.988870363,0.847440663
ID,16,ST1600000000000,Idaho,2006,10,1.001773236,0.83807346
ID,16,ST1600000000000,Idaho,2006,11,1.009882532,0.877514642
ID,16,ST1600000000000,Idaho,2006,12,1.016199249,0.877085506
ID,16,ST1600000000000,Idaho,2007,1,1.025902578,0.878433821
ID,16,ST1600000000000,Idaho,2007,2,1.019253171,0.787686503
ID,16,ST1600000000000,Idaho,2007,3,1.010071236,0.806948698
ID,16,ST1600000000000,Idaho,2007,4,0.996785664,0.801397308
ID,16,ST1600000000000,Idaho,2007,5,0.994765385,0.791389094
ID,16,ST1600000000000,Idaho,2007,6,0.992150277,0.69968727
ID,16,ST1600000000000,Idaho,2007,7,1.003873839,0.898621711
ID,16,ST1600000000000,Idaho,2007,8,0.990431685,1.022428748
ID,16,ST1600000000000,Idaho,2007,9,0.989865053,0.97860828
ID,16,ST1600000000000,Idaho,2007,10,0.996965553,0.995328222
ID,16,ST1600000000000,Idaho,2007,11,1.006227494,1.010239607
ID,16,ST1600000000000,Idaho,2007,12,1.008300023,0.961500136
ID,16,ST1600000000000,Idaho,2008,1,1.029806417,1.198805236
ID,16,ST1600000000000,Idaho,2008,2,1.019176103,1.026521185
ID,16,ST1600000000000,Idaho,2008,3,1.015584593,1.109943277
ID,16,ST1600000000000,Idaho,2008,4,0.999831281,1.140281318
ID,16,ST1600000000000,Idaho,2008,5,0.993428171,1.128217127
ID,16,ST1600000000000,Idaho,2008,6,0.991909492,1.152141434
ID,16,ST1600000000000,Idaho,2008,7,0.99347705,1.267750724
ID,16,ST1600000000000,Idaho,2008,8,0.984751159,1.355137802
ID,16,ST1600000000000,Idaho,2008,9,0.982261321,1.152157738
ID,16,ST1600000000000,Idaho,2008,10,0.995321654,1.305888768
ID,16,ST1600000000000,Idaho,2008,11,1.006737749,1.313359934
ID,16,ST1600000000000,Idaho,2008,12,1.010727763,1.134677606
ID,16,ST1600000000000,Idaho,2009,1,1.053990656,1.087189113
ID,16,ST1600000000000,Idaho,2009,2,1.047706429,1.017352439
ID,16,ST1600000000000,Idaho,2009,3,1.040198534,0.963754261
ID,16,ST1600000000000,Idaho,2009,4,1.029929517,0.935141759
ID,16,ST1600000000000,Idaho,2009,5,1.023988131,0.999723247
ID,16,ST1600000000000,Idaho,2009,6,1.022328788,0.971372081
ID,16,ST1600000000000,Idaho,2009,7,1.027436162,0.976799088
ID,16,ST1600000000000,Idaho,2009,8,1.015372125,1.054428625
ID,16,ST1600000000000,Idaho,2009,9,1.005478519,1.071259116
ID,16,ST1600000000000,Idaho,2009,10,1.011425304,1.122364762
ID,16,ST1600000000000,Idaho,2009,11,1.020362671,1.194361814
ID,16,ST1600000000000,Idaho,2009,12,1.01977263,1.113534125
ID,16,ST1600000000000,Idaho,2010,1,1.046010782,1.164948869
ID,16,ST1600000000000,Idaho,2010,2,1.041669917,1.128383205
ID,16,ST1600000000000,Idaho,2010,3,1.036917759,1.160999916
ID,16,ST1600000000000,Idaho,2010,4,1.035626,1.16056937
ID,16,ST1600000000000,Idaho,2010,5,1.029043177,1.105410572
ID,16,ST1600000000000,Idaho,2010,6,1.030701971,1.098359266
ID,16,ST1600000000000,Idaho,2010,7,1.02834459,1.072817307
ID,16,ST1600000000000,Idaho,2010,8,1.023627341,1.11603278
ID,16,ST1600000000000,Idaho,2010,9,1.018999348,1.047140681
ID,16,ST1600000000000,Idaho,2010,10,1.019864707,1.093256444
ID,16,ST1600000000000,Idaho,2010,11,1.027889918,1.206120248
ID,16,ST1600000000000,Idaho,2010,12,1.037234493,1.073652302
ID,16,ST1600000000000,Idaho,2011,1,1.056871855,1.073102196
ID,16,ST1600000000000,Idaho,2011,2,1.052393529,1.05176957
ID,16,ST1600000000000,Idaho,2011,3,1.050509151,1.123026369
ID,16,ST1600000000000,Idaho,2011,4,1.035025788,1.097125867
ID,16,ST1600000000000,Idaho,2011,5,1.033586073,1.153357532
ID,16,ST1600000000000,Idaho,2011,6,1.035027217,1.038219499
ID,16,ST1600000000000,Idaho,2011,7,1.034608866,1.083972399
ID,16,ST1600000000000,Idaho,2011,8,1.026836563,1.132522233
ID,16,ST1600000000000,Idaho,2011,9,1.022901895,1.064787662
ID,16,ST1600000000000,Idaho,2011,10,1.029201414,1.088197635
ID,16,ST1600000000000,Idaho,2011,11,1.038961628,1.101039196
ID,16,ST1600000000000,Idaho,2011,12,1.045826043,1.062808275
ID,16,ST1600000000000,Idaho,2012,1,1.070470462,1.068538531
ID,16,ST1600000000000,Idaho,2012,2,1.068205007,0.983115238
ID,16,ST1600000000000,Idaho,2012,3,1.059860332,1.064083153
ID,16,ST1600000000000,Idaho,2012,4,1.046330768,1.009451257
ID,16,ST1600000000000,Idaho,2012,5,1.040383588,0.937007593
ID,16,ST1600000000000,Idaho,2012,6,1.040334508,0.998841294
ID,16,ST1600000000000,Idaho,2012,7,1.039879493,1.101192064
ID,16,ST1600000000000,Idaho,2012,8,1.027564716,1.016897111
ID,16,ST1600000000000,Idaho,2012,9,1.025323458,0.937301698
ID,16,ST1600000000000,Idaho,2012,10,1.032100703,1.012063451
ID,16,ST1600000000000,Idaho,2012,11,1.040327309,0.987615523
ID,16,ST1600000000000,Idaho,2012,12,1.047720535,0.9910009
ID,16,ST1600000000000,Idaho,2013,1,1.065266892,1.08478935
ID,16,ST1600000000000,Idaho,2013,2,1.05672906,1.047040129
ID,16,ST1600000000000,Idaho,2013,3,1.053122101,1.074524793
ID,16,ST1600000000000,Idaho,2013,4,1.045019503,0.983569231
ID,16,ST1600000000000,Idaho,2013,5,1.033832572,0.923676328
ID,16,ST1600000000000,Idaho,2013,6,1.034571501,1.050727973
ID,16,ST1600000000000,Idaho,2013,7,1.035880124,1.243021096
ID,16,ST1600000000000,Idaho,2013,8,1.024587493,1.211372549
IL,17,BS1700000000000,"Balance of Illinois, state less Chicago-Joliet-Naperville MD",2005,1,1.040944805,1.062874764
IL,17,BS1700000000000,"Balance of Illinois, state less Chicago-Joliet-Naperville MD",2005,2,1.032038107,1.102442392
IL,17,BS1700000000000,"Balance of Illinois, state less Chicago-Joliet-Naperville MD",2005,3,1.033071865,1.005917682
IL,17,BS1700000000000,"Balance of Illinois, state less Chicago-Joliet-Naperville MD",2005,4,1.028683366,1.029748284
IL,17,BS1700000000000,"Balance of Illinois, state less Chicago-Joliet-Naperville MD",2005,5,1.032520271,0.987029831
IL,17,BS1700000000000,"Balance of Illinois, state less Chicago-Joliet-Naperville MD",2005,6,1.04420505,0.966785291
IL,17,BS1700000000000,"Balance of Illinois, state less Chicago-Joliet-Naperville MD",2005,7,1.052286441,0.993810372
IL,17,BS1700000000000,"Balance of Illinois, state less Chicago-Joliet-Naperville MD",2005,8,1.053160039,1.096195042
IL,17,BS1700000000000,"Balance of Illinois, state less Chicago-Joliet-Naperville MD",2005,9,1.044217641,1.103092784
IL,17,BS1700000000000,"Balance of Illinois, state less Chicago-Joliet-Naperville MD",2005,10,1.051627916,1.139050791
IL,17,BS1700000000000,"Balance of Illinois, state less Chicago-Joliet-Naperville MD",2005,11,1.043880997,1.133118904
IL,17,BS1700000000000,"Balance of Illinois, state less Chicago-Joliet-Naperville MD",2005,12,1.053272461,1.095317891
IL,17,BS1700000000000,"Balance of Illinois, state less Chicago-Joliet-Naperville MD",2006,1,1.061986356,1.108012969
IL,17,BS1700000000000,"Balance of Illinois, state less Chicago-Joliet-Naperville MD",2006,2,1.060122007,1.144994246
IL,17,BS1700000000000,"Balance of Illinois, state less Chicago-Joliet-Naperville MD",2006,3,1.057750014,1.130475207
IL,17,BS1700000000000,"Balance of Illinois, state less Chicago-Joliet-Naperville MD",2006,4,1.049300493,1.138767302
IL,17,BS1700000000000,"Balance of Illinois, state less Chicago-Joliet-Naperville MD",2006,5,1.050464658,1.030553865
IL,17,BS1700000000000,"Balance of Illinois, state less Chicago-Joliet-Naperville MD",2006,6,1.057549839,1.012570576
IL,17,BS1700000000000,"Balance of Illinois, state less Chicago-Joliet-Naperville MD",2006,7,1.064472032,1.089051919
IL,17,BS1700000000000,"Balance of Illinois, state less Chicago-Joliet-Naperville MD",2006,8,1.069850922,1.160807688
IL,17,BS1700000000000,"Balance of Illinois, state less Chicago-Joliet-Naperville MD",2006,9,1.06724121,1.105101905
IL,17,BS1700000000000,"Balance of Illinois, state less Chicago-Joliet-Naperville MD",2006,10,1.070944207,1.063520373
IL,17,BS1700000000000,"Balance of Illinois, state less Chicago-Joliet-Naperville MD",2006,11,1.072556868,1.05032022
IL,17,BS1700000000000,"Balance of Illinois, state less Chicago-Joliet-Naperville MD",2006,12,1.067167858,1.04766912
IL,17,BS1700000000000,"Balance of Illinois, state less Chicago-Joliet-Naperville MD",2007,1,1.068759382,1.176782618
IL,17,BS1700000000000,"Balance of Illinois, state less Chicago-Joliet-Naperville MD",2007,2,1.064663784,1.11297528
IL,17,BS1700000000000,"Balance of Illinois, state less Chicago-Joliet-Naperville MD",2007,3,1.063424989,1.126267583
IL,17,BS1700000000000,"Balance of Illinois, state less Chicago-Joliet-Naperville MD",2007,4,1.061414036,1.161969319
IL,17,BS1700000000000,"Balance of Illinois, state less Chicago-Joliet-Naperville MD",2007,5,1.056964065,1.113483008
IL,17,BS1700000000000,"Balance of Illinois, state less Chicago-Joliet-Naperville MD",2007,6,1.067850053,1.12930943
IL,17,BS1700000000000,"Balance of Illinois, state less Chicago-Joliet-Naperville MD",2007,7,1.073602466,1.230967309
IL,17,BS1700000000000,"Balance of Illinois, state less Chicago-Joliet-Naperville MD",2007,8,1.06470341,1.336487286
IL,17,BS1700000000000,"Balance of Illinois, state less Chicago-Joliet-Naperville MD",2007,9,1.068180792,1.337952956
IL,17,BS1700000000000,"Balance of Illinois, state less Chicago-Joliet-Naperville MD",2007,10,1.071493081,1.350357869
IL,17,BS1700000000000,"Balance of Illinois, state less Chicago-Joliet-Naperville MD",2007,11,1.064568148,1.358932598
IL,17,BS1700000000000,"Balance of Illinois, state less Chicago-Joliet-Naperville MD",2007,12,1.061547624,1.398233996
IL,17,BS1700000000000,"Balance of Illinois, state less Chicago-Joliet-Naperville MD",2008,1,1.067040627,1.357664234
IL,17,BS1700000000000,"Balance of Illinois, state less Chicago-Joliet-Naperville MD",2008,2,1.062235782,1.257893793
IL,17,BS1700000000000,"Balance of Illinois, state less Chicago-Joliet-Naperville MD",2008,3,1.070532497,1.308806227
IL,17,BS1700000000000,"Balance of Illinois, state less Chicago-Joliet-Naperville MD",2008,4,1.06972914,1.187255814
IL,17,BS1700000000000,"Balance of Illinois, state less Chicago-Joliet-Naperville MD",2008,5,1.052021831,1.212655409
IL,17,BS1700000000000,"Balance of Illinois, state less Chicago-Joliet-Naperville MD",2008,6,1.052276956,1.28870899
IL,17,BS1700000000000,"Balance of Illinois, state less Chicago-Joliet-Naperville MD",2008,7,1.051696594,1.313858579
IL,17,BS1700000000000,"Balance of Illinois, state less Chicago-Joliet-Naperville MD",2008,8,1.040488504,1.402265064
IL,17,BS1700000000000,"Balance of Illinois, state less Chicago-Joliet-Naperville MD",2008,9,1.039897688,1.411192214
IL,17,BS1700000000000,"Balance of Illinois, state less Chicago-Joliet-Naperville MD",2008,10,1.065235575,1.47036118
IL,17,BS1700000000000,"Balance of Illinois, state less Chicago-Joliet-Naperville MD",2008,11,1.055915122,1.403605624
IL,17,BS1700000000000,"Balance of Illinois, state less Chicago-Joliet-Naperville MD",2008,12,1.05394764,1.299529633
IL,17,BS1700000000000,"Balance of Illinois, state less Chicago-Joliet-Naperville MD",2009,1,1.062545507,1.236453467
IL,17,BS1700000000000,"Balance of Illinois, state less Chicago-Joliet-Naperville MD",2009,2,1.054144245,1.162628593
IL,17,BS1700000000000,"Balance of Illinois, state less Chicago-Joliet-Naperville MD",2009,3,1.049988842,1.1923788
IL,17,BS1700000000000,"Balance of Illinois, state less Chicago-Joliet-Naperville MD",2009,4,1.055872407,1.050271337
IL,17,BS1700000000000,"Balance of Illinois, state less Chicago-Joliet-Naperville MD",2009,5,1.052209945,1.0393877
IL,17,BS1700000000000,"Balance of Illinois, state less Chicago-Joliet-Naperville MD",2009,6,1.062301132,1.067834606
IL,17,BS1700000000000,"Balance of Illinois, state less Chicago-Joliet-Naperville MD",2009,7,1.07135846,1.144717372
IL,17,BS1700000000000,"Balance of Illinois, state less Chicago-Joliet-Naperville MD",2009,8,1.065244032,1.235550313
IL,17,BS1700000000000,"Balance of Illinois, state less Chicago-Joliet-Naperville MD",2009,9,1.054472665,1.251274377
IL,17,BS1700000000000,"Balance of Illinois, state less Chicago-Joliet-Naperville MD",2009,10,1.054522663,1.294020169
IL,17,BS1700000000000,"Balance of Illinois, state less Chicago-Joliet-Naperville MD",2009,11,1.049634952,1.276610169
IL,17,BS1700000000000,"Balance of Illinois, state less Chicago-Joliet-Naperville MD",2009,12,1.040563885,1.32631881
IL,17,BS1700000000000,"Balance of Illinois, state less Chicago-Joliet-Naperville MD",2010,1,1.056410797,1.354171784
IL,17,BS1700000000000,"Balance of Illinois, state less Chicago-Joliet-Naperville MD",2010,2,1.044203769,1.342310542
IL,17,BS1700000000000,"Balance of Illinois, state less Chicago-Joliet-Naperville MD",2010,3,1.04877617,1.366265171
IL,17,BS1700000000000,"Balance of Illinois, state less Chicago-Joliet-Naperville MD",2010,4,1.051055553,1.282633533
IL,17,BS1700000000000,"Balance of Illinois, state less Chicago-Joliet-Naperville MD",2010,5,1.048512556,1.210873728
IL,17,BS1700000000000,"Balance of Illinois, state less Chicago-Joliet-Naperville MD",2010,6,1.058385602,1.200547635
IL,17,BS1700000000000,"Balance of Illinois, state less Chicago-Joliet-Naperville MD",2010,7,1.071104762,1.213714805
IL,17,BS1700000000000,"Balance of Illinois, state less Chicago-Joliet-Naperville MD",2010,8,1.07099968,1.256205322
IL,17,BS1700000000000,"Balance of Illinois, state less Chicago-Joliet-Naperville MD",2010,9,1.070205792,1.218338081
IL,17,BS1700000000000,"Balance of Illinois, state less Chicago-Joliet-Naperville MD",2010,10,1.06419454,1.202772357
IL,17,BS1700000000000,"Balance of Illinois, state less Chicago-Joliet-Naperville MD",2010,11,1.058609463,1.227331676
IL,17,BS1700000000000,"Balance of Illinois, state less Chicago-Joliet-Naperville MD",2010,12,1.058055718,1.177961551
IL,17,BS1700000000000,"Balance of Illinois, state less Chicago-Joliet-Naperville MD",2011,1,1.057358131,1.177446505
IL,17,BS1700000000000,"Balance of Illinois, state less Chicago-Joliet-Naperville MD",2011,2,1.047273824,1.18183403
IL,17,BS1700000000000,"Balance of Illinois, state less Chicago-Joliet-Naperville MD",2011,3,1.053578509,1.21362364
IL,17,BS1700000000000,"Balance of Illinois, state less Chicago-Joliet-Naperville MD",2011,4,1.057140935,1.159379774
IL,17,BS1700000000000,"Balance of Illinois, state less Chicago-Joliet-Naperville MD",2011,5,1.052875695,1.089755682
IL,17,BS1700000000000,"Balance of Illinois, state less Chicago-Joliet-Naperville MD",2011,6,1.059846821,1.133160423
IL,17,BS1700000000000,"Balance of Illinois, state less Chicago-Joliet-Naperville MD",2011,7,1.067527619,1.172016445
IL,17,BS1700000000000,"Balance of Illinois, state less Chicago-Joliet-Naperville MD",2011,8,1.056388825,1.279762403
IL,17,BS1700000000000,"Balance of Illinois, state less Chicago-Joliet-Naperville MD",2011,9,1.059840217,1.274511945
IL,17,BS1700000000000,"Balance of Illinois, state less Chicago-Joliet-Naperville MD",2011,10,1.061915863,1.282162907
IL,17,BS1700000000000,"Balance of Illinois, state less Chicago-Joliet-Naperville MD",2011,11,1.050214494,1.184305271
IL,17,BS1700000000000,"Balance of Illinois, state less Chicago-Joliet-Naperville MD",2011,12,1.045381592,1.215710562
IL,17,BS1700000000000,"Balance of Illinois, state less Chicago-Joliet-Naperville MD",2012,1,1.046996469,1.234240049
IL,17,BS1700000000000,"Balance of Illinois, state less Chicago-Joliet-Naperville MD",2012,2,1.049451289,1.244415178
IL,17,BS1700000000000,"Balance of Illinois, state less Chicago-Joliet-Naperville MD",2012,3,1.041580572,1.211920812
IL,17,BS1700000000000,"Balance of Illinois, state less Chicago-Joliet-Naperville MD",2012,4,1.033330486,1.127442033
IL,17,BS1700000000000,"Balance of Illinois, state less Chicago-Joliet-Naperville MD",2012,5,1.031881063,1.113207124
IL,17,BS1700000000000,"Balance of Illinois, state less Chicago-Joliet-Naperville MD",2012,6,1.052396638,1.153258013
IL,17,BS1700000000000,"Balance of Illinois, state less Chicago-Joliet-Naperville MD",2012,7,1.051759736,1.193435787
IL,17,BS1700000000000,"Balance of Illinois, state less Chicago-Joliet-Naperville MD",2012,8,1.044708863,1.277092628
IL,17,BS1700000000000,"Balance of Illinois, state less Chicago-Joliet-Naperville MD",2012,9,1.045373809,1.208474182
IL,17,BS1700000000000,"Balance of Illinois, state less Chicago-Joliet-Naperville MD",2012,10,1.046403097,1.177576046
IL,17,BS1700000000000,"Balance of Illinois, state less Chicago-Joliet-Naperville MD",2012,11,1.042011205,1.164007859
IL,17,BS1700000000000,"Balance of Illinois, state less Chicago-Joliet-Naperville MD",2012,12,1.042502868,1.207459876
IL,17,BS1700000000000,"Balance of Illinois, state less Chicago-Joliet-Naperville MD",2013,1,1.049460338,1.301584922
IL,17,BS1700000000000,"Balance of Illinois, state less Chicago-Joliet-Naperville MD",2013,2,1.040717345,1.307356504
IL,17,BS1700000000000,"Balance of Illinois, state less Chicago-Joliet-Naperville MD",2013,3,1.04287949,1.236226684
IL,17,BS1700000000000,"Balance of Illinois, state less Chicago-Joliet-Naperville MD",2013,4,1.037885406,1.074815389
IL,17,BS1700000000000,"Balance of Illinois, state less Chicago-Joliet-Naperville MD",2013,5,1.036693478,1.092623097
IL,17,BS1700000000000,"Balance of Illinois, state less Chicago-Joliet-Naperville MD",2013,6,1.029877735,1.154326856
IL,17,BS1700000000000,"Balance of Illinois, state less Chicago-Joliet-Naperville MD",2013,7,1.028071135,1.211132396
IL,17,BS1700000000000,"Balance of Illinois, state less Chicago-Joliet-Naperville MD",2013,8,1.022239697,1.228895053
IN,18,ST1800000000000,Indiana,2005,1,1.031229633,1.185491112
IN,18,ST1800000000000,Indiana,2005,2,1.023576717,1.209025064
IN,18,ST1800000000000,Indiana,2005,3,1.023568455,1.167801382
IN,18,ST1800000000000,Indiana,2005,4,1.01992135,1.135038504
IN,18,ST1800000000000,Indiana,2005,5,1.02499084,1.173809454
IN,18,ST1800000000000,Indiana,2005,6,1.041261838,1.207983553
IN,18,ST1800000000000,Indiana,2005,7,1.053048853,1.141785655
IN,18,ST1800000000000,Indiana,2005,8,1.043154643,1.378841724
IN,18,ST1800000000000,Indiana,2005,9,1.020645199,1.281378876
IN,18,ST1800000000000,Indiana,2005,10,1.028509946,1.228865979
IN,18,ST1800000000000,Indiana,2005,11,1.023400555,1.387704561
IN,18,ST1800000000000,Indiana,2005,12,1.026217705,1.217358559
IN,18,ST1800000000000,Indiana,2006,1,1.045079702,1.113103262
IN,18,ST1800000000000,Indiana,2006,2,1.041270906,1.106365138
IN,18,ST1800000000000,Indiana,2006,3,1.037361666,1.119794916
IN,18,ST1800000000000,Indiana,2006,4,1.034697644,1.203753351
IN,18,ST1800000000000,Indiana,2006,5,1.035636688,1.159932912
IN,18,ST1800000000000,Indiana,2006,6,1.04704298,1.189823305
IN,18,ST1800000000000,Indiana,2006,7,1.059816349,1.180690134
IN,18,ST1800000000000,Indiana,2006,8,1.047214527,1.39679163
IN,18,ST1800000000000,Indiana,2006,9,1.034561873,1.118262026
IN,18,ST1800000000000,Indiana,2006,10,1.040073614,1.114847175
IN,18,ST1800000000000,Indiana,2006,11,1.038361598,1.21248052
IN,18,ST1800000000000,Indiana,2006,12,1.031253248,1.133139828
IN,18,ST1800000000000,Indiana,2007,1,1.047930045,1.100701031
IN,18,ST1800000000000,Indiana,2007,2,1.045976671,1.034814583
IN,18,ST1800000000000,Indiana,2007,3,1.039321917,1.004358109
IN,18,ST1800000000000,Indiana,2007,4,1.035367058,1.012260143
IN,18,ST1800000000000,Indiana,2007,5,1.03170754,1.08515745
IN,18,ST1800000000000,Indiana,2007,6,1.040211545,1.087512552
IN,18,ST1800000000000,Indiana,2007,7,1.055252458,1.081884515
IN,18,ST1800000000000,Indiana,2007,8,1.034885065,1.211584349
IN,18,ST1800000000000,Indiana,2007,9,1.028923659,1.109592986
IN,18,ST1800000000000,Indiana,2007,10,1.031314721,1.103168568
IN,18,ST1800000000000,Indiana,2007,11,1.030957505,1.113545443
IN,18,ST1800000000000,Indiana,2007,12,1.026209224,1.152587282
IN,18,ST1800000000000,Indiana,2008,1,1.049476628,1.093909113
IN,18,ST1800000000000,Indiana,2008,2,1.042337882,1.040128493
IN,18,ST1800000000000,Indiana,2008,3,1.046960548,1.068031488
IN,18,ST1800000000000,Indiana,2008,4,1.048803822,0.977126372
IN,18,ST1800000000000,Indiana,2008,5,1.041394848,1.062370974
IN,18,ST1800000000000,Indiana,2008,6,1.049937867,1.111627573
IN,18,ST1800000000000,Indiana,2008,7,1.063553504,1.095017435
IN,18,ST1800000000000,Indiana,2008,8,1.041245233,1.234553976
IN,18,ST1800000000000,Indiana,2008,9,1.036255721,1.179751169
IN,18,ST1800000000000,Indiana,2008,10,1.040850925,1.19725469
IN,18,ST1800000000000,Indiana,2008,11,1.035311305,1.171951088
IN,18,ST1800000000000,Indiana,2008,12,1.031578999,1.223673142
IN,18,ST1800000000000,Indiana,2009,1,1.051772749,1.173892124
IN,18,ST1800000000000,Indiana,2009,2,1.045297768,1.200540218
IN,18,ST1800000000000,Indiana,2009,3,1.039383767,1.179932605
IN,18,ST1800000000000,Indiana,2009,4,1.043371615,1.137912578
IN,18,ST1800000000000,Indiana,2009,5,1.040976496,1.153961373
IN,18,ST1800000000000,Indiana,2009,6,1.053010406,1.16821608
IN,18,ST1800000000000,Indiana,2009,7,1.065819628,1.140818188
IN,18,ST1800000000000,Indiana,2009,8,1.044740893,1.231193518
IN,18,ST1800000000000,Indiana,2009,9,1.026191039,1.269599267
IN,18,ST1800000000000,Indiana,2009,10,1.025633562,1.224549294
IN,18,ST1800000000000,Indiana,2009,11,1.02072661,1.212807515
IN,18,ST1800000000000,Indiana,2009,12,1.010599292,1.25477767
IN,18,ST1800000000000,Indiana,2010,1,1.027759946,1.185831261
IN,18,ST1800000000000,Indiana,2010,2,1.021944888,1.257822798
IN,18,ST1800000000000,Indiana,2010,3,1.02020937,1.230886914
IN,18,ST1800000000000,Indiana,2010,4,1.020806402,1.181061007
IN,18,ST1800000000000,Indiana,2010,5,1.019385867,1.151274181
IN,18,ST1800000000000,Indiana,2010,6,1.029440595,1.089912979
IN,18,ST1800000000000,Indiana,2010,7,1.048365785,1.131519653
IN,18,ST1800000000000,Indiana,2010,8,1.03454635,1.164009704
IN,18,ST1800000000000,Indiana,2010,9,1.02525109,1.180502322
IN,18,ST1800000000000,Indiana,2010,10,1.021687399,1.167458395
IN,18,ST1800000000000,Indiana,2010,11,1.016215247,1.192524835
IN,18,ST1800000000000,Indiana,2010,12,1.011289444,1.13944985
IN,18,ST1800000000000,Indiana,2011,1,1.021533693,1.155721476
IN,18,ST1800000000000,Indiana,2011,2,1.020222924,1.184380381
IN,18,ST1800000000000,Indiana,2011,3,1.019573412,1.166248151
IN,18,ST1800000000000,Indiana,2011,4,1.019324553,1.144325865
IN,18,ST1800000000000,Indiana,2011,5,1.018182336,1.106187686
IN,18,ST1800000000000,Indiana,2011,6,1.024682477,1.057571047
IN,18,ST1800000000000,Indiana,2011,7,1.038156664,1.052457086
IN,18,ST1800000000000,Indiana,2011,8,1.018926001,1.111005487
IN,18,ST1800000000000,Indiana,2011,9,1.015651509,1.169864221
IN,18,ST1800000000000,Indiana,2011,10,1.017831163,1.167157423
IN,18,ST1800000000000,Indiana,2011,11,1.011957352,1.167510356
IN,18,ST1800000000000,Indiana,2011,12,1.007342139,1.159133236
IN,18,ST1800000000000,Indiana,2012,1,1.017065117,1.206859287
IN,18,ST1800000000000,Indiana,2012,2,1.015887791,1.208148732
IN,18,ST1800000000000,Indiana,2012,3,1.008663165,1.182082352
IN,18,ST1800000000000,Indiana,2012,4,1.004850989,1.188422047
IN,18,ST1800000000000,Indiana,2012,5,1.002908784,1.128154159
IN,18,ST1800000000000,Indiana,2012,6,1.014359848,1.08958083
IN,18,ST1800000000000,Indiana,2012,7,1.022821929,1.155967019
IN,18,ST1800000000000,Indiana,2012,8,1.00404384,1.211553794
IN,18,ST1800000000000,Indiana,2012,9,0.998276998,1.22965801
IN,18,ST1800000000000,Indiana,2012,10,0.999326805,1.246222062
IN,18,ST1800000000000,Indiana,2012,11,0.99396235,1.197605891
IN,18,ST1800000000000,Indiana,2012,12,0.989560391,1.251951142
IN,18,ST1800000000000,Indiana,2013,1,1.002650656,1.349789211
IN,18,ST1800000000000,Indiana,2013,2,0.998312829,1.413074354
IN,18,ST1800000000000,Indiana,2013,3,0.990642725,1.379067111
IN,18,ST1800000000000,Indiana,2013,4,0.996936298,1.497681561
IN,18,ST1800000000000,Indiana,2013,5,0.996455896,1.360829664
IN,18,ST1800000000000,Indiana,2013,6,1.007590383,1.314908301
IN,18,ST1800000000000,Indiana,2013,7,1.017184516,1.369545639
IN,18,ST1800000000000,Indiana,2013,8,1.012689821,1.394612751
IA,19,ST1900000000000,Iowa,2005,1,1.048398816,1.18006622
IA,19,ST1900000000000,Iowa,2005,2,1.047293679,1.168564542
IA,19,ST1900000000000,Iowa,2005,3,1.040737347,1.137545158
IA,19,ST1900000000000,Iowa,2005,4,1.025939073,1.273597957
IA,19,ST1900000000000,Iowa,2005,5,1.022335158,1.137975692
IA,19,ST1900000000000,Iowa,2005,6,1.025845301,1.152558864
IA,19,ST1900000000000,Iowa,2005,7,1.051068746,1.090649461
IA,19,ST1900000000000,Iowa,2005,8,1.050263982,1.21223355
IA,19,ST1900000000000,Iowa,2005,9,1.039569156,1.189229619
IA,19,ST1900000000000,Iowa,2005,10,1.042424199,1.215230604
IA,19,ST1900000000000,Iowa,2005,11,1.03656996,1.234345457
IA,19,ST1900000000000,Iowa,2005,12,1.032223644,1.188570205
IA,19,ST1900000000000,Iowa,2006,1,1.045562083,1.165785498
IA,19,ST1900000000000,Iowa,2006,2,1.053461876,1.136222084
IA,19,ST1900000000000,Iowa,2006,3,1.047806927,1.148953061
IA,19,ST1900000000000,Iowa,2006,4,1.038378023,1.235609415
IA,19,ST1900000000000,Iowa,2006,5,1.032474796,1.096025325
IA,19,ST1900000000000,Iowa,2006,6,1.034059941,1.113806172
IA,19,ST1900000000000,Iowa,2006,7,1.06257455,1.076635726
IA,19,ST1900000000000,Iowa,2006,8,1.055507627,1.193920203
IA,19,ST1900000000000,Iowa,2006,9,1.051112371,1.12973163
IA,19,ST1900000000000,Iowa,2006,10,1.050846686,1.140891302
IA,19,ST1900000000000,Iowa,2006,11,1.043768432,1.191336196
IA,19,ST1900000000000,Iowa,2006,12,1.036112002,1.246995192
IA,19,ST1900000000000,Iowa,2007,1,1.050908119,1.208118925
IA,19,ST1900000000000,Iowa,2007,2,1.057652954,1.015310844
IA,19,ST1900000000000,Iowa,2007,3,1.048640677,1.064996232
IA,19,ST1900000000000,Iowa,2007,4,1.039876529,1.088984836
IA,19,ST1900000000000,Iowa,2007,5,1.026728107,1.089742159
IA,19,ST1900000000000,Iowa,2007,6,1.024972959,1.094815268
IA,19,ST1900000000000,Iowa,2007,7,1.062750329,1.226115824
IA,19,ST1900000000000,Iowa,2007,8,1.044397521,1.254710231
IA,19,ST1900000000000,Iowa,2007,9,1.040046387,1.294801223
IA,19,ST1900000000000,Iowa,2007,10,1.034032527,1.31892322
IA,19,ST1900000000000,Iowa,2007,11,1.034735785,1.391708852
IA,19,ST1900000000000,Iowa,2007,12,1.029912202,1.404700954
IA,19,ST1900000000000,Iowa,2008,1,1.047403905,1.26637923
IA,19,ST1900000000000,Iowa,2008,2,1.050428463,1.098614577
IA,19,ST1900000000000,Iowa,2008,3,1.049171895,1.17117034
IA,19,ST1900000000000,Iowa,2008,4,1.043351464,1.066178624
IA,19,ST1900000000000,Iowa,2008,5,1.027256159,1.116416465
IA,19,ST1900000000000,Iowa,2008,6,1.031719159,1.012750148
IA,19,ST1900000000000,Iowa,2008,7,1.062245702,1.04070507
IA,19,ST1900000000000,Iowa,2008,8,1.049809259,1.137985068
IA,19,ST1900000000000,Iowa,2008,9,1.045485544,1.275021949
IA,19,ST1900000000000,Iowa,2008,10,1.0384511,1.248496117
IA,19,ST1900000000000,Iowa,2008,11,1.039887669,1.179495301
IA,19,ST1900000000000,Iowa,2008,12,1.039727515,0.996610169
IA,19,ST1900000000000,Iowa,2009,1,1.057704082,1.27106716
IA,19,ST1900000000000,Iowa,2009,2,1.058159994,1.160090961
IA,19,ST1900000000000,Iowa,2009,3,1.044228285,1.084166525
IA,19,ST1900000000000,Iowa,2009,4,1.048940856,1.059379994
IA,19,ST1900000000000,Iowa,2009,5,1.043626432,1.05472016
IA,19,ST1900000000000,Iowa,2009,6,1.04994291,0.990361574
IA,19,ST1900000000000,Iowa,2009,7,1.077893603,0.970339912
IA,19,ST1900000000000,Iowa,2009,8,1.069327977,1.011547979
IA,19,ST1900000000000,Iowa,2009,9,1.05693395,1.126911125
IA,19,ST1900000000000,Iowa,2009,10,1.047809423,1.145972495
IA,19,ST1900000000000,Iowa,2009,11,1.048855708,1.15737127
IA,19,ST1900000000000,Iowa,2009,12,1.04233369,1.072891073
IA,19,ST1900000000000,Iowa,2010,1,1.065749578,1.079698573
IA,19,ST1900000000000,Iowa,2010,2,1.058152424,0.99706928
IA,19,ST1900000000000,Iowa,2010,3,1.052680046,0.997493734
IA,19,ST1900000000000,Iowa,2010,4,1.054035878,1.100335008
IA,19,ST1900000000000,Iowa,2010,5,1.051562269,1.056044652
IA,19,ST1900000000000,Iowa,2010,6,1.056988979,1.00782391
IA,19,ST1900000000000,Iowa,2010,7,1.076192716,1.050776517
IA,19,ST1900000000000,Iowa,2010,8,1.069390579,1.109260305
IA,19,ST1900000000000,Iowa,2010,9,1.053638888,1.162992611
IA,19,ST1900000000000,Iowa,2010,10,1.038328199,1.192206289
IA,19,ST1900000000000,Iowa,2010,11,1.0421259,1.250179915
IA,19,ST1900000000000,Iowa,2010,12,1.035931142,1.187443623
IA,19,ST1900000000000,Iowa,2011,1,1.044098856,1.149869149
IA,19,ST1900000000000,Iowa,2011,2,1.049175066,1.098448336
IA,19,ST1900000000000,Iowa,2011,3,1.046100631,1.070406015
IA,19,ST1900000000000,Iowa,2011,4,1.037494109,1.154243017
IA,19,ST1900000000000,Iowa,2011,5,1.030856679,1.100618439
IA,19,ST1900000000000,Iowa,2011,6,1.032299045,1.068686653
IA,19,ST1900000000000,Iowa,2011,7,1.058448742,0.989494017
IA,19,ST1900000000000,Iowa,2011,8,1.038249094,1.086542942
IA,19,ST1900000000000,Iowa,2011,9,1.024922616,1.120675116
IA,19,ST1900000000000,Iowa,2011,10,1.01976431,1.141939955
IA,19,ST1900000000000,Iowa,2011,11,1.02227845,1.163774091
IA,19,ST1900000000000,Iowa,2011,12,1.007179127,1.117710918
IA,19,ST1900000000000,Iowa,2012,1,1.020495704,1.101833966
IA,19,ST1900000000000,Iowa,2012,2,1.024933673,1.09728297
IA,19,ST1900000000000,Iowa,2012,3,1.018478406,1.073253172
IA,19,ST1900000000000,Iowa,2012,4,1.018123091,1.072254299
IA,19,ST1900000000000,Iowa,2012,5,1.006051896,1.014358278
IA,19,ST1900000000000,Iowa,2012,6,1.013563479,1.056003877
IA,19,ST1900000000000,Iowa,2012,7,1.033946735,1.004715244
IA,19,ST1900000000000,Iowa,2012,8,1.017416874,1.097414959
IA,19,ST1900000000000,Iowa,2012,9,1.015413309,1.154981721
IA,19,ST1900000000000,Iowa,2012,10,1.005801956,1.074411173
IA,19,ST1900000000000,Iowa,2012,11,0.995207125,1.13275024
IA,19,ST1900000000000,Iowa,2012,12,0.993661486,1.133430673
IA,19,ST1900000000000,Iowa,2013,1,1.004985486,1.159900019
IA,19,ST1900000000000,Iowa,2013,2,1.022410514,1.109521235
IA,19,ST1900000000000,Iowa,2013,3,1.026100187,1.015543791
IA,19,ST1900000000000,Iowa,2013,4,1.018032561,1.031266025
IA,19,ST1900000000000,Iowa,2013,5,1.003224425,1.005301033
IA,19,ST1900000000000,Iowa,2013,6,1.010645609,1.023022984
IA,19,ST1900000000000,Iowa,2013,7,1.028718221,1.004464228
IA,19,ST1900000000000,Iowa,2013,8,1.023214884,1.083638764
KS,20,ST2000000000000,Kansas,2005,1,1.082611537,1.355434942
KS,20,ST2000000000000,Kansas,2005,2,1.080894292,1.305429375
KS,20,ST2000000000000,Kansas,2005,3,1.070162073,1.273847725
KS,20,ST2000000000000,Kansas,2005,4,1.068371488,1.225369846
KS,20,ST2000000000000,Kansas,2005,5,1.064041683,1.360246872
KS,20,ST2000000000000,Kansas,2005,6,1.070151418,1.319238065
KS,20,ST2000000000000,Kansas,2005,7,1.094433133,1.347982656
KS,20,ST2000000000000,Kansas,2005,8,1.086902145,1.406645948
KS,20,ST2000000000000,Kansas,2005,9,1.067510377,1.373634148
KS,20,ST2000000000000,Kansas,2005,10,1.071987979,1.276165135
KS,20,ST2000000000000,Kansas,2005,11,1.069615983,1.346849359
KS,20,ST2000000000000,Kansas,2005,12,1.066690205,1.313714805
KS,20,ST2000000000000,Kansas,2006,1,1.068507876,1.264231232
KS,20,ST2000000000000,Kansas,2006,2,1.062827341,1.247834777
KS,20,ST2000000000000,Kansas,2006,3,1.056072708,1.195499069
KS,20,ST2000000000000,Kansas,2006,4,1.057521223,1.197465681
KS,20,ST2000000000000,Kansas,2006,5,1.047702582,1.309542665
KS,20,ST2000000000000,Kansas,2006,6,1.052362433,1.300689155
KS,20,ST2000000000000,Kansas,2006,7,1.083554536,1.388923405
KS,20,ST2000000000000,Kansas,2006,8,1.069403668,1.42728146
KS,20,ST2000000000000,Kansas,2006,9,1.048215422,1.30753987
KS,20,ST2000000000000,Kansas,2006,10,1.056382677,1.151216366
KS,20,ST2000000000000,Kansas,2006,11,1.060704563,1.339643766
KS,20,ST2000000000000,Kansas,2006,12,1.054554414,1.255452644
KS,20,ST2000000000000,Kansas,2007,1,1.066575587,1.326677096
KS,20,ST2000000000000,Kansas,2007,2,1.060970377,1.117676982
KS,20,ST2000000000000,Kansas,2007,3,1.047612284,1.15296246
KS,20,ST2000000000000,Kansas,2007,4,1.046244306,1.159492435
KS,20,ST2000000000000,Kansas,2007,5,1.035285478,1.243548059
KS,20,ST2000000000000,Kansas,2007,6,1.037618804,1.256723012
KS,20,ST2000000000000,Kansas,2007,7,1.063256297,1.349581631
KS,20,ST2000000000000,Kansas,2007,8,1.050914111,1.448504983
KS,20,ST2000000000000,Kansas,2007,9,1.038263963,1.342009814
KS,20,ST2000000000000,Kansas,2007,10,1.04548673,1.21382051
KS,20,ST2000000000000,Kansas,2007,11,1.04992339,1.298247548
KS,20,ST2000000000000,Kansas,2007,12,1.045712897,1.300527052
KS,20,ST2000000000000,Kansas,2008,1,1.055333406,1.287932045
KS,20,ST2000000000000,Kansas,2008,2,1.045616033,1.182068966
KS,20,ST2000000000000,Kansas,2008,3,1.036270079,1.303467914
KS,20,ST2000000000000,Kansas,2008,4,1.039671711,1.235817447
KS,20,ST2000000000000,Kansas,2008,5,1.028612018,1.191374909
KS,20,ST2000000000000,Kansas,2008,6,1.039065307,1.280450554
KS,20,ST2000000000000,Kansas,2008,7,1.057473624,1.221775491
KS,20,ST2000000000000,Kansas,2008,8,1.046385895,1.450571486
KS,20,ST2000000000000,Kansas,2008,9,1.031437249,1.262038888
KS,20,ST2000000000000,Kansas,2008,10,1.036306651,1.229715012
KS,20,ST2000000000000,Kansas,2008,11,1.040322999,1.247927253
KS,20,ST2000000000000,Kansas,2008,12,1.036990824,1.166204547
KS,20,ST2000000000000,Kansas,2009,1,1.060146475,1.41608225
KS,20,ST2000000000000,Kansas,2009,2,1.060335482,1.294652947
KS,20,ST2000000000000,Kansas,2009,3,1.053735349,1.433383549
KS,20,ST2000000000000,Kansas,2009,4,1.063087718,1.262034514
KS,20,ST2000000000000,Kansas,2009,5,1.057810453,1.244221544
KS,20,ST2000000000000,Kansas,2009,6,1.073919659,1.307964989
KS,20,ST2000000000000,Kansas,2009,7,1.098778525,1.233924965
KS,20,ST2000000000000,Kansas,2009,8,1.082774183,1.240737771
KS,20,ST2000000000000,Kansas,2009,9,1.067293241,1.165630322
KS,20,ST2000000000000,Kansas,2009,10,1.067799049,1.230869059
KS,20,ST2000000000000,Kansas,2009,11,1.067007478,1.218401687
KS,20,ST2000000000000,Kansas,2009,12,1.062892965,1.185806793
KS,20,ST2000000000000,Kansas,2010,1,1.082370453,1.129376242
KS,20,ST2000000000000,Kansas,2010,2,1.075678748,1.103274955
KS,20,ST2000000000000,Kansas,2010,3,1.067606218,1.173586167
KS,20,ST2000000000000,Kansas,2010,4,1.064775385,1.112520137
KS,20,ST2000000000000,Kansas,2010,5,1.054686598,1.080029249
KS,20,ST2000000000000,Kansas,2010,6,1.065457375,1.193177878
KS,20,ST2000000000000,Kansas,2010,7,1.087168962,1.212104825
KS,20,ST2000000000000,Kansas,2010,8,1.075473635,1.212994669
KS,20,ST2000000000000,Kansas,2010,9,1.067020651,1.217194779
KS,20,ST2000000000000,Kansas,2010,10,1.057415731,1.20270525
KS,20,ST2000000000000,Kansas,2010,11,1.061340457,1.282054958
KS,20,ST2000000000000,Kansas,2010,12,1.066016991,1.255982193
KS,20,ST2000000000000,Kansas,2011,1,1.072569279,1.202726579
KS,20,ST2000000000000,Kansas,2011,2,1.070969645,1.117352486
KS,20,ST2000000000000,Kansas,2011,3,1.063664673,1.213263602
KS,20,ST2000000000000,Kansas,2011,4,1.055981846,1.173706044
KS,20,ST2000000000000,Kansas,2011,5,1.047925617,1.118608778
KS,20,ST2000000000000,Kansas,2011,6,1.067351687,1.234273029
KS,20,ST2000000000000,Kansas,2011,7,1.082143246,1.243521515
KS,20,ST2000000000000,Kansas,2011,8,1.065705096,1.199303103
KS,20,ST2000000000000,Kansas,2011,9,1.05688024,1.193434614
KS,20,ST2000000000000,Kansas,2011,10,1.054685702,1.169188069
KS,20,ST2000000000000,Kansas,2011,11,1.061550825,1.125826121
KS,20,ST2000000000000,Kansas,2011,12,1.061113816,1.148667035
KS,20,ST2000000000000,Kansas,2012,1,1.06796545,1.164720429
KS,20,ST2000000000000,Kansas,2012,2,1.066736525,1.086456103
KS,20,ST2000000000000,Kansas,2012,3,1.051969726,1.120516919
KS,20,ST2000000000000,Kansas,2012,4,1.052804505,1.059629566
KS,20,ST2000000000000,Kansas,2012,5,1.040107998,1.07455649
KS,20,ST2000000000000,Kansas,2012,6,1.051607173,1.175635579
KS,20,ST2000000000000,Kansas,2012,7,1.070319317,1.216009777
KS,20,ST2000000000000,Kansas,2012,8,1.053694742,1.139767249
KS,20,ST2000000000000,Kansas,2012,9,1.046036443,1.15436866
KS,20,ST2000000000000,Kansas,2012,10,1.049666582,1.114598897
KS,20,ST2000000000000,Kansas,2012,11,1.046519004,1.059994524
KS,20,ST2000000000000,Kansas,2012,12,1.041942075,1.08919656
KS,20,ST2000000000000,Kansas,2013,1,1.057049175,1.177825313
KS,20,ST2000000000000,Kansas,2013,2,1.054882129,1.130246889
KS,20,ST2000000000000,Kansas,2013,3,1.053632147,1.158718728
KS,20,ST2000000000000,Kansas,2013,4,1.054819661,1.184770873
KS,20,ST2000000000000,Kansas,2013,5,1.043366985,1.191925022
KS,20,ST2000000000000,Kansas,2013,6,1.055659279,1.321071045
KS,20,ST2000000000000,Kansas,2013,7,1.067863694,1.405816419
KS,20,ST2000000000000,Kansas,2013,8,1.05213796,1.327601769
KY,21,ST2100000000000,Kentucky,2005,1,1.035100602,1.373497159
KY,21,ST2100000000000,Kentucky,2005,2,1.028115439,1.408904934
KY,21,ST2100000000000,Kentucky,2005,3,1.028637491,1.342685129
KY,21,ST2100000000000,Kentucky,2005,4,1.021873463,1.341626918
KY,21,ST2100000000000,Kentucky,2005,5,1.02368063,1.422057128
KY,21,ST2100000000000,Kentucky,2005,6,1.033396038,1.396457289
KY,21,ST2100000000000,Kentucky,2005,7,1.038640704,1.318581993
KY,21,ST2100000000000,Kentucky,2005,8,1.031005879,1.537673297
KY,21,ST2100000000000,Kentucky,2005,9,1.035750805,1.458404803
KY,21,ST2100000000000,Kentucky,2005,10,1.03342913,1.504255319
KY,21,ST2100000000000,Kentucky,2005,11,1.036044881,1.522724133
KY,21,ST2100000000000,Kentucky,2005,12,1.034512833,1.547574493
KY,21,ST2100000000000,Kentucky,2006,1,1.032052505,1.54842176
KY,21,ST2100000000000,Kentucky,2006,2,1.033203443,1.488667379
KY,21,ST2100000000000,Kentucky,2006,3,1.032289396,1.459592238
KY,21,ST2100000000000,Kentucky,2006,4,1.028690701,1.436292936
KY,21,ST2100000000000,Kentucky,2006,5,1.026951488,1.458394747
KY,21,ST2100000000000,Kentucky,2006,6,1.037995605,1.348081313
KY,21,ST2100000000000,Kentucky,2006,7,1.047080926,1.320546737
KY,21,ST2100000000000,Kentucky,2006,8,1.03465008,1.461866154
KY,21,ST2100000000000,Kentucky,2006,9,1.038180194,1.30651071
KY,21,ST2100000000000,Kentucky,2006,10,1.040575005,1.207376385
KY,21,ST2100000000000,Kentucky,2006,11,1.043302942,1.348749155
KY,21,ST2100000000000,Kentucky,2006,12,1.037896506,1.416989568
KY,21,ST2100000000000,Kentucky,2007,1,1.04096513,1.512066161
KY,21,ST2100000000000,Kentucky,2007,2,1.04104596,1.393668739
KY,21,ST2100000000000,Kentucky,2007,3,1.039060736,1.393436243
KY,21,ST2100000000000,Kentucky,2007,4,1.034084352,1.286266426
KY,21,ST2100000000000,Kentucky,2007,5,1.029742609,1.349251315
KY,21,ST2100000000000,Kentucky,2007,6,1.035097425,1.248079278
KY,21,ST2100000000000,Kentucky,2007,7,1.046940081,1.281204468
KY,21,ST2100000000000,Kentucky,2007,8,1.029173884,1.367978709
KY,21,ST2100000000000,Kentucky,2007,9,1.032545497,1.332768509
KY,21,ST2100000000000,Kentucky,2007,10,1.02785935,1.26393347
KY,21,ST2100000000000,Kentucky,2007,11,1.032397369,1.302940345
KY,21,ST2100000000000,Kentucky,2007,12,1.025722429,1.465275708
KY,21,ST2100000000000,Kentucky,2008,1,1.036201778,1.437204548
KY,21,ST2100000000000,Kentucky,2008,2,1.031279269,1.411793137
KY,21,ST2100000000000,Kentucky,2008,3,1.036694741,1.509962806
KY,21,ST2100000000000,Kentucky,2008,4,1.034478041,1.322159906
KY,21,ST2100000000000,Kentucky,2008,5,1.027257767,1.316791444
KY,21,ST2100000000000,Kentucky,2008,6,1.03776788,1.286893903
KY,21,ST2100000000000,Kentucky,2008,7,1.046675091,1.25447223
KY,21,ST2100000000000,Kentucky,2008,8,1.03331269,1.40990991
KY,21,ST2100000000000,Kentucky,2008,9,1.037671679,1.402920498
KY,21,ST2100000000000,Kentucky,2008,10,1.035356905,1.415291344
KY,21,ST2100000000000,Kentucky,2008,11,1.039603868,1.426591598
KY,21,ST2100000000000,Kentucky,2008,12,1.037602332,1.581990308
KY,21,ST2100000000000,Kentucky,2009,1,1.049432078,1.447145094
KY,21,ST2100000000000,Kentucky,2009,2,1.048122301,1.359257032
KY,21,ST2100000000000,Kentucky,2009,3,1.044983905,1.378272521
KY,21,ST2100000000000,Kentucky,2009,4,1.050597888,1.30767613
KY,21,ST2100000000000,Kentucky,2009,5,1.050209205,1.28754822
KY,21,ST2100000000000,Kentucky,2009,6,1.061630911,1.248086878
KY,21,ST2100000000000,Kentucky,2009,7,1.06419529,1.308980123
KY,21,ST2100000000000,Kentucky,2009,8,1.052173069,1.315743239
KY,21,ST2100000000000,Kentucky,2009,9,1.046317958,1.47446729
KY,21,ST2100000000000,Kentucky,2009,10,1.038778547,1.423436694
KY,21,ST2100000000000,Kentucky,2009,11,1.041565838,1.510874938
KY,21,ST2100000000000,Kentucky,2009,12,1.035466955,1.511594203
KY,21,ST2100000000000,Kentucky,2010,1,1.046551775,1.421008185
KY,21,ST2100000000000,Kentucky,2010,2,1.044545504,1.41554559
KY,21,ST2100000000000,Kentucky,2010,3,1.043393426,1.431519057
KY,21,ST2100000000000,Kentucky,2010,4,1.051183072,1.376678147
KY,21,ST2100000000000,Kentucky,2010,5,1.048233205,1.394271872
KY,21,ST2100000000000,Kentucky,2010,6,1.057786118,1.344154538
KY,21,ST2100000000000,Kentucky,2010,7,1.060984506,1.286426835
KY,21,ST2100000000000,Kentucky,2010,8,1.054345592,1.231533581
KY,21,ST2100000000000,Kentucky,2010,9,1.051213231,1.398019659
KY,21,ST2100000000000,Kentucky,2010,10,1.041204795,1.396266027
KY,21,ST2100000000000,Kentucky,2010,11,1.046158509,1.501108987
KY,21,ST2100000000000,Kentucky,2010,12,1.042365087,1.478112387
KY,21,ST2100000000000,Kentucky,2011,1,1.047049579,1.399225591
KY,21,ST2100000000000,Kentucky,2011,2,1.046466748,1.426056065
KY,21,ST2100000000000,Kentucky,2011,3,1.048337387,1.460335614
KY,21,ST2100000000000,Kentucky,2011,4,1.045020487,1.418285218
KY,21,ST2100000000000,Kentucky,2011,5,1.047402514,1.441189665
KY,21,ST2100000000000,Kentucky,2011,6,1.052372244,1.496001043
KY,21,ST2100000000000,Kentucky,2011,7,1.064201094,1.33493539
KY,21,ST2100000000000,Kentucky,2011,8,1.045409063,1.36452257
KY,21,ST2100000000000,Kentucky,2011,9,1.043940213,1.381052373
KY,21,ST2100000000000,Kentucky,2011,10,1.039098949,1.334573348
KY,21,ST2100000000000,Kentucky,2011,11,1.041798837,1.370119791
KY,21,ST2100000000000,Kentucky,2011,12,1.035062015,1.358855454
KY,21,ST2100000000000,Kentucky,2012,1,1.037432049,1.301018927
KY,21,ST2100000000000,Kentucky,2012,2,1.041213907,1.372190829
KY,21,ST2100000000000,Kentucky,2012,3,1.042222179,1.342691946
KY,21,ST2100000000000,Kentucky,2012,4,1.04464421,1.30089468
KY,21,ST2100000000000,Kentucky,2012,5,1.04070823,1.350506239
KY,21,ST2100000000000,Kentucky,2012,6,1.052126342,1.372957293
KY,21,ST2100000000000,Kentucky,2012,7,1.057646665,1.354228976
KY,21,ST2100000000000,Kentucky,2012,8,1.045009414,1.345920626
KY,21,ST2100000000000,Kentucky,2012,9,1.051072813,1.342229606
KY,21,ST2100000000000,Kentucky,2012,10,1.044705718,1.225752132
KY,21,ST2100000000000,Kentucky,2012,11,1.042352833,1.242413718
KY,21,ST2100000000000,Kentucky,2012,12,1.042568134,1.360539755
KY,21,ST2100000000000,Kentucky,2013,1,1.044535345,1.317910317
KY,21,ST2100000000000,Kentucky,2013,2,1.044626743,1.396888161
KY,21,ST2100000000000,Kentucky,2013,3,1.050148343,1.377175152
KY,21,ST2100000000000,Kentucky,2013,4,1.049346293,1.37633652
KY,21,ST2100000000000,Kentucky,2013,5,1.036343352,1.466219692
KY,21,ST2100000000000,Kentucky,2013,6,1.044762526,1.397969588
KY,21,ST2100000000000,Kentucky,2013,7,1.039713612,1.447365208
KY,21,ST2100000000000,Kentucky,2013,8,1.027524036,1.484590969
LA,22,ST2200000000000,Louisiana,2005,1,1.043979423,1.220228871
LA,22,ST2200000000000,Louisiana,2005,2,1.047569645,1.095963348
LA,22,ST2200000000000,Louisiana,2005,3,1.047240808,1.1770776
LA,22,ST2200000000000,Louisiana,2005,4,1.04490227,1.12938442
LA,22,ST2200000000000,Louisiana,2005,5,1.038237218,1.037300286
LA,22,ST2200000000000,Louisiana,2005,6,1.040307508,1.117644077
LA,22,ST2200000000000,Louisiana,2005,7,1.050789691,1.104521827
LA,22,ST2200000000000,Louisiana,2005,8,1.051548959,1.165168539
LA,22,ST2200000000000,Louisiana,2005,9,1.063121621,1.151005534
LA,22,ST2200000000000,Louisiana,2005,10,1.09207861,1.069806954
LA,22,ST2200000000000,Louisiana,2005,11,1.082102149,1.027465005
LA,22,ST2200000000000,Louisiana,2005,12,1.06866266,0.962047453
LA,22,ST2200000000000,Louisiana,2006,1,1.060047194,0.79064588
LA,22,ST2200000000000,Louisiana,2006,2,1.058842985,0.748431719
LA,22,ST2200000000000,Louisiana,2006,3,1.053119421,0.703225117
LA,22,ST2200000000000,Louisiana,2006,4,1.05801747,0.749474756
LA,22,ST2200000000000,Louisiana,2006,5,1.055530179,0.754059271
LA,22,ST2200000000000,Louisiana,2006,6,1.059563851,0.924520279
LA,22,ST2200000000000,Louisiana,2006,7,1.07931543,0.861707347
LA,22,ST2200000000000,Louisiana,2006,8,1.059602303,0.950050518
LA,22,ST2200000000000,Louisiana,2006,9,1.04681998,0.899014935
LA,22,ST2200000000000,Louisiana,2006,10,1.056327681,0.946897212
LA,22,ST2200000000000,Louisiana,2006,11,1.052599951,0.882562971
LA,22,ST2200000000000,Louisiana,2006,12,1.04700476,1.001986553
LA,22,ST2200000000000,Louisiana,2007,1,1.03880506,1.120156758
LA,22,ST2200000000000,Louisiana,2007,2,1.033359769,1.07178087
LA,22,ST2200000000000,Louisiana,2007,3,1.036833542,0.935126814
LA,22,ST2200000000000,Louisiana,2007,4,1.04249835,1.056190476
LA,22,ST2200000000000,Louisiana,2007,5,1.042900152,0.942772703
LA,22,ST2200000000000,Louisiana,2007,6,1.047249876,1.122403658
LA,22,ST2200000000000,Louisiana,2007,7,1.061423629,1.255395683
LA,22,ST2200000000000,Louisiana,2007,8,1.038239729,1.276156032
LA,22,ST2200000000000,Louisiana,2007,9,1.031793128,1.187668025
LA,22,ST2200000000000,Louisiana,2007,10,1.038339184,1.135196589
LA,22,ST2200000000000,Louisiana,2007,11,1.040429093,0.921087175
LA,22,ST2200000000000,Louisiana,2007,12,1.030472015,1.126706335
LA,22,ST2200000000000,Louisiana,2008,1,1.03488887,1.186316864
LA,22,ST2200000000000,Louisiana,2008,2,1.030786315,1.111636971
LA,22,ST2200000000000,Louisiana,2008,3,1.032219035,1.108768489
LA,22,ST2200000000000,Louisiana,2008,4,1.048630341,1.053877926
LA,22,ST2200000000000,Louisiana,2008,5,1.045614848,0.95909252
LA,22,ST2200000000000,Louisiana,2008,6,1.055886551,1.193021288
LA,22,ST2200000000000,Louisiana,2008,7,1.06996434,1.41552887
LA,22,ST2200000000000,Louisiana,2008,8,1.049617871,1.242751641
LA,22,ST2200000000000,Louisiana,2008,9,1.058452342,1.313853241
LA,22,ST2200000000000,Louisiana,2008,10,1.056695474,1.114344211
LA,22,ST2200000000000,Louisiana,2008,11,1.047916329,1.04154656
LA,22,ST2200000000000,Louisiana,2008,12,1.039326624,1.222110418
LA,22,ST2200000000000,Louisiana,2009,1,1.039695154,1.405922764
LA,22,ST2200000000000,Louisiana,2009,2,1.035441385,1.266519407
LA,22,ST2200000000000,Louisiana,2009,3,1.034310831,1.2795438
LA,22,ST2200000000000,Louisiana,2009,4,1.042907909,1.22398568
LA,22,ST2200000000000,Louisiana,2009,5,1.033302617,1.11714935
LA,22,ST2200000000000,Louisiana,2009,6,1.044910827,1.242663607
LA,22,ST2200000000000,Louisiana,2009,7,1.061587536,1.415725503
LA,22,ST2200000000000,Louisiana,2009,8,1.047201698,1.124571771
LA,22,ST2200000000000,Louisiana,2009,9,1.047019844,1.134809914
LA,22,ST2200000000000,Louisiana,2009,10,1.051556114,0.979623047
LA,22,ST2200000000000,Louisiana,2009,11,1.04776804,0.92322505
LA,22,ST2200000000000,Louisiana,2009,12,1.034671875,1.014282049
LA,22,ST2200000000000,Louisiana,2010,1,1.048624275,1.058339422
LA,22,ST2200000000000,Louisiana,2010,2,1.052016179,1.04650546
LA,22,ST2200000000000,Louisiana,2010,3,1.05451415,1.070755556
LA,22,ST2200000000000,Louisiana,2010,4,1.065285541,0.923580021
LA,22,ST2200000000000,Louisiana,2010,5,1.056581906,1.032931178
LA,22,ST2200000000000,Louisiana,2010,6,1.060026911,1.174380859
LA,22,ST2200000000000,Louisiana,2010,7,1.075132349,1.220535926
LA,22,ST2200000000000,Louisiana,2010,8,1.066501053,1.085346326
LA,22,ST2200000000000,Louisiana,2010,9,1.0640499,1.179808983
LA,22,ST2200000000000,Louisiana,2010,10,1.059485728,1.048269189
LA,22,ST2200000000000,Louisiana,2010,11,1.054682826,1.044752741
LA,22,ST2200000000000,Louisiana,2010,12,1.044949245,1.145802958
LA,22,ST2200000000000,Louisiana,2011,1,1.037825685,1.115393122
LA,22,ST2200000000000,Louisiana,2011,2,1.040338733,1.130551767
LA,22,ST2200000000000,Louisiana,2011,3,1.044602778,1.159962808
LA,22,ST2200000000000,Louisiana,2011,4,1.049322535,1.015900601
LA,22,ST2200000000000,Louisiana,2011,5,1.041957436,1.006710947
LA,22,ST2200000000000,Louisiana,2011,6,1.048694687,1.163739521
LA,22,ST2200000000000,Louisiana,2011,7,1.05921456,1.076797134
LA,22,ST2200000000000,Louisiana,2011,8,1.048059507,1.087985068
LA,22,ST2200000000000,Louisiana,2011,9,1.04983064,1.121575029
LA,22,ST2200000000000,Louisiana,2011,10,1.048583837,1.055188081
LA,22,ST2200000000000,Louisiana,2011,11,1.045938326,0.949475738
LA,22,ST2200000000000,Louisiana,2011,12,1.033710885,1.095506065
LA,22,ST2200000000000,Louisiana,2012,1,1.03748415,1.092285387
LA,22,ST2200000000000,Louisiana,2012,2,1.0428204,1.089074887
LA,22,ST2200000000000,Louisiana,2012,3,1.045463407,1.120102882
LA,22,ST2200000000000,Louisiana,2012,4,1.050049311,1.026037609
LA,22,ST2200000000000,Louisiana,2012,5,1.044430259,0.990945791
LA,22,ST2200000000000,Louisiana,2012,6,1.054381841,1.14377904
LA,22,ST2200000000000,Louisiana,2012,7,1.070540903,1.155873242
LA,22,ST2200000000000,Louisiana,2012,8,1.05782661,1.152674073
LA,22,ST2200000000000,Louisiana,2012,9,1.062867536,1.119134064
LA,22,ST2200000000000,Louisiana,2012,10,1.068614833,1.02416245
LA,22,ST2200000000000,Louisiana,2012,11,1.057022199,0.90942225
LA,22,ST2200000000000,Louisiana,2012,12,1.046161353,0.959896192
LA,22,ST2200000000000,Louisiana,2013,1,1.043269116,1.077560328
LA,22,ST2200000000000,Louisiana,2013,2,1.049732808,1.157329188
LA,22,ST2200000000000,Louisiana,2013,3,1.04499223,1.278134749
LA,22,ST2200000000000,Louisiana,2013,4,1.049805063,1.256893512
LA,22,ST2200000000000,Louisiana,2013,5,1.050958275,1.260966006
LA,22,ST2200000000000,Louisiana,2013,6,1.053742927,1.414853947
LA,22,ST2200000000000,Louisiana,2013,7,1.063859909,1.312363561
LA,22,ST2200000000000,Louisiana,2013,8,1.041793984,1.3735172
ME,23,ST2300000000000,Maine,2005,1,1.034625672,1.346738005
ME,23,ST2300000000000,Maine,2005,2,1.035116894,1.291602107
ME,23,ST2300000000000,Maine,2005,3,1.036931418,1.256040163
ME,23,ST2300000000000,Maine,2005,4,1.02656072,1.232249502
ME,23,ST2300000000000,Maine,2005,5,1.023277778,1.239063568
ME,23,ST2300000000000,Maine,2005,6,1.021766236,1.217984093
ME,23,ST2300000000000,Maine,2005,7,1.039825699,1.3360785
ME,23,ST2300000000000,Maine,2005,8,1.045192466,1.331904112
ME,23,ST2300000000000,Maine,2005,9,1.020463488,1.378878606
ME,23,ST2300000000000,Maine,2005,10,1.035993026,1.4002197
ME,23,ST2300000000000,Maine,2005,11,1.026799356,1.557869916
ME,23,ST2300000000000,Maine,2005,12,1.023591061,1.519762846
ME,23,ST2300000000000,Maine,2006,1,1.041641531,1.365936827
ME,23,ST2300000000000,Maine,2006,2,1.041462677,1.302467105
ME,23,ST2300000000000,Maine,2006,3,1.041053559,1.284840007
ME,23,ST2300000000000,Maine,2006,4,1.031464933,1.316609654
ME,23,ST2300000000000,Maine,2006,5,1.020294636,1.333000599
ME,23,ST2300000000000,Maine,2006,6,1.022678498,1.246672283
ME,23,ST2300000000000,Maine,2006,7,1.042761305,1.34300885
ME,23,ST2300000000000,Maine,2006,8,1.042070818,1.325265053
ME,23,ST2300000000000,Maine,2006,9,1.021444347,1.385179153
ME,23,ST2300000000000,Maine,2006,10,1.029752269,1.324938921
ME,23,ST2300000000000,Maine,2006,11,1.025047194,1.545987848
ME,23,ST2300000000000,Maine,2006,12,1.026025454,1.488693743
ME,23,ST2300000000000,Maine,2007,1,1.05600542,1.454870925
ME,23,ST2300000000000,Maine,2007,2,1.046756495,1.343744637
ME,23,ST2300000000000,Maine,2007,3,1.045677502,1.242060227
ME,23,ST2300000000000,Maine,2007,4,1.037032747,1.217620995
ME,23,ST2300000000000,Maine,2007,5,1.020212447,1.228107722
ME,23,ST2300000000000,Maine,2007,6,1.018809677,1.24437299
ME,23,ST2300000000000,Maine,2007,7,1.031399865,1.260948304
ME,23,ST2300000000000,Maine,2007,8,1.037748522,1.378440367
ME,23,ST2300000000000,Maine,2007,9,1.018289944,1.443495935
ME,23,ST2300000000000,Maine,2007,10,1.026594518,1.439081813
ME,23,ST2300000000000,Maine,2007,11,1.027028965,1.49256395
ME,23,ST2300000000000,Maine,2007,12,1.021445315,1.548327138
ME,23,ST2300000000000,Maine,2008,1,1.050124563,1.492
ME,23,ST2300000000000,Maine,2008,2,1.043577257,1.403403403
ME,23,ST2300000000000,Maine,2008,3,1.046228398,1.315068493
ME,23,ST2300000000000,Maine,2008,4,1.032843887,1.2636953
ME,23,ST2300000000000,Maine,2008,5,1.015913447,1.266462481
ME,23,ST2300000000000,Maine,2008,6,1.014712611,1.263707188
ME,23,ST2300000000000,Maine,2008,7,1.027791226,1.156185832
ME,23,ST2300000000000,Maine,2008,8,1.0401936,1.350296443
ME,23,ST2300000000000,Maine,2008,9,1.017706853,1.358300551
ME,23,ST2300000000000,Maine,2008,10,1.029429817,1.461257542
ME,23,ST2300000000000,Maine,2008,11,1.025064251,1.423877327
ME,23,ST2300000000000,Maine,2008,12,1.022715927,1.412628672
ME,23,ST2300000000000,Maine,2009,1,1.045367276,1.368077849
ME,23,ST2300000000000,Maine,2009,2,1.039833139,1.359693153
ME,23,ST2300000000000,Maine,2009,3,1.041585305,1.280541012
ME,23,ST2300000000000,Maine,2009,4,1.037662865,1.233506301
ME,23,ST2300000000000,Maine,2009,5,1.016527088,1.183349004
ME,23,ST2300000000000,Maine,2009,6,1.021660593,1.21408805
ME,23,ST2300000000000,Maine,2009,7,1.03686494,1.236513443
ME,23,ST2300000000000,Maine,2009,8,1.041337932,1.337612453
ME,23,ST2300000000000,Maine,2009,9,1.017845991,1.322209212
ME,23,ST2300000000000,Maine,2009,10,1.025378335,1.350659579
ME,23,ST2300000000000,Maine,2009,11,1.018319121,1.220262794
ME,23,ST2300000000000,Maine,2009,12,1.019591306,1.267220367
ME,23,ST2300000000000,Maine,2010,1,1.046603696,1.258308992
ME,23,ST2300000000000,Maine,2010,2,1.045116942,1.235433191
ME,23,ST2300000000000,Maine,2010,3,1.051919594,1.250237567
ME,23,ST2300000000000,Maine,2010,4,1.050599813,1.175394167
ME,23,ST2300000000000,Maine,2010,5,1.027548092,1.101793082
ME,23,ST2300000000000,Maine,2010,6,1.027510851,1.1245508
ME,23,ST2300000000000,Maine,2010,7,1.025434913,1.13215645
ME,23,ST2300000000000,Maine,2010,8,1.037857397,1.266057839
ME,23,ST2300000000000,Maine,2010,9,1.031909713,1.254992013
ME,23,ST2300000000000,Maine,2010,10,1.040983867,1.282652649
ME,23,ST2300000000000,Maine,2010,11,1.033522158,1.226897542
ME,23,ST2300000000000,Maine,2010,12,1.035201088,1.238600113
ME,23,ST2300000000000,Maine,2011,1,1.054410576,1.156049236
ME,23,ST2300000000000,Maine,2011,2,1.051495362,1.149070164
ME,23,ST2300000000000,Maine,2011,3,1.053121876,1.085173274
ME,23,ST2300000000000,Maine,2011,4,1.053120261,1.118898173
ME,23,ST2300000000000,Maine,2011,5,1.032638406,1.065169824
ME,23,ST2300000000000,Maine,2011,6,1.027832271,1.11136027
ME,23,ST2300000000000,Maine,2011,7,1.030451509,1.123983051
ME,23,ST2300000000000,Maine,2011,8,1.038484452,1.178265333
ME,23,ST2300000000000,Maine,2011,9,1.037213204,1.211762103
ME,23,ST2300000000000,Maine,2011,10,1.044683736,1.307145898
ME,23,ST2300000000000,Maine,2011,11,1.039553872,1.205967645
ME,23,ST2300000000000,Maine,2011,12,1.044008322,1.280458812
ME,23,ST2300000000000,Maine,2012,1,1.063520305,1.223966334
ME,23,ST2300000000000,Maine,2012,2,1.063940725,1.20922341
ME,23,ST2300000000000,Maine,2012,3,1.063488774,1.078036098
ME,23,ST2300000000000,Maine,2012,4,1.051368398,1.080071137
ME,23,ST2300000000000,Maine,2012,5,1.035799416,1.041072703
ME,23,ST2300000000000,Maine,2012,6,1.028262561,1.120496406
ME,23,ST2300000000000,Maine,2012,7,1.032609181,1.144278827
ME,23,ST2300000000000,Maine,2012,8,1.041279584,1.209950764
ME,23,ST2300000000000,Maine,2012,9,1.033840188,1.243680928
ME,23,ST2300000000000,Maine,2012,10,1.052819901,1.350188505
ME,23,ST2300000000000,Maine,2012,11,1.04658599,1.245955361
ME,23,ST2300000000000,Maine,2012,12,1.049454699,1.338291796
ME,23,ST2300000000000,Maine,2013,1,1.065650319,1.29110792
ME,23,ST2300000000000,Maine,2013,2,1.071177027,1.257524203
ME,23,ST2300000000000,Maine,2013,3,1.08170542,1.092255432
ME,23,ST2300000000000,Maine,2013,4,1.075124878,1.126419293
ME,23,ST2300000000000,Maine,2013,5,1.05537249,1.11952819
ME,23,ST2300000000000,Maine,2013,6,1.040368412,1.161165881
ME,23,ST2300000000000,Maine,2013,7,1.041843661,1.172763235
ME,23,ST2300000000000,Maine,2013,8,1.046601247,1.249438387
MD,24,ST2400000000000,Maryland,2005,1,1.030520334,1.215981761
MD,24,ST2400000000000,Maryland,2005,2,1.026189256,1.261652522
MD,24,ST2400000000000,Maryland,2005,3,1.024007037,1.108631353
MD,24,ST2400000000000,Maryland,2005,4,1.018703994,1.232805948
MD,24,ST2400000000000,Maryland,2005,5,1.021704582,1.244060475
MD,24,ST2400000000000,Maryland,2005,6,1.025100239,1.161696917
MD,24,ST2400000000000,Maryland,2005,7,1.039963645,1.111493867
MD,24,ST2400000000000,Maryland,2005,8,1.032729313,1.25325161
MD,24,ST2400000000000,Maryland,2005,9,1.022310617,1.520733926
MD,24,ST2400000000000,Maryland,2005,10,1.029332846,1.407199786
MD,24,ST2400000000000,Maryland,2005,11,1.025240084,1.314700925
MD,24,ST2400000000000,Maryland,2005,12,1.027098002,1.251891313
MD,24,ST2400000000000,Maryland,2006,1,1.047538396,1.173805417
MD,24,ST2400000000000,Maryland,2006,2,1.043347759,1.314544047
MD,24,ST2400000000000,Maryland,2006,3,1.040968181,1.191402113
MD,24,ST2400000000000,Maryland,2006,4,1.037434175,1.218598083
MD,24,ST2400000000000,Maryland,2006,5,1.035341231,1.25142576
MD,24,ST2400000000000,Maryland,2006,6,1.036617913,1.132414926
MD,24,ST2400000000000,Maryland,2006,7,1.05397033,1.171413913
MD,24,ST2400000000000,Maryland,2006,8,1.044967191,1.286263433
MD,24,ST2400000000000,Maryland,2006,9,1.039758219,1.441401857
MD,24,ST2400000000000,Maryland,2006,10,1.042137704,1.365114448
MD,24,ST2400000000000,Maryland,2006,11,1.036586219,1.258188338
MD,24,ST2400000000000,Maryland,2006,12,1.034687474,1.235586651
MD,24,ST2400000000000,Maryland,2007,1,1.043712291,1.219398243
MD,24,ST2400000000000,Maryland,2007,2,1.035666715,1.194176634
MD,24,ST2400000000000,Maryland,2007,3,1.033943427,1.097139222
MD,24,ST2400000000000,Maryland,2007,4,1.025247487,1.130044732
MD,24,ST2400000000000,Maryland,2007,5,1.021682424,1.080350837
MD,24,ST2400000000000,Maryland,2007,6,1.023827895,1.000090919
MD,24,ST2400000000000,Maryland,2007,7,1.038928488,1.07282222
MD,24,ST2400000000000,Maryland,2007,8,1.032087226,1.135097711
MD,24,ST2400000000000,Maryland,2007,9,1.030669029,1.215132402
MD,24,ST2400000000000,Maryland,2007,10,1.032244848,1.128592586
MD,24,ST2400000000000,Maryland,2007,11,1.033979102,1.131259781
MD,24,ST2400000000000,Maryland,2007,12,1.0276269,1.130278394
MD,24,ST2400000000000,Maryland,2008,1,1.051484663,1.086202563
MD,24,ST2400000000000,Maryland,2008,2,1.041156675,1.078366234
MD,24,ST2400000000000,Maryland,2008,3,1.043134826,1.10972998
MD,24,ST2400000000000,Maryland,2008,4,1.03569523,1.045474526
MD,24,ST2400000000000,Maryland,2008,5,1.030514777,1.071018884
MD,24,ST2400000000000,Maryland,2008,6,1.029740142,1.061128219
MD,24,ST2400000000000,Maryland,2008,7,1.040752494,1.09348832
MD,24,ST2400000000000,Maryland,2008,8,1.033351919,1.265073536
MD,24,ST2400000000000,Maryland,2008,9,1.029382259,1.295618424
MD,24,ST2400000000000,Maryland,2008,10,1.037755571,1.285157979
MD,24,ST2400000000000,Maryland,2008,11,1.036570385,1.334458587
MD,24,ST2400000000000,Maryland,2008,12,1.030332046,1.396765239
MD,24,ST2400000000000,Maryland,2009,1,1.04758047,1.438322097
MD,24,ST2400000000000,Maryland,2009,2,1.041133019,1.35353767
MD,24,ST2400000000000,Maryland,2009,3,1.039768669,1.394746583
MD,24,ST2400000000000,Maryland,2009,4,1.037717678,1.339275552
MD,24,ST2400000000000,Maryland,2009,5,1.028972309,1.385580889
MD,24,ST2400000000000,Maryland,2009,6,1.030142988,1.270131645
MD,24,ST2400000000000,Maryland,2009,7,1.044462029,1.347709233
MD,24,ST2400000000000,Maryland,2009,8,1.034725405,1.411956972
MD,24,ST2400000000000,Maryland,2009,9,1.030479118,1.350504
MD,24,ST2400000000000,Maryland,2009,10,1.03145022,1.294484217
MD,24,ST2400000000000,Maryland,2009,11,1.02938027,1.372871552
MD,24,ST2400000000000,Maryland,2009,12,1.023934106,1.399926281
MD,24,ST2400000000000,Maryland,2010,1,1.046790855,1.331287236
MD,24,ST2400000000000,Maryland,2010,2,1.050787931,1.427604856
MD,24,ST2400000000000,Maryland,2010,3,1.042671846,1.394684244
MD,24,ST2400000000000,Maryland,2010,4,1.034882353,1.319036748
MD,24,ST2400000000000,Maryland,2010,5,1.030114813,1.342128028
MD,24,ST2400000000000,Maryland,2010,6,1.030946791,1.344461695
MD,24,ST2400000000000,Maryland,2010,7,1.047718552,1.345129905
MD,24,ST2400000000000,Maryland,2010,8,1.045829765,1.445146374
MD,24,ST2400000000000,Maryland,2010,9,1.042833405,1.376484142
MD,24,ST2400000000000,Maryland,2010,10,1.038311132,1.284876852
MD,24,ST2400000000000,Maryland,2010,11,1.03570293,1.373115961
MD,24,ST2400000000000,Maryland,2010,12,1.034680694,1.368510296
MD,24,ST2400000000000,Maryland,2011,1,1.055149517,1.344525457
MD,24,ST2400000000000,Maryland,2011,2,1.048166009,1.383912108
MD,24,ST2400000000000,Maryland,2011,3,1.044616037,1.302624961
MD,24,ST2400000000000,Maryland,2011,4,1.039006972,1.29375885
MD,24,ST2400000000000,Maryland,2011,5,1.037498435,1.299975103
MD,24,ST2400000000000,Maryland,2011,6,1.033534395,1.320935017
MD,24,ST2400000000000,Maryland,2011,7,1.046680559,1.401872584
MD,24,ST2400000000000,Maryland,2011,8,1.044666423,1.38425904
MD,24,ST2400000000000,Maryland,2011,9,1.04184794,1.355844484
MD,24,ST2400000000000,Maryland,2011,10,1.043064663,1.342543992
MD,24,ST2400000000000,Maryland,2011,11,1.042113136,1.353657022
MD,24,ST2400000000000,Maryland,2011,12,1.038664435,1.334901905
MD,24,ST2400000000000,Maryland,2012,1,1.054897417,1.298485865
MD,24,ST2400000000000,Maryland,2012,2,1.052222463,1.320492365
MD,24,ST2400000000000,Maryland,2012,3,1.051810904,1.23329791
MD,24,ST2400000000000,Maryland,2012,4,1.044348082,1.212327709
MD,24,ST2400000000000,Maryland,2012,5,1.041121858,1.245370203
MD,24,ST2400000000000,Maryland,2012,6,1.038982478,1.264859751
MD,24,ST2400000000000,Maryland,2012,7,1.054091875,1.347574657
MD,24,ST2400000000000,Maryland,2012,8,1.047779042,1.309482866
MD,24,ST2400000000000,Maryland,2012,9,1.047014138,1.318218337
MD,24,ST2400000000000,Maryland,2012,10,1.049437188,1.349792005
MD,24,ST2400000000000,Maryland,2012,11,1.043879866,1.348050012
MD,24,ST2400000000000,Maryland,2012,12,1.04049176,1.40107256
MD,24,ST2400000000000,Maryland,2013,1,1.057104561,1.424607423
MD,24,ST2400000000000,Maryland,2013,2,1.054222327,1.352511991
MD,24,ST2400000000000,Maryland,2013,3,1.050997033,1.290988557
MD,24,ST2400000000000,Maryland,2013,4,1.045549084,1.353323645
MD,24,ST2400000000000,Maryland,2013,5,1.036058445,1.315598556
MD,24,ST2400000000000,Maryland,2013,6,1.031541498,1.30740017
MD,24,ST2400000000000,Maryland,2013,7,1.041437616,1.393887636
MD,24,ST2400000000000,Maryland,2013,8,1.036961054,1.351704586
MA,25,ST2500000000000,Massachusetts,2005,1,1.05893122,1.10151503
MA,25,ST2500000000000,Massachusetts,2005,2,1.054264343,0.99128041
MA,25,ST2500000000000,Massachusetts,2005,3,1.053969466,0.984160907
MA,25,ST2500000000000,Massachusetts,2005,4,1.042441658,0.96263271
MA,25,ST2500000000000,Massachusetts,2005,5,1.040464997,0.99157115
MA,25,ST2500000000000,Massachusetts,2005,6,1.04664481,1.027498606
MA,25,ST2500000000000,Massachusetts,2005,7,1.056600223,1.1287822
MA,25,ST2500000000000,Massachusetts,2005,8,1.062917158,1.064916625
MA,25,ST2500000000000,Massachusetts,2005,9,1.034806721,1.280967761
MA,25,ST2500000000000,Massachusetts,2005,10,1.045006494,1.079225988
MA,25,ST2500000000000,Massachusetts,2005,11,1.044613956,1.114223218
MA,25,ST2500000000000,Massachusetts,2005,12,1.040342351,1.161233098
MA,25,ST2500000000000,Massachusetts,2006,1,1.057400463,1.211191895
MA,25,ST2500000000000,Massachusetts,2006,2,1.055091059,1.125132093
MA,25,ST2500000000000,Massachusetts,2006,3,1.054186786,1.17632065
MA,25,ST2500000000000,Massachusetts,2006,4,1.043375306,1.194679681
MA,25,ST2500000000000,Massachusetts,2006,5,1.040406567,1.131050155
MA,25,ST2500000000000,Massachusetts,2006,6,1.047709044,1.063660802
MA,25,ST2500000000000,Massachusetts,2006,7,1.059086793,1.193285966
MA,25,ST2500000000000,Massachusetts,2006,8,1.060627103,1.148581541
MA,25,ST2500000000000,Massachusetts,2006,9,1.035774787,1.228652283
MA,25,ST2500000000000,Massachusetts,2006,10,1.042239431,1.120371832
MA,25,ST2500000000000,Massachusetts,2006,11,1.045515189,1.069801749
MA,25,ST2500000000000,Massachusetts,2006,12,1.044399419,1.191221263
MA,25,ST2500000000000,Massachusetts,2007,1,1.059775546,1.236569053
MA,25,ST2500000000000,Massachusetts,2007,2,1.055179099,1.048605761
MA,25,ST2500000000000,Massachusetts,2007,3,1.057109722,1.077529663
MA,25,ST2500000000000,Massachusetts,2007,4,1.042931201,1.030965872
MA,25,ST2500000000000,Massachusetts,2007,5,1.034271155,0.93610488
MA,25,ST2500000000000,Massachusetts,2007,6,1.038924471,1.007546119
MA,25,ST2500000000000,Massachusetts,2007,7,1.049863264,1.105245771
MA,25,ST2500000000000,Massachusetts,2007,8,1.054436074,1.105959359
MA,25,ST2500000000000,Massachusetts,2007,9,1.035263147,1.109662339
MA,25,ST2500000000000,Massachusetts,2007,10,1.037551153,1.001679951
MA,25,ST2500000000000,Massachusetts,2007,11,1.045196816,0.989426009
MA,25,ST2500000000000,Massachusetts,2007,12,1.042182965,1.104826875
MA,25,ST2500000000000,Massachusetts,2008,1,1.060078307,1.092361433
MA,25,ST2500000000000,Massachusetts,2008,2,1.053704445,1.016455509
MA,25,ST2500000000000,Massachusetts,2008,3,1.054414365,1.07001224
MA,25,ST2500000000000,Massachusetts,2008,4,1.043139193,1.035626083
MA,25,ST2500000000000,Massachusetts,2008,5,1.033879042,0.945995545
MA,25,ST2500000000000,Massachusetts,2008,6,1.04048834,0.949286354
MA,25,ST2500000000000,Massachusetts,2008,7,1.047361772,1.082302077
MA,25,ST2500000000000,Massachusetts,2008,8,1.054575048,1.180742335
MA,25,ST2500000000000,Massachusetts,2008,9,1.032375741,1.23537792
MA,25,ST2500000000000,Massachusetts,2008,10,1.039717127,1.240906164
MA,25,ST2500000000000,Massachusetts,2008,11,1.046761478,1.131392025
MA,25,ST2500000000000,Massachusetts,2008,12,1.042747488,1.154932254
MA,25,ST2500000000000,Massachusetts,2009,1,1.060176564,1.19324836
MA,25,ST2500000000000,Massachusetts,2009,2,1.05557715,1.140713298
MA,25,ST2500000000000,Massachusetts,2009,3,1.055293949,1.168191945
MA,25,ST2500000000000,Massachusetts,2009,4,1.051234079,1.090463488
MA,25,ST2500000000000,Massachusetts,2009,5,1.041441077,1.072028907
MA,25,ST2500000000000,Massachusetts,2009,6,1.05119537,1.029814569
MA,25,ST2500000000000,Massachusetts,2009,7,1.058987476,1.076032153
MA,25,ST2500000000000,Massachusetts,2009,8,1.062541721,1.119188299
MA,25,ST2500000000000,Massachusetts,2009,9,1.037242093,1.134548983
MA,25,ST2500000000000,Massachusetts,2009,10,1.038303599,1.189451755
MA,25,ST2500000000000,Massachusetts,2009,11,1.042816667,1.130223827
MA,25,ST2500000000000,Massachusetts,2009,12,1.034469184,1.141216091
MA,25,ST2500000000000,Massachusetts,2010,1,1.051103734,1.192917553
MA,25,ST2500000000000,Massachusetts,2010,2,1.051070739,1.176496422
MA,25,ST2500000000000,Massachusetts,2010,3,1.056309406,1.196416931
MA,25,ST2500000000000,Massachusetts,2010,4,1.048852205,1.09370723
MA,25,ST2500000000000,Massachusetts,2010,5,1.037184412,1.150129925
MA,25,ST2500000000000,Massachusetts,2010,6,1.048863743,1.052767346
MA,25,ST2500000000000,Massachusetts,2010,7,1.053137043,1.052774487
MA,25,ST2500000000000,Massachusetts,2010,8,1.061527311,1.109859791
MA,25,ST2500000000000,Massachusetts,2010,9,1.042665256,1.142338326
MA,25,ST2500000000000,Massachusetts,2010,10,1.038543297,1.088987381
MA,25,ST2500000000000,Massachusetts,2010,11,1.039980609,1.081460086
MA,25,ST2500000000000,Massachusetts,2010,12,1.037524961,1.078122782
MA,25,ST2500000000000,Massachusetts,2011,1,1.058387848,1.098450452
MA,25,ST2500000000000,Massachusetts,2011,2,1.057070622,1.092348573
MA,25,ST2500000000000,Massachusetts,2011,3,1.057103351,1.114092449
MA,25,ST2500000000000,Massachusetts,2011,4,1.047132304,0.998600594
MA,25,ST2500000000000,Massachusetts,2011,5,1.03868652,1.046120781
MA,25,ST2500000000000,Massachusetts,2011,6,1.041037786,1.014608939
MA,25,ST2500000000000,Massachusetts,2011,7,1.043522461,0.991062145
MA,25,ST2500000000000,Massachusetts,2011,8,1.052822904,1.055119708
MA,25,ST2500000000000,Massachusetts,2011,9,1.037596464,1.07326285
MA,25,ST2500000000000,Massachusetts,2011,10,1.038142131,0.990851852
MA,25,ST2500000000000,Massachusetts,2011,11,1.043529315,0.991726504
MA,25,ST2500000000000,Massachusetts,2011,12,1.040173182,1.005749523
MA,25,ST2500000000000,Massachusetts,2012,1,1.05389331,1.005622051
MA,25,ST2500000000000,Massachusetts,2012,2,1.05680529,0.998574446
MA,25,ST2500000000000,Massachusetts,2012,3,1.052305622,1.048663708
MA,25,ST2500000000000,Massachusetts,2012,4,1.043740289,0.924521944
MA,25,ST2500000000000,Massachusetts,2012,5,1.037095783,1.014136392
MA,25,ST2500000000000,Massachusetts,2012,6,1.03351782,1.009178536
MA,25,ST2500000000000,Massachusetts,2012,7,1.038620547,1.001164749
MA,25,ST2500000000000,Massachusetts,2012,8,1.044772872,1.049276403
MA,25,ST2500000000000,Massachusetts,2012,9,1.029672271,1.051830177
MA,25,ST2500000000000,Massachusetts,2012,10,1.03391984,0.929112264
MA,25,ST2500000000000,Massachusetts,2012,11,1.032677477,1.011998113
MA,25,ST2500000000000,Massachusetts,2012,12,1.03096261,1.033642113
MA,25,ST2500000000000,Massachusetts,2013,1,1.047964811,1.034908098
MA,25,ST2500000000000,Massachusetts,2013,2,1.046717462,1.014970853
MA,25,ST2500000000000,Massachusetts,2013,3,1.04466937,1.097027002
MA,25,ST2500000000000,Massachusetts,2013,4,1.031999625,1.006505008
MA,25,ST2500000000000,Massachusetts,2013,5,1.023418628,1.079933086
MA,25,ST2500000000000,Massachusetts,2013,6,1.020923294,1.08992176
MA,25,ST2500000000000,Massachusetts,2013,7,1.029285574,1.090640011
MA,25,ST2500000000000,Massachusetts,2013,8,1.031983601,1.20362579
MI,26,BS2600000000000,"Balance of Michigan, state less Detroit-Warren-Livonia MSA",2005,1,1.082961509,0.988060808
MI,26,BS2600000000000,"Balance of Michigan, state less Detroit-Warren-Livonia MSA",2005,2,1.08074692,1.012787724
MI,26,BS2600000000000,"Balance of Michigan, state less Detroit-Warren-Livonia MSA",2005,3,1.075199611,1.006546015
MI,26,BS2600000000000,"Balance of Michigan, state less Detroit-Warren-Livonia MSA",2005,4,1.065597955,1.031354419
MI,26,BS2600000000000,"Balance of Michigan, state less Detroit-Warren-Livonia MSA",2005,5,1.069610705,1.035484425
MI,26,BS2600000000000,"Balance of Michigan, state less Detroit-Warren-Livonia MSA",2005,6,1.078248928,1.048871712
MI,26,BS2600000000000,"Balance of Michigan, state less Detroit-Warren-Livonia MSA",2005,7,1.093034116,1.044347453
MI,26,BS2600000000000,"Balance of Michigan, state less Detroit-Warren-Livonia MSA",2005,8,1.093716174,1.063946436
MI,26,BS2600000000000,"Balance of Michigan, state less Detroit-Warren-Livonia MSA",2005,9,1.067959895,1.081593366
MI,26,BS2600000000000,"Balance of Michigan, state less Detroit-Warren-Livonia MSA",2005,10,1.079353376,1.032794578
MI,26,BS2600000000000,"Balance of Michigan, state less Detroit-Warren-Livonia MSA",2005,11,1.083694646,1.040129173
MI,26,BS2600000000000,"Balance of Michigan, state less Detroit-Warren-Livonia MSA",2005,12,1.081198402,0.954915067
MI,26,BS2600000000000,"Balance of Michigan, state less Detroit-Warren-Livonia MSA",2006,1,1.098293545,0.919258047
MI,26,BS2600000000000,"Balance of Michigan, state less Detroit-Warren-Livonia MSA",2006,2,1.096594034,0.978238182
MI,26,BS2600000000000,"Balance of Michigan, state less Detroit-Warren-Livonia MSA",2006,3,1.09163443,1.005113659
MI,26,BS2600000000000,"Balance of Michigan, state less Detroit-Warren-Livonia MSA",2006,4,1.081596277,1.053085257
MI,26,BS2600000000000,"Balance of Michigan, state less Detroit-Warren-Livonia MSA",2006,5,1.08091104,1.076061887
MI,26,BS2600000000000,"Balance of Michigan, state less Detroit-Warren-Livonia MSA",2006,6,1.089066228,1.12779524
MI,26,BS2600000000000,"Balance of Michigan, state less Detroit-Warren-Livonia MSA",2006,7,1.107978657,1.20790142
MI,26,BS2600000000000,"Balance of Michigan, state less Detroit-Warren-Livonia MSA",2006,8,1.09879565,1.188424374
MI,26,BS2600000000000,"Balance of Michigan, state less Detroit-Warren-Livonia MSA",2006,9,1.076790611,1.104966244
MI,26,BS2600000000000,"Balance of Michigan, state less Detroit-Warren-Livonia MSA",2006,10,1.084925506,1.084600232
MI,26,BS2600000000000,"Balance of Michigan, state less Detroit-Warren-Livonia MSA",2006,11,1.091059119,1.062815747
MI,26,BS2600000000000,"Balance of Michigan, state less Detroit-Warren-Livonia MSA",2006,12,1.09308656,0.963186881
MI,26,BS2600000000000,"Balance of Michigan, state less Detroit-Warren-Livonia MSA",2007,1,1.117315698,1.02129083
MI,26,BS2600000000000,"Balance of Michigan, state less Detroit-Warren-Livonia MSA",2007,2,1.109757511,0.997141707
MI,26,BS2600000000000,"Balance of Michigan, state less Detroit-Warren-Livonia MSA",2007,3,1.103154602,1.017817282
MI,26,BS2600000000000,"Balance of Michigan, state less Detroit-Warren-Livonia MSA",2007,4,1.093862124,0.999822199
MI,26,BS2600000000000,"Balance of Michigan, state less Detroit-Warren-Livonia MSA",2007,5,1.091753356,1.127208311
MI,26,BS2600000000000,"Balance of Michigan, state less Detroit-Warren-Livonia MSA",2007,6,1.099075677,1.157671958
MI,26,BS2600000000000,"Balance of Michigan, state less Detroit-Warren-Livonia MSA",2007,7,1.114546299,1.172606061
MI,26,BS2600000000000,"Balance of Michigan, state less Detroit-Warren-Livonia MSA",2007,8,1.106949059,1.24357081
MI,26,BS2600000000000,"Balance of Michigan, state less Detroit-Warren-Livonia MSA",2007,9,1.087123213,1.16834268
MI,26,BS2600000000000,"Balance of Michigan, state less Detroit-Warren-Livonia MSA",2007,10,1.09196466,1.17895513
MI,26,BS2600000000000,"Balance of Michigan, state less Detroit-Warren-Livonia MSA",2007,11,1.103594648,1.134646383
MI,26,BS2600000000000,"Balance of Michigan, state less Detroit-Warren-Livonia MSA",2007,12,1.097665664,1.10763085
MI,26,BS2600000000000,"Balance of Michigan, state less Detroit-Warren-Livonia MSA",2008,1,1.117103748,1.08265094
MI,26,BS2600000000000,"Balance of Michigan, state less Detroit-Warren-Livonia MSA",2008,2,1.108701011,1.063248153
MI,26,BS2600000000000,"Balance of Michigan, state less Detroit-Warren-Livonia MSA",2008,3,1.106867305,1.078847771
MI,26,BS2600000000000,"Balance of Michigan, state less Detroit-Warren-Livonia MSA",2008,4,1.100435361,0.970359947
MI,26,BS2600000000000,"Balance of Michigan, state less Detroit-Warren-Livonia MSA",2008,5,1.089154597,1.048042705
MI,26,BS2600000000000,"Balance of Michigan, state less Detroit-Warren-Livonia MSA",2008,6,1.092983515,1.104137957
MI,26,BS2600000000000,"Balance of Michigan, state less Detroit-Warren-Livonia MSA",2008,7,1.108670847,1.165685301
MI,26,BS2600000000000,"Balance of Michigan, state less Detroit-Warren-Livonia MSA",2008,8,1.101594667,1.242593124
MI,26,BS2600000000000,"Balance of Michigan, state less Detroit-Warren-Livonia MSA",2008,9,1.079295001,1.22264009
MI,26,BS2600000000000,"Balance of Michigan, state less Detroit-Warren-Livonia MSA",2008,10,1.088106948,1.213532513
MI,26,BS2600000000000,"Balance of Michigan, state less Detroit-Warren-Livonia MSA",2008,11,1.091951799,1.12001793
MI,26,BS2600000000000,"Balance of Michigan, state less Detroit-Warren-Livonia MSA",2008,12,1.08614077,1.139056076
MI,26,BS2600000000000,"Balance of Michigan, state less Detroit-Warren-Livonia MSA",2009,1,1.096703939,1.093992438
MI,26,BS2600000000000,"Balance of Michigan, state less Detroit-Warren-Livonia MSA",2009,2,1.086601383,1.127701322
MI,26,BS2600000000000,"Balance of Michigan, state less Detroit-Warren-Livonia MSA",2009,3,1.077044638,1.123410562
MI,26,BS2600000000000,"Balance of Michigan, state less Detroit-Warren-Livonia MSA",2009,4,1.068616145,1.071359013
MI,26,BS2600000000000,"Balance of Michigan, state less Detroit-Warren-Livonia MSA",2009,5,1.064415082,1.080331098
MI,26,BS2600000000000,"Balance of Michigan, state less Detroit-Warren-Livonia MSA",2009,6,1.073584755,1.022698035
MI,26,BS2600000000000,"Balance of Michigan, state less Detroit-Warren-Livonia MSA",2009,7,1.084258965,1.125546266
MI,26,BS2600000000000,"Balance of Michigan, state less Detroit-Warren-Livonia MSA",2009,8,1.074533182,1.141830678
MI,26,BS2600000000000,"Balance of Michigan, state less Detroit-Warren-Livonia MSA",2009,9,1.048704111,1.156941319
MI,26,BS2600000000000,"Balance of Michigan, state less Detroit-Warren-Livonia MSA",2009,10,1.050378632,1.123636762
MI,26,BS2600000000000,"Balance of Michigan, state less Detroit-Warren-Livonia MSA",2009,11,1.054054468,1.122565989
MI,26,BS2600000000000,"Balance of Michigan, state less Detroit-Warren-Livonia MSA",2009,12,1.046320832,1.188594121
MI,26,BS2600000000000,"Balance of Michigan, state less Detroit-Warren-Livonia MSA",2010,1,1.05963623,1.156348002
MI,26,BS2600000000000,"Balance of Michigan, state less Detroit-Warren-Livonia MSA",2010,2,1.054923952,1.182449975
MI,26,BS2600000000000,"Balance of Michigan, state less Detroit-Warren-Livonia MSA",2010,3,1.052457564,1.137394541
MI,26,BS2600000000000,"Balance of Michigan, state less Detroit-Warren-Livonia MSA",2010,4,1.044750879,1.096225355
MI,26,BS2600000000000,"Balance of Michigan, state less Detroit-Warren-Livonia MSA",2010,5,1.040243024,1.073530958
MI,26,BS2600000000000,"Balance of Michigan, state less Detroit-Warren-Livonia MSA",2010,6,1.048738802,1.02915827
MI,26,BS2600000000000,"Balance of Michigan, state less Detroit-Warren-Livonia MSA",2010,7,1.05978311,1.078161813
MI,26,BS2600000000000,"Balance of Michigan, state less Detroit-Warren-Livonia MSA",2010,8,1.063394563,1.082212012
MI,26,BS2600000000000,"Balance of Michigan, state less Detroit-Warren-Livonia MSA",2010,9,1.044516849,1.07766397
MI,26,BS2600000000000,"Balance of Michigan, state less Detroit-Warren-Livonia MSA",2010,10,1.040987255,1.001099632
MI,26,BS2600000000000,"Balance of Michigan, state less Detroit-Warren-Livonia MSA",2010,11,1.044457653,1.037684655
MI,26,BS2600000000000,"Balance of Michigan, state less Detroit-Warren-Livonia MSA",2010,12,1.042902942,1.065103448
MI,26,BS2600000000000,"Balance of Michigan, state less Detroit-Warren-Livonia MSA",2011,1,1.054957162,1.041029489
MI,26,BS2600000000000,"Balance of Michigan, state less Detroit-Warren-Livonia MSA",2011,2,1.0595064,1.022090667
MI,26,BS2600000000000,"Balance of Michigan, state less Detroit-Warren-Livonia MSA",2011,3,1.056120956,0.954185623
MI,26,BS2600000000000,"Balance of Michigan, state less Detroit-Warren-Livonia MSA",2011,4,1.049632736,0.920288067
MI,26,BS2600000000000,"Balance of Michigan, state less Detroit-Warren-Livonia MSA",2011,5,1.045683812,0.930424103
MI,26,BS2600000000000,"Balance of Michigan, state less Detroit-Warren-Livonia MSA",2011,6,1.047299217,0.929565898
MI,26,BS2600000000000,"Balance of Michigan, state less Detroit-Warren-Livonia MSA",2011,7,1.055610353,0.977857895
MI,26,BS2600000000000,"Balance of Michigan, state less Detroit-Warren-Livonia MSA",2011,8,1.06089814,0.970645884
MI,26,BS2600000000000,"Balance of Michigan, state less Detroit-Warren-Livonia MSA",2011,9,1.043382212,0.980760861
MI,26,BS2600000000000,"Balance of Michigan, state less Detroit-Warren-Livonia MSA",2011,10,1.045376879,0.926336012
MI,26,BS2600000000000,"Balance of Michigan, state less Detroit-Warren-Livonia MSA",2011,11,1.052506549,0.925181244
MI,26,BS2600000000000,"Balance of Michigan, state less Detroit-Warren-Livonia MSA",2011,12,1.052514861,0.999787487
MI,26,BS2600000000000,"Balance of Michigan, state less Detroit-Warren-Livonia MSA",2012,1,1.05826391,0.989186131
MI,26,BS2600000000000,"Balance of Michigan, state less Detroit-Warren-Livonia MSA",2012,2,1.060840455,0.99032679
MI,26,BS2600000000000,"Balance of Michigan, state less Detroit-Warren-Livonia MSA",2012,3,1.055257204,0.941349181
MI,26,BS2600000000000,"Balance of Michigan, state less Detroit-Warren-Livonia MSA",2012,4,1.0429226,0.875951932
MI,26,BS2600000000000,"Balance of Michigan, state less Detroit-Warren-Livonia MSA",2012,5,1.04396675,0.889815468
MI,26,BS2600000000000,"Balance of Michigan, state less Detroit-Warren-Livonia MSA",2012,6,1.047548107,0.937057698
MI,26,BS2600000000000,"Balance of Michigan, state less Detroit-Warren-Livonia MSA",2012,7,1.05654444,0.953893117
MI,26,BS2600000000000,"Balance of Michigan, state less Detroit-Warren-Livonia MSA",2012,8,1.054865236,0.915523893
MI,26,BS2600000000000,"Balance of Michigan, state less Detroit-Warren-Livonia MSA",2012,9,1.036006623,0.923672137
MI,26,BS2600000000000,"Balance of Michigan, state less Detroit-Warren-Livonia MSA",2012,10,1.040020744,0.85511918
MI,26,BS2600000000000,"Balance of Michigan, state less Detroit-Warren-Livonia MSA",2012,11,1.040262022,0.873184043
MI,26,BS2600000000000,"Balance of Michigan, state less Detroit-Warren-Livonia MSA",2012,12,1.040302752,0.930357504
MI,26,BS2600000000000,"Balance of Michigan, state less Detroit-Warren-Livonia MSA",2013,1,1.050973498,0.993437222
MI,26,BS2600000000000,"Balance of Michigan, state less Detroit-Warren-Livonia MSA",2013,2,1.058718078,1.009139163
MI,26,BS2600000000000,"Balance of Michigan, state less Detroit-Warren-Livonia MSA",2013,3,1.0658036,0.942523203
MI,26,BS2600000000000,"Balance of Michigan, state less Detroit-Warren-Livonia MSA",2013,4,1.058783714,0.928054542
MI,26,BS2600000000000,"Balance of Michigan, state less Detroit-Warren-Livonia MSA",2013,5,1.063597804,0.975789445
MI,26,BS2600000000000,"Balance of Michigan, state less Detroit-Warren-Livonia MSA",2013,6,1.066585352,1.035859729
MI,26,BS2600000000000,"Balance of Michigan, state less Detroit-Warren-Livonia MSA",2013,7,1.064620371,1.087331522
MI,26,BS2600000000000,"Balance of Michigan, state less Detroit-Warren-Livonia MSA",2013,8,1.058697529,1.039591384
MN,27,ST2700000000000,Minnesota,2005,1,1.061180425,1.152970203
MN,27,ST2700000000000,Minnesota,2005,2,1.061339497,1.187588152
MN,27,ST2700000000000,Minnesota,2005,3,1.059606627,1.146906723
MN,27,ST2700000000000,Minnesota,2005,4,1.05320325,1.111377724
MN,27,ST2700000000000,Minnesota,2005,5,1.051067672,1.060579456
MN,27,ST2700000000000,Minnesota,2005,6,1.047139243,1.164791901
MN,27,ST2700000000000,Minnesota,2005,7,1.059768638,1.086715328
MN,27,ST2700000000000,Minnesota,2005,8,1.05737337,1.018450185
MN,27,ST2700000000000,Minnesota,2005,9,1.041542715,1.09928264
MN,27,ST2700000000000,Minnesota,2005,10,1.045095592,1.208944282
MN,27,ST2700000000000,Minnesota,2005,11,1.042160461,1.112417551
MN,27,ST2700000000000,Minnesota,2005,12,1.036999343,1.115222482
MN,27,ST2700000000000,Minnesota,2006,1,1.049557101,1.15784275
MN,27,ST2700000000000,Minnesota,2006,2,1.0538046,1.158494208
MN,27,ST2700000000000,Minnesota,2006,3,1.052416105,1.074378548
MN,27,ST2700000000000,Minnesota,2006,4,1.045977253,1.05582407
MN,27,ST2700000000000,Minnesota,2006,5,1.03488843,1.004895961
MN,27,ST2700000000000,Minnesota,2006,6,1.033150734,1.204055767
MN,27,ST2700000000000,Minnesota,2006,7,1.053755484,1.186360779
MN,27,ST2700000000000,Minnesota,2006,8,1.049388656,1.14779575
MN,27,ST2700000000000,Minnesota,2006,9,1.038463112,1.144708423
MN,27,ST2700000000000,Minnesota,2006,10,1.042885509,1.211731044
MN,27,ST2700000000000,Minnesota,2006,11,1.042789598,1.093576966
MN,27,ST2700000000000,Minnesota,2006,12,1.042537313,1.139599171
MN,27,ST2700000000000,Minnesota,2007,1,1.050662122,1.261302529
MN,27,ST2700000000000,Minnesota,2007,2,1.049731112,1.17230056
MN,27,ST2700000000000,Minnesota,2007,3,1.046422104,1.15210547
MN,27,ST2700000000000,Minnesota,2007,4,1.042320121,1.162362405
MN,27,ST2700000000000,Minnesota,2007,5,1.030706109,1.103113325
MN,27,ST2700000000000,Minnesota,2007,6,1.027847687,1.319357473
MN,27,ST2700000000000,Minnesota,2007,7,1.05126374,1.358551663
MN,27,ST2700000000000,Minnesota,2007,8,1.04295621,1.298651817
MN,27,ST2700000000000,Minnesota,2007,9,1.035433435,1.320151207
MN,27,ST2700000000000,Minnesota,2007,10,1.036411609,1.28416
MN,27,ST2700000000000,Minnesota,2007,11,1.040476941,1.246688254
MN,27,ST2700000000000,Minnesota,2007,12,1.034805752,1.258870788
MN,27,ST2700000000000,Minnesota,2008,1,1.04880319,1.321104699
MN,27,ST2700000000000,Minnesota,2008,2,1.046559408,1.292075163
MN,27,ST2700000000000,Minnesota,2008,3,1.048160088,1.242772353
MN,27,ST2700000000000,Minnesota,2008,4,1.048896685,1.175206937
MN,27,ST2700000000000,Minnesota,2008,5,1.035353072,1.171038825
MN,27,ST2700000000000,Minnesota,2008,6,1.033575308,1.298019141
MN,27,ST2700000000000,Minnesota,2008,7,1.057499503,1.33143118
MN,27,ST2700000000000,Minnesota,2008,8,1.056260527,1.34057971
MN,27,ST2700000000000,Minnesota,2008,9,1.051181595,1.292898719
MN,27,ST2700000000000,Minnesota,2008,10,1.055601933,1.257088847
MN,27,ST2700000000000,Minnesota,2008,11,1.057068971,1.2544317
MN,27,ST2700000000000,Minnesota,2008,12,1.053245929,1.18727091
MN,27,ST2700000000000,Minnesota,2009,1,1.061209463,1.426570517
MN,27,ST2700000000000,Minnesota,2009,2,1.0622312,1.361069087
MN,27,ST2700000000000,Minnesota,2009,3,1.0606441,1.277817067
MN,27,ST2700000000000,Minnesota,2009,4,1.063971412,1.151173344
MN,27,ST2700000000000,Minnesota,2009,5,1.056566853,1.153565147
MN,27,ST2700000000000,Minnesota,2009,6,1.053994138,1.187434002
MN,27,ST2700000000000,Minnesota,2009,7,1.079344883,1.192641298
MN,27,ST2700000000000,Minnesota,2009,8,1.073731974,1.18489124
MN,27,ST2700000000000,Minnesota,2009,9,1.067093242,1.163946812
MN,27,ST2700000000000,Minnesota,2009,10,1.068303734,1.118780816
MN,27,ST2700000000000,Minnesota,2009,11,1.072489532,1.113864307
MN,27,ST2700000000000,Minnesota,2009,12,1.064836505,1.113341527
MN,27,ST2700000000000,Minnesota,2010,1,1.074881853,1.189898247
MN,27,ST2700000000000,Minnesota,2010,2,1.075020102,1.183040078
MN,27,ST2700000000000,Minnesota,2010,3,1.07517622,1.114490964
MN,27,ST2700000000000,Minnesota,2010,4,1.070271369,1.076121372
MN,27,ST2700000000000,Minnesota,2010,5,1.05960104,1.051852896
MN,27,ST2700000000000,Minnesota,2010,6,1.05682622,1.067971874
MN,27,ST2700000000000,Minnesota,2010,7,1.080414609,1.109928058
MN,27,ST2700000000000,Minnesota,2010,8,1.079412746,1.101098901
MN,27,ST2700000000000,Minnesota,2010,9,1.071491116,1.131327378
MN,27,ST2700000000000,Minnesota,2010,10,1.063693403,1.056503365
MN,27,ST2700000000000,Minnesota,2010,11,1.065056875,1.18530298
MN,27,ST2700000000000,Minnesota,2010,12,1.0617057,1.148823884
MN,27,ST2700000000000,Minnesota,2011,1,1.074582545,1.187790722
MN,27,ST2700000000000,Minnesota,2011,2,1.079007916,1.163199115
MN,27,ST2700000000000,Minnesota,2011,3,1.080687087,1.189412491
MN,27,ST2700000000000,Minnesota,2011,4,1.073034307,1.115427201
MN,27,ST2700000000000,Minnesota,2011,5,1.061866631,1.126853718
MN,27,ST2700000000000,Minnesota,2011,6,1.053804336,1.095573864
MN,27,ST2700000000000,Minnesota,2011,7,1.07253678,1.141412024
MN,27,ST2700000000000,Minnesota,2011,8,1.070416088,1.127915681
MN,27,ST2700000000000,Minnesota,2011,9,1.068794997,1.154746143
MN,27,ST2700000000000,Minnesota,2011,10,1.065631326,1.073776104
MN,27,ST2700000000000,Minnesota,2011,11,1.066086602,1.107808038
MN,27,ST2700000000000,Minnesota,2011,12,1.05943201,1.105650978
MN,27,ST2700000000000,Minnesota,2012,1,1.071124649,1.15841106
MN,27,ST2700000000000,Minnesota,2012,2,1.079769573,1.111861547
MN,27,ST2700000000000,Minnesota,2012,3,1.073862348,1.171545927
MN,27,ST2700000000000,Minnesota,2012,4,1.069230934,1.081273124
MN,27,ST2700000000000,Minnesota,2012,5,1.060254518,1.064666512
MN,27,ST2700000000000,Minnesota,2012,6,1.051125901,1.080741675
MN,27,ST2700000000000,Minnesota,2012,7,1.068982572,1.113050463
MN,27,ST2700000000000,Minnesota,2012,8,1.061444975,1.129024345
MN,27,ST2700000000000,Minnesota,2012,9,1.059247263,1.133956363
MN,27,ST2700000000000,Minnesota,2012,10,1.06272467,1.076719213
MN,27,ST2700000000000,Minnesota,2012,11,1.05950787,1.174474504
MN,27,ST2700000000000,Minnesota,2012,12,1.05557976,1.160335521
MN,27,ST2700000000000,Minnesota,2013,1,1.066276422,1.21627907
MN,27,ST2700000000000,Minnesota,2013,2,1.069394884,1.077542836
MN,27,ST2700000000000,Minnesota,2013,3,1.073929829,1.164299779
MN,27,ST2700000000000,Minnesota,2013,4,1.070331524,1.111650284
MN,27,ST2700000000000,Minnesota,2013,5,1.056461296,1.065456228
MN,27,ST2700000000000,Minnesota,2013,6,1.045644337,1.093511744
MN,27,ST2700000000000,Minnesota,2013,7,1.05664166,1.143720763
MN,27,ST2700000000000,Minnesota,2013,8,1.051582051,1.114829607
MS,28,ST2800000000000,Mississippi,2005,1,1.06554278,1.449332631
MS,28,ST2800000000000,Mississippi,2005,2,1.068967742,1.476483975
MS,28,ST2800000000000,Mississippi,2005,3,1.065758757,1.40184105
MS,28,ST2800000000000,Mississippi,2005,4,1.057969411,1.40368204
MS,28,ST2800000000000,Mississippi,2005,5,1.056612135,1.53166858
MS,28,ST2800000000000,Mississippi,2005,6,1.064609241,1.305440846
MS,28,ST2800000000000,Mississippi,2005,7,1.078629058,1.53517519
MS,28,ST2800000000000,Mississippi,2005,8,1.062113187,1.387474314
MS,28,ST2800000000000,Mississippi,2005,9,1.036755479,1.223606024
MS,28,ST2800000000000,Mississippi,2005,10,1.03449214,1.340540541
MS,28,ST2800000000000,Mississippi,2005,11,1.0365303,1.38612727
MS,28,ST2800000000000,Mississippi,2005,12,1.044445662,1.345535376
MS,28,ST2800000000000,Mississippi,2006,1,1.031006562,1.399753531
MS,28,ST2800000000000,Mississippi,2006,2,1.028145346,1.328701078
MS,28,ST2800000000000,Mississippi,2006,3,1.020367442,1.183656036
MS,28,ST2800000000000,Mississippi,2006,4,1.015956735,1.286864998
MS,28,ST2800000000000,Mississippi,2006,5,1.021336972,1.342116183
MS,28,ST2800000000000,Mississippi,2006,6,1.030659068,1.269278659
MS,28,ST2800000000000,Mississippi,2006,7,1.047416961,1.455564452
MS,28,ST2800000000000,Mississippi,2006,8,1.020786937,1.357906879
MS,28,ST2800000000000,Mississippi,2006,9,1.008133647,1.397591692
MS,28,ST2800000000000,Mississippi,2006,10,1.019195261,1.322513525
MS,28,ST2800000000000,Mississippi,2006,11,1.020852942,1.314490125
MS,28,ST2800000000000,Mississippi,2006,12,1.029412867,1.269333844
MS,28,ST2800000000000,Mississippi,2007,1,1.033715384,1.474648748
MS,28,ST2800000000000,Mississippi,2007,2,1.027144192,1.448262165
MS,28,ST2800000000000,Mississippi,2007,3,1.02527,1.340996891
MS,28,ST2800000000000,Mississippi,2007,4,1.028078925,1.328603977
MS,28,ST2800000000000,Mississippi,2007,5,1.033377024,1.431191615
MS,28,ST2800000000000,Mississippi,2007,6,1.04380366,1.28183391
MS,28,ST2800000000000,Mississippi,2007,7,1.058045759,1.443445338
MS,28,ST2800000000000,Mississippi,2007,8,1.026831013,1.261744966
MS,28,ST2800000000000,Mississippi,2007,9,1.016797988,1.399656579
MS,28,ST2800000000000,Mississippi,2007,10,1.023711417,1.314194082
MS,28,ST2800000000000,Mississippi,2007,11,1.029729719,1.323097765
MS,28,ST2800000000000,Mississippi,2007,12,1.032008202,1.38316556
MS,28,ST2800000000000,Mississippi,2008,1,1.032521014,1.399354032
MS,28,ST2800000000000,Mississippi,2008,2,1.025795599,1.358336136
MS,28,ST2800000000000,Mississippi,2008,3,1.020117453,1.350656396
MS,28,ST2800000000000,Mississippi,2008,4,1.024811179,1.326947344
MS,28,ST2800000000000,Mississippi,2008,5,1.025607782,1.426695393
MS,28,ST2800000000000,Mississippi,2008,6,1.040509847,1.264647694
MS,28,ST2800000000000,Mississippi,2008,7,1.057620715,1.324931673
MS,28,ST2800000000000,Mississippi,2008,8,1.031837671,1.252832089
MS,28,ST2800000000000,Mississippi,2008,9,1.031603244,1.338530655
MS,28,ST2800000000000,Mississippi,2008,10,1.033240482,1.239191609
MS,28,ST2800000000000,Mississippi,2008,11,1.031080248,1.268477335
MS,28,ST2800000000000,Mississippi,2008,12,1.041485515,1.265993814
MS,28,ST2800000000000,Mississippi,2009,1,1.043252055,1.229753709
MS,28,ST2800000000000,Mississippi,2009,2,1.042104897,1.226162994
MS,28,ST2800000000000,Mississippi,2009,3,1.03785647,1.238694006
MS,28,ST2800000000000,Mississippi,2009,4,1.042013674,1.145864973
MS,28,ST2800000000000,Mississippi,2009,5,1.031693735,1.209366032
MS,28,ST2800000000000,Mississippi,2009,6,1.043581202,1.168146184
MS,28,ST2800000000000,Mississippi,2009,7,1.060720814,1.171338704
MS,28,ST2800000000000,Mississippi,2009,8,1.042409391,1.112884368
MS,28,ST2800000000000,Mississippi,2009,9,1.039726382,1.25272647
MS,28,ST2800000000000,Mississippi,2009,10,1.042547509,1.130286905
MS,28,ST2800000000000,Mississippi,2009,11,1.040359018,1.140825767
MS,28,ST2800000000000,Mississippi,2009,12,1.038425345,1.187616561
MS,28,ST2800000000000,Mississippi,2010,1,1.050698141,1.18983687
MS,28,ST2800000000000,Mississippi,2010,2,1.050664459,1.244174211
MS,28,ST2800000000000,Mississippi,2010,3,1.047344334,1.351361318
MS,28,ST2800000000000,Mississippi,2010,4,1.054897754,1.192414852
MS,28,ST2800000000000,Mississippi,2010,5,1.046571641,1.220496549
MS,28,ST2800000000000,Mississippi,2010,6,1.057040758,1.121826678
MS,28,ST2800000000000,Mississippi,2010,7,1.070936953,1.146809418
MS,28,ST2800000000000,Mississippi,2010,8,1.061816625,1.246165404
MS,28,ST2800000000000,Mississippi,2010,9,1.063897764,1.243957406
MS,28,ST2800000000000,Mississippi,2010,10,1.058822764,1.171218828
MS,28,ST2800000000000,Mississippi,2010,11,1.062487529,1.219559984
MS,28,ST2800000000000,Mississippi,2010,12,1.066847565,1.23128726
MS,28,ST2800000000000,Mississippi,2011,1,1.068549775,1.139107383
MS,28,ST2800000000000,Mississippi,2011,2,1.074223172,1.197390293
MS,28,ST2800000000000,Mississippi,2011,3,1.069850945,1.246393137
MS,28,ST2800000000000,Mississippi,2011,4,1.073527171,1.245642344
MS,28,ST2800000000000,Mississippi,2011,5,1.067375789,1.287062031
MS,28,ST2800000000000,Mississippi,2011,6,1.076628325,1.292654441
MS,28,ST2800000000000,Mississippi,2011,7,1.090991865,1.299625406
MS,28,ST2800000000000,Mississippi,2011,8,1.074261764,1.363168012
MS,28,ST2800000000000,Mississippi,2011,9,1.075821164,1.267561573
MS,28,ST2800000000000,Mississippi,2011,10,1.070638782,1.250325056
MS,28,ST2800000000000,Mississippi,2011,11,1.070343376,1.223779177
MS,28,ST2800000000000,Mississippi,2011,12,1.070394358,1.209603384
MS,28,ST2800000000000,Mississippi,2012,1,1.078512666,1.146329031
MS,28,ST2800000000000,Mississippi,2012,2,1.079560692,1.153046431
MS,28,ST2800000000000,Mississippi,2012,3,1.073586621,1.221633531
MS,28,ST2800000000000,Mississippi,2012,4,1.07641523,1.110939783
MS,28,ST2800000000000,Mississippi,2012,5,1.071874704,1.152007101
MS,28,ST2800000000000,Mississippi,2012,6,1.084433958,1.129228488
MS,28,ST2800000000000,Mississippi,2012,7,1.096210118,1.182520844
MS,28,ST2800000000000,Mississippi,2012,8,1.079927418,1.211879047
MS,28,ST2800000000000,Mississippi,2012,9,1.082865742,1.127256554
MS,28,ST2800000000000,Mississippi,2012,10,1.090035482,1.156917713
MS,28,ST2800000000000,Mississippi,2012,11,1.081373762,1.081458376
MS,28,ST2800000000000,Mississippi,2012,12,1.081251077,1.077785091
MS,28,ST2800000000000,Mississippi,2013,1,1.061278173,1.161586598
MS,28,ST2800000000000,Mississippi,2013,2,1.063703926,1.147965269
MS,28,ST2800000000000,Mississippi,2013,3,1.058043055,1.141374226
MS,28,ST2800000000000,Mississippi,2013,4,1.060271865,1.07493795
MS,28,ST2800000000000,Mississippi,2013,5,1.045388332,1.126918283
MS,28,ST2800000000000,Mississippi,2013,6,1.050459575,1.129289055
MS,28,ST2800000000000,Mississippi,2013,7,1.064518741,1.024916627
MS,28,ST2800000000000,Mississippi,2013,8,1.041179669,1.044752997
MO,29,ST2900000000000,Missouri,2005,1,1.067546299,1.154390299
MO,29,ST2900000000000,Missouri,2005,2,1.061855009,1.284257097
MO,29,ST2900000000000,Missouri,2005,3,1.055949367,1.194141769
MO,29,ST2900000000000,Missouri,2005,4,1.045766863,1.165616798
MO,29,ST2900000000000,Missouri,2005,5,1.046901502,1.168956044
MO,29,ST2900000000000,Missouri,2005,6,1.055243339,1.11232466
MO,29,ST2900000000000,Missouri,2005,7,1.073074391,1.066259507
MO,29,ST2900000000000,Missouri,2005,8,1.066682908,1.166788374
MO,29,ST2900000000000,Missouri,2005,9,1.04823358,1.268844985
MO,29,ST2900000000000,Missouri,2005,10,1.053042551,1.194781121
MO,29,ST2900000000000,Missouri,2005,11,1.049612364,1.250521921
MO,29,ST2900000000000,Missouri,2005,12,1.046711347,1.207767603
MO,29,ST2900000000000,Missouri,2006,1,1.05921685,1.085020752
MO,29,ST2900000000000,Missouri,2006,2,1.058915265,1.176020088
MO,29,ST2900000000000,Missouri,2006,3,1.054346498,1.143257677
MO,29,ST2900000000000,Missouri,2006,4,1.051078984,1.115522342
MO,29,ST2900000000000,Missouri,2006,5,1.046952727,1.110904141
MO,29,ST2900000000000,Missouri,2006,6,1.054022501,1.162537538
MO,29,ST2900000000000,Missouri,2006,7,1.075769296,1.218445287
MO,29,ST2900000000000,Missouri,2006,8,1.063674553,1.254882106
MO,29,ST2900000000000,Missouri,2006,9,1.046102859,1.257781087
MO,29,ST2900000000000,Missouri,2006,10,1.053611088,1.131086142
MO,29,ST2900000000000,Missouri,2006,11,1.050867557,1.194456475
MO,29,ST2900000000000,Missouri,2006,12,1.048322287,1.233860343
MO,29,ST2900000000000,Missouri,2007,1,1.06209064,1.178715943
MO,29,ST2900000000000,Missouri,2007,2,1.059896712,1.087935477
MO,29,ST2900000000000,Missouri,2007,3,1.049904163,1.108861727
MO,29,ST2900000000000,Missouri,2007,4,1.047300582,1.191027496
MO,29,ST2900000000000,Missouri,2007,5,1.038144013,1.195405599
MO,29,ST2900000000000,Missouri,2007,6,1.04349118,1.201439742
MO,29,ST2900000000000,Missouri,2007,7,1.068898694,1.244568839
MO,29,ST2900000000000,Missouri,2007,8,1.050080424,1.362133952
MO,29,ST2900000000000,Missouri,2007,9,1.036373523,1.336267363
MO,29,ST2900000000000,Missouri,2007,10,1.033762318,1.283509455
MO,29,ST2900000000000,Missouri,2007,11,1.035991243,1.288866884
MO,29,ST2900000000000,Missouri,2007,12,1.032711031,1.457426679
MO,29,ST2900000000000,Missouri,2008,1,1.047457797,1.285236626
MO,29,ST2900000000000,Missouri,2008,2,1.040694856,1.261801059
MO,29,ST2900000000000,Missouri,2008,3,1.040691815,1.284582572
MO,29,ST2900000000000,Missouri,2008,4,1.03936776,1.298951323
MO,29,ST2900000000000,Missouri,2008,5,1.028368586,1.361452288
MO,29,ST2900000000000,Missouri,2008,6,1.034685152,1.271415483
MO,29,ST2900000000000,Missouri,2008,7,1.04993365,1.223248179
MO,29,ST2900000000000,Missouri,2008,8,1.034595969,1.395784816
MO,29,ST2900000000000,Missouri,2008,9,1.026092007,1.315435477
MO,29,ST2900000000000,Missouri,2008,10,1.028324878,1.36001378
MO,29,ST2900000000000,Missouri,2008,11,1.031673281,1.295213319
MO,29,ST2900000000000,Missouri,2008,12,1.030474416,1.328079934
MO,29,ST2900000000000,Missouri,2009,1,1.043651843,1.451295456
MO,29,ST2900000000000,Missouri,2009,2,1.039882911,1.407373531
MO,29,ST2900000000000,Missouri,2009,3,1.030969364,1.372538549
MO,29,ST2900000000000,Missouri,2009,4,1.040250176,1.345652671
MO,29,ST2900000000000,Missouri,2009,5,1.034490042,1.358600788
MO,29,ST2900000000000,Missouri,2009,6,1.045977428,1.281126452
MO,29,ST2900000000000,Missouri,2009,7,1.058118443,1.232334893
MO,29,ST2900000000000,Missouri,2009,8,1.044965107,1.225267956
MO,29,ST2900000000000,Missouri,2009,9,1.03219426,1.212857326
MO,29,ST2900000000000,Missouri,2009,10,1.031161444,1.272292123
MO,29,ST2900000000000,Missouri,2009,11,1.031384355,1.268724907
MO,29,ST2900000000000,Missouri,2009,12,1.025341,1.319324738
MO,29,ST2900000000000,Missouri,2010,1,1.056150284,1.270430345
MO,29,ST2900000000000,Missouri,2010,2,1.048109786,1.315020419
MO,29,ST2900000000000,Missouri,2010,3,1.044846162,1.321030596
MO,29,ST2900000000000,Missouri,2010,4,1.051224865,1.441411995
MO,29,ST2900000000000,Missouri,2010,5,1.046270613,1.373656122
MO,29,ST2900000000000,Missouri,2010,6,1.058201628,1.342506773
MO,29,ST2900000000000,Missouri,2010,7,1.066163719,1.314315068
MO,29,ST2900000000000,Missouri,2010,8,1.048828341,1.343253684
MO,29,ST2900000000000,Missouri,2010,9,1.04492802,1.324805747
MO,29,ST2900000000000,Missouri,2010,10,1.038253717,1.33622131
MO,29,ST2900000000000,Missouri,2010,11,1.040145761,1.371198297
MO,29,ST2900000000000,Missouri,2010,12,1.039442572,1.360216672
MO,29,ST2900000000000,Missouri,2011,1,1.053736146,1.247057961
MO,29,ST2900000000000,Missouri,2011,2,1.056093507,1.278978084
MO,29,ST2900000000000,Missouri,2011,3,1.051710495,1.288207669
MO,29,ST2900000000000,Missouri,2011,4,1.0475306,1.307346167
MO,29,ST2900000000000,Missouri,2011,5,1.042672603,1.283294556
MO,29,ST2900000000000,Missouri,2011,6,1.051316879,1.272040219
MO,29,ST2900000000000,Missouri,2011,7,1.063574699,1.206394028
MO,29,ST2900000000000,Missouri,2011,8,1.049355457,1.253892655
MO,29,ST2900000000000,Missouri,2011,9,1.041340551,1.250596892
MO,29,ST2900000000000,Missouri,2011,10,1.040371969,1.200054425
MO,29,ST2900000000000,Missouri,2011,11,1.043708723,1.18782468
MO,29,ST2900000000000,Missouri,2011,12,1.036743709,1.189278904
MO,29,ST2900000000000,Missouri,2012,1,1.049452538,1.156538008
MO,29,ST2900000000000,Missouri,2012,2,1.052292578,1.205484401
MO,29,ST2900000000000,Missouri,2012,3,1.047705571,1.187760683
MO,29,ST2900000000000,Missouri,2012,4,1.051982497,1.117051581
MO,29,ST2900000000000,Missouri,2012,5,1.04452685,1.119906674
MO,29,ST2900000000000,Missouri,2012,6,1.053869284,1.191342597
MO,29,ST2900000000000,Missouri,2012,7,1.064270109,1.133321582
MO,29,ST2900000000000,Missouri,2012,8,1.048347239,1.183900608
MO,29,ST2900000000000,Missouri,2012,9,1.048104488,1.142584665
MO,29,ST2900000000000,Missouri,2012,10,1.043240732,1.112556116
MO,29,ST2900000000000,Missouri,2012,11,1.039932029,1.101177468
MO,29,ST2900000000000,Missouri,2012,12,1.037157242,1.176566538
MO,29,ST2900000000000,Missouri,2013,1,1.053427664,1.18144715
MO,29,ST2900000000000,Missouri,2013,2,1.051789221,1.255649556
MO,29,ST2900000000000,Missouri,2013,3,1.050643472,1.270427623
MO,29,ST2900000000000,Missouri,2013,4,1.044993119,1.229267501
MO,29,ST2900000000000,Missouri,2013,5,1.036712154,1.26549468
MO,29,ST2900000000000,Missouri,2013,6,1.038023229,1.350735962
MO,29,ST2900000000000,Missouri,2013,7,1.053413292,1.344658285
MO,29,ST2900000000000,Missouri,2013,8,1.044863819,1.338029401
MT,30,ST3000000000000,Montana,2005,1,1.020336107,1.033181818
MT,30,ST3000000000000,Montana,2005,2,1.017187507,1.162036569
MT,30,ST3000000000000,Montana,2005,3,1.008872728,1.139739583
MT,30,ST3000000000000,Montana,2005,4,1.011819369,1.089079956
MT,30,ST3000000000000,Montana,2005,5,0.995009768,0.836482714
MT,30,ST3000000000000,Montana,2005,6,0.97907149,0.846759945
MT,30,ST3000000000000,Montana,2005,7,0.998191564,1.00501187
MT,30,ST3000000000000,Montana,2005,8,0.99855999,0.926179261
MT,30,ST3000000000000,Montana,2005,9,0.997549374,0.980745205
MT,30,ST3000000000000,Montana,2005,10,0.995747418,1.117239181
MT,30,ST3000000000000,Montana,2005,11,0.99719414,1.185376924
MT,30,ST3000000000000,Montana,2005,12,0.994797051,1.094680364
MT,30,ST3000000000000,Montana,2006,1,1.012711173,1.08370413
MT,30,ST3000000000000,Montana,2006,2,1.011385017,1.195504857
MT,30,ST3000000000000,Montana,2006,3,1.007991403,1.144466153
MT,30,ST3000000000000,Montana,2006,4,1.011716338,1.087886747
MT,30,ST3000000000000,Montana,2006,5,0.995543169,0.739391684
MT,30,ST3000000000000,Montana,2006,6,0.977609199,0.938773135
MT,30,ST3000000000000,Montana,2006,7,1.029098279,1.057271364
MT,30,ST3000000000000,Montana,2006,8,1.022448975,1.037222565
MT,30,ST3000000000000,Montana,2006,9,0.994175059,1.016416105
MT,30,ST3000000000000,Montana,2006,10,1.002996455,1.05363722
MT,30,ST3000000000000,Montana,2006,11,1.004944617,1.224375608
MT,30,ST3000000000000,Montana,2006,12,1.001764216,1.174374582
MT,30,ST3000000000000,Montana,2007,1,1.026819135,1.212605724
MT,30,ST3000000000000,Montana,2007,2,1.015230249,1.168105696
MT,30,ST3000000000000,Montana,2007,3,1.006000147,1.230346765
MT,30,ST3000000000000,Montana,2007,4,1.012643389,1.205050434
MT,30,ST3000000000000,Montana,2007,5,0.998293536,0.857075638
MT,30,ST3000000000000,Montana,2007,6,0.980845004,1.002426203
MT,30,ST3000000000000,Montana,2007,7,0.996813459,1.154236914
MT,30,ST3000000000000,Montana,2007,8,0.988110061,1.120932997
MT,30,ST3000000000000,Montana,2007,9,0.978372435,1.182615894
MT,30,ST3000000000000,Montana,2007,10,0.986044647,1.326955002
MT,30,ST3000000000000,Montana,2007,11,0.998544755,1.272560124
MT,30,ST3000000000000,Montana,2007,12,0.98987695,1.343681319
MT,30,ST3000000000000,Montana,2008,1,1.008407372,1.334416657
MT,30,ST3000000000000,Montana,2008,2,0.99773089,1.191004912
MT,30,ST3000000000000,Montana,2008,3,0.993988594,1.348748126
MT,30,ST3000000000000,Montana,2008,4,0.995619507,1.137934747
MT,30,ST3000000000000,Montana,2008,5,0.992543602,1.084375
MT,30,ST3000000000000,Montana,2008,6,0.98086303,1.158954845
MT,30,ST3000000000000,Montana,2008,7,0.993606594,1.25219311
MT,30,ST3000000000000,Montana,2008,8,0.99055494,1.344432882
MT,30,ST3000000000000,Montana,2008,9,0.981537466,1.244894271
MT,30,ST3000000000000,Montana,2008,10,0.993863124,1.449272551
MT,30,ST3000000000000,Montana,2008,11,0.992948816,1.433650758
MT,30,ST3000000000000,Montana,2008,12,0.983030373,1.316513312
MT,30,ST3000000000000,Montana,2009,1,0.997265263,1.106388122
MT,30,ST3000000000000,Montana,2009,2,0.991670538,1.068989804
MT,30,ST3000000000000,Montana,2009,3,0.981865989,1.033766738
MT,30,ST3000000000000,Montana,2009,4,0.989666901,0.920547766
MT,30,ST3000000000000,Montana,2009,5,0.983713013,0.911461162
MT,30,ST3000000000000,Montana,2009,6,0.97595137,0.986972074
MT,30,ST3000000000000,Montana,2009,7,0.994402701,1.046224562
MT,30,ST3000000000000,Montana,2009,8,0.987747874,1.093832122
MT,30,ST3000000000000,Montana,2009,9,0.971544188,0.952035694
MT,30,ST3000000000000,Montana,2009,10,0.984316041,1.158623718
MT,30,ST3000000000000,Montana,2009,11,0.981559567,1.011770428
MT,30,ST3000000000000,Montana,2009,12,0.974821652,1.031301483
MT,30,ST3000000000000,Montana,2010,1,1.002827884,1.019998936
MT,30,ST3000000000000,Montana,2010,2,0.994343784,0.973310898
MT,30,ST3000000000000,Montana,2010,3,0.990949901,1.083144698
MT,30,ST3000000000000,Montana,2010,4,0.996232503,1.023894501
MT,30,ST3000000000000,Montana,2010,5,0.98334232,1.058885815
MT,30,ST3000000000000,Montana,2010,6,0.985075535,1.112497082
MT,30,ST3000000000000,Montana,2010,7,1.027308376,1.190219022
MT,30,ST3000000000000,Montana,2010,8,1.020173835,1.141201764
MT,30,ST3000000000000,Montana,2010,9,0.98974059,1.031803107
MT,30,ST3000000000000,Montana,2010,10,0.986196296,1.15581016
MT,30,ST3000000000000,Montana,2010,11,0.984393579,1.13406683
MT,30,ST3000000000000,Montana,2010,12,0.986113129,1.067197171
MT,30,ST3000000000000,Montana,2011,1,1.000360656,1.113306754
MT,30,ST3000000000000,Montana,2011,2,1.006555518,1.075292482
MT,30,ST3000000000000,Montana,2011,3,1.014883739,1.102854554
MT,30,ST3000000000000,Montana,2011,4,1.010755585,1.132516932
MT,30,ST3000000000000,Montana,2011,5,0.996989677,0.991670718
MT,30,ST3000000000000,Montana,2011,6,0.979214882,1.045603411
MT,30,ST3000000000000,Montana,2011,7,0.992898393,1.130898675
MT,30,ST3000000000000,Montana,2011,8,0.994675298,1.157745427
MT,30,ST3000000000000,Montana,2011,9,0.975881653,1.031831452
MT,30,ST3000000000000,Montana,2011,10,0.97839352,1.278454936
MT,30,ST3000000000000,Montana,2011,11,0.977650241,1.181387831
MT,30,ST3000000000000,Montana,2011,12,0.979286962,1.112791386
MT,30,ST3000000000000,Montana,2012,1,1.007470902,1.139895718
MT,30,ST3000000000000,Montana,2012,2,1.00877332,1.102861779
MT,30,ST3000000000000,Montana,2012,3,1.007387932,1.032458419
MT,30,ST3000000000000,Montana,2012,4,0.999364915,1.022414366
MT,30,ST3000000000000,Montana,2012,5,0.982977922,0.928204474
MT,30,ST3000000000000,Montana,2012,6,0.984832414,1.038574987
MT,30,ST3000000000000,Montana,2012,7,0.994028718,1.103631925
MT,30,ST3000000000000,Montana,2012,8,0.989938859,1.118111768
MT,30,ST3000000000000,Montana,2012,9,0.975137653,1.011051666
MT,30,ST3000000000000,Montana,2012,10,0.980973615,1.206271217
MT,30,ST3000000000000,Montana,2012,11,0.983415051,1.160525767
MT,30,ST3000000000000,Montana,2012,12,0.986323841,1.123786222
MT,30,ST3000000000000,Montana,2013,1,1.011903141,1.19927549
MT,30,ST3000000000000,Montana,2013,2,1.018280667,1.074066713
MT,30,ST3000000000000,Montana,2013,3,1.01675914,0.994046119
MT,30,ST3000000000000,Montana,2013,4,1.010089465,1.003181753
MT,30,ST3000000000000,Montana,2013,5,0.985429442,0.879544979
MT,30,ST3000000000000,Montana,2013,6,0.980122164,1.011961207
MT,30,ST3000000000000,Montana,2013,7,0.989322671,1.058306438
MT,30,ST3000000000000,Montana,2013,8,0.985972652,1.10607974
NE,31,ST3100000000000,Nebraska,2005,1,1.046784291,1.255285131
NE,31,ST3100000000000,Nebraska,2005,2,1.055821838,1.241618281
NE,31,ST3100000000000,Nebraska,2005,3,1.04422028,1.073235245
NE,31,ST3100000000000,Nebraska,2005,4,1.043824986,1.099232456
NE,31,ST3100000000000,Nebraska,2005,5,1.038691303,1.097725205
NE,31,ST3100000000000,Nebraska,2005,6,1.030752827,1.240713841
NE,31,ST3100000000000,Nebraska,2005,7,1.042637302,1.142414861
NE,31,ST3100000000000,Nebraska,2005,8,1.039732023,1.136563877
NE,31,ST3100000000000,Nebraska,2005,9,1.026003841,1.161758242
NE,31,ST3100000000000,Nebraska,2005,10,1.029958969,1.155703772
NE,31,ST3100000000000,Nebraska,2005,11,1.027877917,1.19400953
NE,31,ST3100000000000,Nebraska,2005,12,1.022728879,1.191393994
NE,31,ST3100000000000,Nebraska,2006,1,1.03080113,1.074804688
NE,31,ST3100000000000,Nebraska,2006,2,1.040423949,1.167791482
NE,31,ST3100000000000,Nebraska,2006,3,1.035542934,0.987920274
NE,31,ST3100000000000,Nebraska,2006,4,1.037120548,0.971014493
NE,31,ST3100000000000,Nebraska,2006,5,1.02783887,1.004348821
NE,31,ST3100000000000,Nebraska,2006,6,1.018676964,1.181461501
NE,31,ST3100000000000,Nebraska,2006,7,1.033245098,1.185150595
NE,31,ST3100000000000,Nebraska,2006,8,1.03115037,1.152807203
NE,31,ST3100000000000,Nebraska,2006,9,1.019984186,1.139258029
NE,31,ST3100000000000,Nebraska,2006,10,1.033821972,1.112442922
NE,31,ST3100000000000,Nebraska,2006,11,1.037786681,1.034309844
NE,31,ST3100000000000,Nebraska,2006,12,1.034771088,1.153621495
NE,31,ST3100000000000,Nebraska,2007,1,1.05182501,1.065422477
NE,31,ST3100000000000,Nebraska,2007,2,1.056457008,1.188349515
NE,31,ST3100000000000,Nebraska,2007,3,1.052709716,1.050923615
NE,31,ST3100000000000,Nebraska,2007,4,1.049232898,1.107979911
NE,31,ST3100000000000,Nebraska,2007,5,1.037016907,1.16621455
NE,31,ST3100000000000,Nebraska,2007,6,1.027472036,1.290528905
NE,31,ST3100000000000,Nebraska,2007,7,1.045334436,1.267377089
NE,31,ST3100000000000,Nebraska,2007,8,1.038194154,1.364731316
NE,31,ST3100000000000,Nebraska,2007,9,1.031730046,1.432054616
NE,31,ST3100000000000,Nebraska,2007,10,1.045259954,1.29976512
NE,31,ST3100000000000,Nebraska,2007,11,1.051060932,1.216662231
NE,31,ST3100000000000,Nebraska,2007,12,1.044531782,1.251651463
NE,31,ST3100000000000,Nebraska,2008,1,1.055299926,1.227262469
NE,31,ST3100000000000,Nebraska,2008,2,1.057290762,1.311419591
NE,31,ST3100000000000,Nebraska,2008,3,1.053716999,1.169780476
NE,31,ST3100000000000,Nebraska,2008,4,1.060072066,1.164543524
NE,31,ST3100000000000,Nebraska,2008,5,1.047302978,1.221644378
NE,31,ST3100000000000,Nebraska,2008,6,1.039761899,1.228800356
NE,31,ST3100000000000,Nebraska,2008,7,1.051041267,1.349414856
NE,31,ST3100000000000,Nebraska,2008,8,1.039572712,1.396716826
NE,31,ST3100000000000,Nebraska,2008,9,1.031836673,1.315079159
NE,31,ST3100000000000,Nebraska,2008,10,1.043333228,1.361639432
NE,31,ST3100000000000,Nebraska,2008,11,1.042853461,1.190823529
NE,31,ST3100000000000,Nebraska,2008,12,1.036033252,1.387122208
NE,31,ST3100000000000,Nebraska,2009,1,1.046819402,1.232479459
NE,31,ST3100000000000,Nebraska,2009,2,1.051396322,1.308929863
NE,31,ST3100000000000,Nebraska,2009,3,1.044799493,1.192350776
NE,31,ST3100000000000,Nebraska,2009,4,1.046065592,1.460851927
NE,31,ST3100000000000,Nebraska,2009,5,1.036834672,1.408657513
NE,31,ST3100000000000,Nebraska,2009,6,1.033441361,1.297965361
NE,31,ST3100000000000,Nebraska,2009,7,1.048824417,1.400515844
NE,31,ST3100000000000,Nebraska,2009,8,1.036348207,1.409011459
NE,31,ST3100000000000,Nebraska,2009,9,1.025421235,1.366853933
NE,31,ST3100000000000,Nebraska,2009,10,1.035841303,1.330786433
NE,31,ST3100000000000,Nebraska,2009,11,1.033464403,1.36326279
NE,31,ST3100000000000,Nebraska,2009,12,1.029988154,1.357569913
NE,31,ST3100000000000,Nebraska,2010,1,1.04867172,1.227731461
NE,31,ST3100000000000,Nebraska,2010,2,1.045829568,1.246207524
NE,31,ST3100000000000,Nebraska,2010,3,1.043654743,1.095322515
NE,31,ST3100000000000,Nebraska,2010,4,1.048560328,1.231752144
NE,31,ST3100000000000,Nebraska,2010,5,1.042268675,1.290609618
NE,31,ST3100000000000,Nebraska,2010,6,1.034682341,1.143584369
NE,31,ST3100000000000,Nebraska,2010,7,1.053474097,1.407713499
NE,31,ST3100000000000,Nebraska,2010,8,1.047502376,1.289810151
NE,31,ST3100000000000,Nebraska,2010,9,1.042255236,1.149653979
NE,31,ST3100000000000,Nebraska,2010,10,1.04158248,1.271153089
NE,31,ST3100000000000,Nebraska,2010,11,1.043343081,1.401593978
NE,31,ST3100000000000,Nebraska,2010,12,1.049174877,1.301136364
NE,31,ST3100000000000,Nebraska,2011,1,1.061075253,1.342308593
NE,31,ST3100000000000,Nebraska,2011,2,1.060186166,1.240636751
NE,31,ST3100000000000,Nebraska,2011,3,1.061980771,1.132537598
NE,31,ST3100000000000,Nebraska,2011,4,1.055223657,1.275709591
NE,31,ST3100000000000,Nebraska,2011,5,1.047525333,1.378099438
NE,31,ST3100000000000,Nebraska,2011,6,1.048401845,1.27469525
NE,31,ST3100000000000,Nebraska,2011,7,1.065601105,1.415824149
NE,31,ST3100000000000,Nebraska,2011,8,1.05856567,1.422636057
NE,31,ST3100000000000,Nebraska,2011,9,1.051595473,1.274177346
NE,31,ST3100000000000,Nebraska,2011,10,1.055218791,1.384060886
NE,31,ST3100000000000,Nebraska,2011,11,1.063263692,1.383992514
NE,31,ST3100000000000,Nebraska,2011,12,1.06140719,1.272627671
NE,31,ST3100000000000,Nebraska,2012,1,1.07191971,1.413873443
NE,31,ST3100000000000,Nebraska,2012,2,1.079818826,1.257013076
NE,31,ST3100000000000,Nebraska,2012,3,1.068584119,1.23270843
NE,31,ST3100000000000,Nebraska,2012,4,1.06835975,1.208110788
NE,31,ST3100000000000,Nebraska,2012,5,1.055511614,1.356342825
NE,31,ST3100000000000,Nebraska,2012,6,1.053481003,1.280730599
NE,31,ST3100000000000,Nebraska,2012,7,1.065950847,1.407062316
NE,31,ST3100000000000,Nebraska,2012,8,1.062873855,1.473656638
NE,31,ST3100000000000,Nebraska,2012,9,1.053795716,1.401763323
NE,31,ST3100000000000,Nebraska,2012,10,1.063468033,1.378802565
NE,31,ST3100000000000,Nebraska,2012,11,1.059960323,1.461927889
NE,31,ST3100000000000,Nebraska,2012,12,1.056523731,1.204174862
NE,31,ST3100000000000,Nebraska,2013,1,1.075823831,1.419519565
NE,31,ST3100000000000,Nebraska,2013,2,1.083959284,1.293590399
NE,31,ST3100000000000,Nebraska,2013,3,1.082911143,1.335672158
NE,31,ST3100000000000,Nebraska,2013,4,1.085863999,1.414172699
NE,31,ST3100000000000,Nebraska,2013,5,1.070014498,1.461025716
NE,31,ST3100000000000,Nebraska,2013,6,1.072060277,1.424512885
NE,31,ST3100000000000,Nebraska,2013,7,1.086489317,1.551894344
NE,31,ST3100000000000,Nebraska,2013,8,1.069686005,1.785046729
NV,32,ST3200000000000,Nevada,2005,1,1.052130173,1.185666157
NV,32,ST3200000000000,Nevada,2005,2,1.050454262,1.213062777
NV,32,ST3200000000000,Nevada,2005,3,1.038160943,1.176107273
NV,32,ST3200000000000,Nevada,2005,4,1.026601171,1.186453355
NV,32,ST3200000000000,Nevada,2005,5,1.028873664,1.216719571
NV,32,ST3200000000000,Nevada,2005,6,1.023206548,1.166103093
NV,32,ST3200000000000,Nevada,2005,7,1.027264791,1.193591906
NV,32,ST3200000000000,Nevada,2005,8,1.029852983,1.061969057
NV,32,ST3200000000000,Nevada,2005,9,1.019458428,1.351908629
NV,32,ST3200000000000,Nevada,2005,10,1.022095615,1.235479235
NV,32,ST3200000000000,Nevada,2005,11,1.017882132,1.383825208
NV,32,ST3200000000000,Nevada,2005,12,1.016637079,1.249129282
NV,32,ST3200000000000,Nevada,2006,1,1.031185328,1.366528779
NV,32,ST3200000000000,Nevada,2006,2,1.031239005,1.244358312
NV,32,ST3200000000000,Nevada,2006,3,1.023320724,1.137169544
NV,32,ST3200000000000,Nevada,2006,4,1.018513208,1.084869334
NV,32,ST3200000000000,Nevada,2006,5,1.015909754,1.282254631
NV,32,ST3200000000000,Nevada,2006,6,1.011796407,1.167845673
NV,32,ST3200000000000,Nevada,2006,7,1.022387381,1.243964683
NV,32,ST3200000000000,Nevada,2006,8,1.024524597,1.132459174
NV,32,ST3200000000000,Nevada,2006,9,1.022370951,1.340165877
NV,32,ST3200000000000,Nevada,2006,10,1.030020878,1.191106291
NV,32,ST3200000000000,Nevada,2006,11,1.02942134,1.250037315
NV,32,ST3200000000000,Nevada,2006,12,1.029838583,1.185125468
NV,32,ST3200000000000,Nevada,2007,1,1.041124919,1.195588757
NV,32,ST3200000000000,Nevada,2007,2,1.036161921,1.129860947
NV,32,ST3200000000000,Nevada,2007,3,1.033509436,1.064826863
NV,32,ST3200000000000,Nevada,2007,4,1.027606032,1.085190945
NV,32,ST3200000000000,Nevada,2007,5,1.023560194,1.231095705
NV,32,ST3200000000000,Nevada,2007,6,1.023623038,1.170065043
NV,32,ST3200000000000,Nevada,2007,7,1.036921626,1.17109273
NV,32,ST3200000000000,Nevada,2007,8,1.033366162,1.171270509
NV,32,ST3200000000000,Nevada,2007,9,1.036204192,1.148246869
NV,32,ST3200000000000,Nevada,2007,10,1.034863041,1.159480442
NV,32,ST3200000000000,Nevada,2007,11,1.038865878,1.28984297
NV,32,ST3200000000000,Nevada,2007,12,1.034612662,1.303463646
NV,32,ST3200000000000,Nevada,2008,1,1.058521244,1.268361906
NV,32,ST3200000000000,Nevada,2008,2,1.058905838,1.202999696
NV,32,ST3200000000000,Nevada,2008,3,1.061001501,1.21241634
NV,32,ST3200000000000,Nevada,2008,4,1.061399563,1.254612782
NV,32,ST3200000000000,Nevada,2008,5,1.055839379,1.331850313
NV,32,ST3200000000000,Nevada,2008,6,1.058044772,1.24371744
NV,32,ST3200000000000,Nevada,2008,7,1.067001438,1.25913381
NV,32,ST3200000000000,Nevada,2008,8,1.069808237,1.319343909
NV,32,ST3200000000000,Nevada,2008,9,1.069938616,1.300502253
NV,32,ST3200000000000,Nevada,2008,10,1.080790022,1.34229683
NV,32,ST3200000000000,Nevada,2008,11,1.088832007,1.432569696
NV,32,ST3200000000000,Nevada,2008,12,1.092469095,1.359106177
NV,32,ST3200000000000,Nevada,2009,1,1.115067688,1.301806358
NV,32,ST3200000000000,Nevada,2009,2,1.122547459,1.264312347
NV,32,ST3200000000000,Nevada,2009,3,1.122043259,1.195609768
NV,32,ST3200000000000,Nevada,2009,4,1.130409995,1.125981975
NV,32,ST3200000000000,Nevada,2009,5,1.130789191,1.150219812
NV,32,ST3200000000000,Nevada,2009,6,1.131060925,1.121914399
NV,32,ST3200000000000,Nevada,2009,7,1.141506496,1.15932914
NV,32,ST3200000000000,Nevada,2009,8,1.140231734,1.201185194
NV,32,ST3200000000000,Nevada,2009,9,1.127559058,1.23410083
NV,32,ST3200000000000,Nevada,2009,10,1.128786845,1.288659416
NV,32,ST3200000000000,Nevada,2009,11,1.134204374,1.366749592
NV,32,ST3200000000000,Nevada,2009,12,1.126707989,1.319534508
NV,32,ST3200000000000,Nevada,2010,1,1.154074025,1.300941346
NV,32,ST3200000000000,Nevada,2010,2,1.158144081,1.294587759
NV,32,ST3200000000000,Nevada,2010,3,1.156190268,1.250795813
NV,32,ST3200000000000,Nevada,2010,4,1.153134785,1.239646134
NV,32,ST3200000000000,Nevada,2010,5,1.144281908,1.20771957
NV,32,ST3200000000000,Nevada,2010,6,1.142208982,1.254131906
NV,32,ST3200000000000,Nevada,2010,7,1.150782105,1.340781667
NV,32,ST3200000000000,Nevada,2010,8,1.15558147,1.3605229
NV,32,ST3200000000000,Nevada,2010,9,1.153497666,1.33988844
NV,32,ST3200000000000,Nevada,2010,10,1.146667137,1.387833533
NV,32,ST3200000000000,Nevada,2010,11,1.14389816,1.410054874
NV,32,ST3200000000000,Nevada,2010,12,1.145532676,1.407253309
NV,32,ST3200000000000,Nevada,2011,1,1.162579912,1.460672909
NV,32,ST3200000000000,Nevada,2011,2,1.165651295,1.341781338
NV,32,ST3200000000000,Nevada,2011,3,1.163450884,1.250715524
NV,32,ST3200000000000,Nevada,2011,4,1.153119932,1.295068726
NV,32,ST3200000000000,Nevada,2011,5,1.148948744,1.255955184
NV,32,ST3200000000000,Nevada,2011,6,1.146274517,1.262407533
NV,32,ST3200000000000,Nevada,2011,7,1.1533922,1.307695993
NV,32,ST3200000000000,Nevada,2011,8,1.153574462,1.31233935
NV,32,ST3200000000000,Nevada,2011,9,1.154211508,1.357609386
NV,32,ST3200000000000,Nevada,2011,10,1.152163531,1.401128602
NV,32,ST3200000000000,Nevada,2011,11,1.153237094,1.350807324
NV,32,ST3200000000000,Nevada,2011,12,1.152680042,1.384193971
NV,32,ST3200000000000,Nevada,2012,1,1.168311598,1.342941964
NV,32,ST3200000000000,Nevada,2012,2,1.174519411,1.329807248
NV,32,ST3200000000000,Nevada,2012,3,1.165960145,1.189940334
NV,32,ST3200000000000,Nevada,2012,4,1.158215633,1.201361382
NV,32,ST3200000000000,Nevada,2012,5,1.151868695,1.233814377
NV,32,ST3200000000000,Nevada,2012,6,1.143576058,1.233247662
NV,32,ST3200000000000,Nevada,2012,7,1.15638234,1.145053428
NV,32,ST3200000000000,Nevada,2012,8,1.152409491,1.221615913
NV,32,ST3200000000000,Nevada,2012,9,1.152675073,1.172865728
NV,32,ST3200000000000,Nevada,2012,10,1.153084724,1.221132373
NV,32,ST3200000000000,Nevada,2012,11,1.147249788,1.127369973
NV,32,ST3200000000000,Nevada,2012,12,1.14636518,1.150340322
NV,32,ST3200000000000,Nevada,2013,1,1.158252726,1.169764664
NV,32,ST3200000000000,Nevada,2013,2,1.172406989,1.097873239
NV,32,ST3200000000000,Nevada,2013,3,1.161848518,1.04204773
NV,32,ST3200000000000,Nevada,2013,4,1.149637288,1.10228946
NV,32,ST3200000000000,Nevada,2013,5,1.151461432,1.117931053
NV,32,ST3200000000000,Nevada,2013,6,1.145453087,1.100174209
NV,32,ST3200000000000,Nevada,2013,7,1.161123689,1.035316693
NV,32,ST3200000000000,Nevada,2013,8,1.144829783,1.151136537
NH,33,ST3300000000000,New Hampshire,2005,1,1.053111109,1.581845803
NH,33,ST3300000000000,New Hampshire,2005,2,1.053457292,1.484480432
NH,33,ST3300000000000,New Hampshire,2005,3,1.05436615,1.482594357
NH,33,ST3300000000000,New Hampshire,2005,4,1.04111473,1.42791411
NH,33,ST3300000000000,New Hampshire,2005,5,1.038676892,1.417499001
NH,33,ST3300000000000,New Hampshire,2005,6,1.040052278,1.36928702
NH,33,ST3300000000000,New Hampshire,2005,7,1.067868749,1.359241354
NH,33,ST3300000000000,New Hampshire,2005,8,1.068330026,1.404798762
NH,33,ST3300000000000,New Hampshire,2005,9,1.033444403,1.521831284
NH,33,ST3300000000000,New Hampshire,2005,10,1.046295821,1.58115942
NH,33,ST3300000000000,New Hampshire,2005,11,1.04653821,1.651551313
NH,33,ST3300000000000,New Hampshire,2005,12,1.037553213,1.609756098
NH,33,ST3300000000000,New Hampshire,2006,1,1.061340808,1.6
NH,33,ST3300000000000,New Hampshire,2006,2,1.057338419,1.554822149
NH,33,ST3300000000000,New Hampshire,2006,3,1.058086833,1.519940365
NH,33,ST3300000000000,New Hampshire,2006,4,1.048308184,1.511207236
NH,33,ST3300000000000,New Hampshire,2006,5,1.045390918,1.436501597
NH,33,ST3300000000000,New Hampshire,2006,6,1.047382515,1.400906002
NH,33,ST3300000000000,New Hampshire,2006,7,1.065912563,1.301327886
NH,33,ST3300000000000,New Hampshire,2006,8,1.060387835,1.453919694
NH,33,ST3300000000000,New Hampshire,2006,9,1.041855157,1.493029151
NH,33,ST3300000000000,New Hampshire,2006,10,1.052201868,1.473706897
NH,33,ST3300000000000,New Hampshire,2006,11,1.056217435,1.666516042
NH,33,ST3300000000000,New Hampshire,2006,12,1.049718735,1.745238095
NH,33,ST3300000000000,New Hampshire,2007,1,1.07360817,1.582731338
NH,33,ST3300000000000,New Hampshire,2007,2,1.066883635,1.494722506
NH,33,ST3300000000000,New Hampshire,2007,3,1.068698347,1.485652016
NH,33,ST3300000000000,New Hampshire,2007,4,1.059727225,1.4
NH,33,ST3300000000000,New Hampshire,2007,5,1.045978528,1.465004023
NH,33,ST3300000000000,New Hampshire,2007,6,1.049330208,1.434687954
NH,33,ST3300000000000,New Hampshire,2007,7,1.065004993,1.352097526
NH,33,ST3300000000000,New Hampshire,2007,8,1.06181634,1.451638689
NH,33,ST3300000000000,New Hampshire,2007,9,1.048945277,1.429059829
NH,33,ST3300000000000,New Hampshire,2007,10,1.053989989,1.416363636
NH,33,ST3300000000000,New Hampshire,2007,11,1.059682006,1.464394932
NH,33,ST3300000000000,New Hampshire,2007,12,1.050885938,1.598991751
NH,33,ST3300000000000,New Hampshire,2008,1,1.075463335,1.357647815
NH,33,ST3300000000000,New Hampshire,2008,2,1.069016305,1.296183206
NH,33,ST3300000000000,New Hampshire,2008,3,1.071510013,1.269679737
NH,33,ST3300000000000,New Hampshire,2008,4,1.061319984,1.143786799
NH,33,ST3300000000000,New Hampshire,2008,5,1.047313504,1.302923565
NH,33,ST3300000000000,New Hampshire,2008,6,1.048878261,1.162365903
NH,33,ST3300000000000,New Hampshire,2008,7,1.052687811,1.149874407
NH,33,ST3300000000000,New Hampshire,2008,8,1.05482919,1.34913259
NH,33,ST3300000000000,New Hampshire,2008,9,1.046574284,1.354507539
NH,33,ST3300000000000,New Hampshire,2008,10,1.054362751,1.344299674
NH,33,ST3300000000000,New Hampshire,2008,11,1.062037349,1.308539125
NH,33,ST3300000000000,New Hampshire,2008,12,1.055814001,1.361832507
NH,33,ST3300000000000,New Hampshire,2009,1,1.076908535,1.222649141
NH,33,ST3300000000000,New Hampshire,2009,2,1.074138715,1.18622449
NH,33,ST3300000000000,New Hampshire,2009,3,1.076006735,1.114448733
NH,33,ST3300000000000,New Hampshire,2009,4,1.076979564,1.013768235
NH,33,ST3300000000000,New Hampshire,2009,5,1.059688428,1.105236227
NH,33,ST3300000000000,New Hampshire,2009,6,1.063394726,1.059403029
NH,33,ST3300000000000,New Hampshire,2009,7,1.074279939,1.138506399
NH,33,ST3300000000000,New Hampshire,2009,8,1.069345696,1.213744315
NH,33,ST3300000000000,New Hampshire,2009,9,1.058683551,1.186050449
NH,33,ST3300000000000,New Hampshire,2009,10,1.060769965,1.267889575
NH,33,ST3300000000000,New Hampshire,2009,11,1.064923278,1.225635593
NH,33,ST3300000000000,New Hampshire,2009,12,1.051500111,1.254696532
NH,33,ST3300000000000,New Hampshire,2010,1,1.078083734,1.231367668
NH,33,ST3300000000000,New Hampshire,2010,2,1.077345727,1.186890655
NH,33,ST3300000000000,New Hampshire,2010,3,1.082487502,1.166512059
NH,33,ST3300000000000,New Hampshire,2010,4,1.077626742,1.134345794
NH,33,ST3300000000000,New Hampshire,2010,5,1.061095417,1.186471664
NH,33,ST3300000000000,New Hampshire,2010,6,1.065668336,1.107327658
NH,33,ST3300000000000,New Hampshire,2010,7,1.074493265,1.078638692
NH,33,ST3300000000000,New Hampshire,2010,8,1.074421662,1.160219043
NH,33,ST3300000000000,New Hampshire,2010,9,1.065275429,1.161512027
NH,33,ST3300000000000,New Hampshire,2010,10,1.063159121,1.173731343
NH,33,ST3300000000000,New Hampshire,2010,11,1.065357485,1.279030558
NH,33,ST3300000000000,New Hampshire,2010,12,1.058389114,1.246212929
NH,33,ST3300000000000,New Hampshire,2011,1,1.088971026,1.26162598
NH,33,ST3300000000000,New Hampshire,2011,2,1.083827796,1.207263738
NH,33,ST3300000000000,New Hampshire,2011,3,1.084719749,1.180061671
NH,33,ST3300000000000,New Hampshire,2011,4,1.076064874,1.169019632
NH,33,ST3300000000000,New Hampshire,2011,5,1.064306851,1.190982326
NH,33,ST3300000000000,New Hampshire,2011,6,1.060853822,1.157162459
NH,33,ST3300000000000,New Hampshire,2011,7,1.073419396,1.150985837
NH,33,ST3300000000000,New Hampshire,2011,8,1.072724175,1.228356038
NH,33,ST3300000000000,New Hampshire,2011,9,1.066942099,1.256997699
NH,33,ST3300000000000,New Hampshire,2011,10,1.066170812,1.262351729
NH,33,ST3300000000000,New Hampshire,2011,11,1.068197096,1.271377334
NH,33,ST3300000000000,New Hampshire,2011,12,1.06188983,1.316327584
NH,33,ST3300000000000,New Hampshire,2012,1,1.081672428,1.352317141
NH,33,ST3300000000000,New Hampshire,2012,2,1.084628401,1.326754452
NH,33,ST3300000000000,New Hampshire,2012,3,1.080846391,1.293904703
NH,33,ST3300000000000,New Hampshire,2012,4,1.072138079,1.305979666
NH,33,ST3300000000000,New Hampshire,2012,5,1.063326369,1.287107509
NH,33,ST3300000000000,New Hampshire,2012,6,1.055264454,1.27309105
NH,33,ST3300000000000,New Hampshire,2012,7,1.063561459,1.268129658
NH,33,ST3300000000000,New Hampshire,2012,8,1.061522194,1.397045275
NH,33,ST3300000000000,New Hampshire,2012,9,1.056252992,1.38748624
NH,33,ST3300000000000,New Hampshire,2012,10,1.064043838,1.378125
NH,33,ST3300000000000,New Hampshire,2012,11,1.061390168,1.478570629
NH,33,ST3300000000000,New Hampshire,2012,12,1.054440967,1.473011566
NH,33,ST3300000000000,New Hampshire,2013,1,1.079301929,1.571025674
NH,33,ST3300000000000,New Hampshire,2013,2,1.076369593,1.484425349
NH,33,ST3300000000000,New Hampshire,2013,3,1.08003567,1.435232659
NH,33,ST3300000000000,New Hampshire,2013,4,1.070531682,1.49030214
NH,33,ST3300000000000,New Hampshire,2013,5,1.064008623,1.31198015
NH,33,ST3300000000000,New Hampshire,2013,6,1.061525581,1.280293099
NH,33,ST3300000000000,New Hampshire,2013,7,1.066098018,1.225595561
NH,33,ST3300000000000,New Hampshire,2013,8,1.064276683,1.399699908
NJ,34,ST3400000000000,New Jersey,2005,1,1.037944375,0.841300191
NJ,34,ST3400000000000,New Jersey,2005,2,1.040308342,0.855238426
NJ,34,ST3400000000000,New Jersey,2005,3,1.039185883,0.845612216
NJ,34,ST3400000000000,New Jersey,2005,4,1.031489101,0.783616551
NJ,34,ST3400000000000,New Jersey,2005,5,1.028481255,0.785805661
NJ,34,ST3400000000000,New Jersey,2005,6,1.027484845,0.821957279
NJ,34,ST3400000000000,New Jersey,2005,7,1.042334571,0.819619033
NJ,34,ST3400000000000,New Jersey,2005,8,1.045714023,0.757910746
NJ,34,ST3400000000000,New Jersey,2005,9,1.031617317,0.872691305
NJ,34,ST3400000000000,New Jersey,2005,10,1.042111509,0.84145296
NJ,34,ST3400000000000,New Jersey,2005,11,1.037176524,0.885362454
NJ,34,ST3400000000000,New Jersey,2005,12,1.036864058,0.935671838
NJ,34,ST3400000000000,New Jersey,2006,1,1.049502148,0.920151581
NJ,34,ST3400000000000,New Jersey,2006,2,1.05020928,0.960792566
NJ,34,ST3400000000000,New Jersey,2006,3,1.046899019,0.964175529
NJ,34,ST3400000000000,New Jersey,2006,4,1.041912841,0.935955197
NJ,34,ST3400000000000,New Jersey,2006,5,1.034292497,0.948151185
NJ,34,ST3400000000000,New Jersey,2006,6,1.033707754,0.960582847
NJ,34,ST3400000000000,New Jersey,2006,7,1.047121709,0.947625474
NJ,34,ST3400000000000,New Jersey,2006,8,1.048028372,0.849020909
NJ,34,ST3400000000000,New Jersey,2006,9,1.034676987,0.912912855
NJ,34,ST3400000000000,New Jersey,2006,10,1.041523668,0.871866642
NJ,34,ST3400000000000,New Jersey,2006,11,1.038066452,0.826651599
NJ,34,ST3400000000000,New Jersey,2006,12,1.037085018,0.848654139
NJ,34,ST3400000000000,New Jersey,2007,1,1.051563677,0.914793741
NJ,34,ST3400000000000,New Jersey,2007,2,1.052406715,0.886910219
NJ,34,ST3400000000000,New Jersey,2007,3,1.048584459,0.832882803
NJ,34,ST3400000000000,New Jersey,2007,4,1.040227438,0.790069335
NJ,34,ST3400000000000,New Jersey,2007,5,1.030355407,0.839732397
NJ,34,ST3400000000000,New Jersey,2007,6,1.026353923,0.886144741
NJ,34,ST3400000000000,New Jersey,2007,7,1.039433429,0.873113934
NJ,34,ST3400000000000,New Jersey,2007,8,1.042831041,0.787255928
NJ,34,ST3400000000000,New Jersey,2007,9,1.036737929,0.879639933
NJ,34,ST3400000000000,New Jersey,2007,10,1.035479184,0.917246949
NJ,34,ST3400000000000,New Jersey,2007,11,1.037513475,0.872629099
NJ,34,ST3400000000000,New Jersey,2007,12,1.033860996,0.965323585
NJ,34,ST3400000000000,New Jersey,2008,1,1.052769218,0.984674528
NJ,34,ST3400000000000,New Jersey,2008,2,1.051814123,0.909691352
NJ,34,ST3400000000000,New Jersey,2008,3,1.04962184,0.953909103
NJ,34,ST3400000000000,New Jersey,2008,4,1.044605077,0.92000146
NJ,34,ST3400000000000,New Jersey,2008,5,1.035458785,0.95514584
NJ,34,ST3400000000000,New Jersey,2008,6,1.032486146,0.980226834
NJ,34,ST3400000000000,New Jersey,2008,7,1.04644976,0.961227222
NJ,34,ST3400000000000,New Jersey,2008,8,1.049828822,0.910836723
NJ,34,ST3400000000000,New Jersey,2008,9,1.039644422,1.045019401
NJ,34,ST3400000000000,New Jersey,2008,10,1.046915532,1.077316931
NJ,34,ST3400000000000,New Jersey,2008,11,1.047514631,1.041528734
NJ,34,ST3400000000000,New Jersey,2008,12,1.044260065,1.080793804
NJ,34,ST3400000000000,New Jersey,2009,1,1.062319175,1.110033629
NJ,34,ST3400000000000,New Jersey,2009,2,1.063691927,1.053711042
NJ,34,ST3400000000000,New Jersey,2009,3,1.060970052,1.067058458
NJ,34,ST3400000000000,New Jersey,2009,4,1.062691831,1.013566281
NJ,34,ST3400000000000,New Jersey,2009,5,1.048036598,1.075804419
NJ,34,ST3400000000000,New Jersey,2009,6,1.046638217,1.071575628
NJ,34,ST3400000000000,New Jersey,2009,7,1.06791429,1.052515732
NJ,34,ST3400000000000,New Jersey,2009,8,1.066926421,1.010644521
NJ,34,ST3400000000000,New Jersey,2009,9,1.048791512,1.059214629
NJ,34,ST3400000000000,New Jersey,2009,10,1.048136491,1.161033306
NJ,34,ST3400000000000,New Jersey,2009,11,1.045199899,1.099557641
NJ,34,ST3400000000000,New Jersey,2009,12,1.03946214,1.147678581
NJ,34,ST3400000000000,New Jersey,2010,1,1.06450263,1.192977721
NJ,34,ST3400000000000,New Jersey,2010,2,1.069003709,1.119305461
NJ,34,ST3400000000000,New Jersey,2010,3,1.064909969,1.106666924
NJ,34,ST3400000000000,New Jersey,2010,4,1.058188869,1.057054558
NJ,34,ST3400000000000,New Jersey,2010,5,1.046239061,1.078174866
NJ,34,ST3400000000000,New Jersey,2010,6,1.041722803,1.082030029
NJ,34,ST3400000000000,New Jersey,2010,7,1.064343304,1.03186719
NJ,34,ST3400000000000,New Jersey,2010,8,1.068532536,1.008458888
NJ,34,ST3400000000000,New Jersey,2010,9,1.055702821,1.057148147
NJ,34,ST3400000000000,New Jersey,2010,10,1.051922014,1.032516745
NJ,34,ST3400000000000,New Jersey,2010,11,1.047602743,1.075553598
NJ,34,ST3400000000000,New Jersey,2010,12,1.047864749,1.107097173
NJ,34,ST3400000000000,New Jersey,2011,1,1.068191932,1.136574384
NJ,34,ST3400000000000,New Jersey,2011,2,1.070780617,1.042982278
NJ,34,ST3400000000000,New Jersey,2011,3,1.065702951,1.043805533
NJ,34,ST3400000000000,New Jersey,2011,4,1.061112245,0.976673709
NJ,34,ST3400000000000,New Jersey,2011,5,1.053152533,1.048774884
NJ,34,ST3400000000000,New Jersey,2011,6,1.043189937,1.029292628
NJ,34,ST3400000000000,New Jersey,2011,7,1.060965538,0.983404679
NJ,34,ST3400000000000,New Jersey,2011,8,1.066603673,1.01530939
NJ,34,ST3400000000000,New Jersey,2011,9,1.057121668,1.080425444
NJ,34,ST3400000000000,New Jersey,2011,10,1.057090273,1.051939995
NJ,34,ST3400000000000,New Jersey,2011,11,1.053900278,1.049452047
NJ,34,ST3400000000000,New Jersey,2011,12,1.051689888,1.112448837
NJ,34,ST3400000000000,New Jersey,2012,1,1.067227143,1.163677172
NJ,34,ST3400000000000,New Jersey,2012,2,1.068347806,1.105197457
NJ,34,ST3400000000000,New Jersey,2012,3,1.061742159,1.096588779
NJ,34,ST3400000000000,New Jersey,2012,4,1.05984052,0.989267041
NJ,34,ST3400000000000,New Jersey,2012,5,1.04929374,1.101790354
NJ,34,ST3400000000000,New Jersey,2012,6,1.039068434,1.043644161
NJ,34,ST3400000000000,New Jersey,2012,7,1.060092059,1.057829586
NJ,34,ST3400000000000,New Jersey,2012,8,1.059691088,1.112576461
NJ,34,ST3400000000000,New Jersey,2012,9,1.0535005,1.122420776
NJ,34,ST3400000000000,New Jersey,2012,10,1.06077323,1.08795435
NJ,34,ST3400000000000,New Jersey,2012,11,1.058018459,1.03636998
NJ,34,ST3400000000000,New Jersey,2012,12,1.052571577,1.168558709
NJ,34,ST3400000000000,New Jersey,2013,1,1.068333521,1.193590223
NJ,34,ST3400000000000,New Jersey,2013,2,1.069996138,1.114942588
NJ,34,ST3400000000000,New Jersey,2013,3,1.066520507,1.05403421
NJ,34,ST3400000000000,New Jersey,2013,4,1.065224447,0.982611046
NJ,34,ST3400000000000,New Jersey,2013,5,1.050354683,1.057996268
NJ,34,ST3400000000000,New Jersey,2013,6,1.049636555,0.985318648
NJ,34,ST3400000000000,New Jersey,2013,7,1.060623157,0.973909335
NJ,34,ST3400000000000,New Jersey,2013,8,1.059480177,1.008996467
NM,35,ST3500000000000,New Mexico,2005,1,1.055230192,1.151653068
NM,35,ST3500000000000,New Mexico,2005,2,1.05362179,1.108134314
NM,35,ST3500000000000,New Mexico,2005,3,1.045443445,1.213921114
NM,35,ST3500000000000,New Mexico,2005,4,1.045987161,1.079006211
NM,35,ST3500000000000,New Mexico,2005,5,1.043547693,1.16178525
NM,35,ST3500000000000,New Mexico,2005,6,1.046108977,1.173490662
NM,35,ST3500000000000,New Mexico,2005,7,1.05703959,1.252262279
NM,35,ST3500000000000,New Mexico,2005,8,1.049059474,1.334252715
NM,35,ST3500000000000,New Mexico,2005,9,1.042273583,1.262325608
NM,35,ST3500000000000,New Mexico,2005,10,1.053058674,1.286592076
NM,35,ST3500000000000,New Mexico,2005,11,1.056069325,1.243047158
NM,35,ST3500000000000,New Mexico,2005,12,1.053934589,1.213450751
NM,35,ST3500000000000,New Mexico,2006,1,1.053654846,1.14254091
NM,35,ST3500000000000,New Mexico,2006,2,1.049510657,1.127701831
NM,35,ST3500000000000,New Mexico,2006,3,1.043218625,1.297640653
NM,35,ST3500000000000,New Mexico,2006,4,1.045430701,0.997808431
NM,35,ST3500000000000,New Mexico,2006,5,1.039582121,1.084594886
NM,35,ST3500000000000,New Mexico,2006,6,1.044674517,1.081163205
NM,35,ST3500000000000,New Mexico,2006,7,1.056377053,1.10956054
NM,35,ST3500000000000,New Mexico,2006,8,1.045191595,1.163226276
NM,35,ST3500000000000,New Mexico,2006,9,1.041169999,0.991374711
NM,35,ST3500000000000,New Mexico,2006,10,1.048609953,0.955395727
NM,35,ST3500000000000,New Mexico,2006,11,1.053224261,1.021482798
NM,35,ST3500000000000,New Mexico,2006,12,1.055771776,1.016493858
NM,35,ST3500000000000,New Mexico,2007,1,1.070802495,1.022353437
NM,35,ST3500000000000,New Mexico,2007,2,1.059654629,1.024433428
NM,35,ST3500000000000,New Mexico,2007,3,1.050476861,1.011709754
NM,35,ST3500000000000,New Mexico,2007,4,1.053933893,0.856973762
NM,35,ST3500000000000,New Mexico,2007,5,1.046122093,0.910988114
NM,35,ST3500000000000,New Mexico,2007,6,1.047302503,1.075274977
NM,35,ST3500000000000,New Mexico,2007,7,1.057862461,0.951279328
NM,35,ST3500000000000,New Mexico,2007,8,1.045207967,1.079523513
NM,35,ST3500000000000,New Mexico,2007,9,1.045996693,1.031472764
NM,35,ST3500000000000,New Mexico,2007,10,1.050304558,1.086064396
NM,35,ST3500000000000,New Mexico,2007,11,1.061174687,0.974559112
NM,35,ST3500000000000,New Mexico,2007,12,1.06014014,1.133398565
NM,35,ST3500000000000,New Mexico,2008,1,1.072475612,1.177195737
NM,35,ST3500000000000,New Mexico,2008,2,1.062602422,1.100023702
NM,35,ST3500000000000,New Mexico,2008,3,1.058327059,1.062832144
NM,35,ST3500000000000,New Mexico,2008,4,1.055752967,0.962252493
NM,35,ST3500000000000,New Mexico,2008,5,1.044842666,1.068953966
NM,35,ST3500000000000,New Mexico,2008,6,1.047558478,1.092898109
NM,35,ST3500000000000,New Mexico,2008,7,1.054404181,1.021025844
NM,35,ST3500000000000,New Mexico,2008,8,1.041689191,1.184406035
NM,35,ST3500000000000,New Mexico,2008,9,1.038160867,1.283758127
NM,35,ST3500000000000,New Mexico,2008,10,1.050975009,1.275552751
NM,35,ST3500000000000,New Mexico,2008,11,1.061078941,1.239707649
NM,35,ST3500000000000,New Mexico,2008,12,1.057806392,1.162636596
NM,35,ST3500000000000,New Mexico,2009,1,1.064698209,1.120273794
NM,35,ST3500000000000,New Mexico,2009,2,1.061717469,1.047971588
NM,35,ST3500000000000,New Mexico,2009,3,1.054956142,0.987973397
NM,35,ST3500000000000,New Mexico,2009,4,1.063722151,0.957475779
NM,35,ST3500000000000,New Mexico,2009,5,1.053378771,1.062495486
NM,35,ST3500000000000,New Mexico,2009,6,1.056958134,1.120216104
NM,35,ST3500000000000,New Mexico,2009,7,1.065092003,1.069298469
NM,35,ST3500000000000,New Mexico,2009,8,1.0499688,1.021154654
NM,35,ST3500000000000,New Mexico,2009,9,1.043203259,1.202349144
NM,35,ST3500000000000,New Mexico,2009,10,1.051461808,1.160961916
NM,35,ST3500000000000,New Mexico,2009,11,1.058495988,1.182014924
NM,35,ST3500000000000,New Mexico,2009,12,1.050405594,1.021854696
NM,35,ST3500000000000,New Mexico,2010,1,1.061854205,0.94901866
NM,35,ST3500000000000,New Mexico,2010,2,1.058292499,1.037376908
NM,35,ST3500000000000,New Mexico,2010,3,1.054728214,1.062983378
NM,35,ST3500000000000,New Mexico,2010,4,1.058648533,1.139019347
NM,35,ST3500000000000,New Mexico,2010,5,1.046811442,1.14646912
NM,35,ST3500000000000,New Mexico,2010,6,1.048657431,1.18188485
NM,35,ST3500000000000,New Mexico,2010,7,1.060652675,1.095651938
NM,35,ST3500000000000,New Mexico,2010,8,1.053373387,1.065245305
NM,35,ST3500000000000,New Mexico,2010,9,1.055202313,1.0941393
NM,35,ST3500000000000,New Mexico,2010,10,1.053604179,0.999395227
NM,35,ST3500000000000,New Mexico,2010,11,1.057335897,1.08227934
NM,35,ST3500000000000,New Mexico,2010,12,1.055263029,0.930094206
NM,35,ST3500000000000,New Mexico,2011,1,1.063602993,0.945605774
NM,35,ST3500000000000,New Mexico,2011,2,1.060326724,0.997154493
NM,35,ST3500000000000,New Mexico,2011,3,1.054797405,1.053447777
NM,35,ST3500000000000,New Mexico,2011,4,1.056760279,1.05069592
NM,35,ST3500000000000,New Mexico,2011,5,1.049109828,1.093236763
NM,35,ST3500000000000,New Mexico,2011,6,1.048950938,1.004721572
NM,35,ST3500000000000,New Mexico,2011,7,1.05785622,1.118653478
NM,35,ST3500000000000,New Mexico,2011,8,1.053515254,1.014017426
NM,35,ST3500000000000,New Mexico,2011,9,1.054806312,0.978224648
NM,35,ST3500000000000,New Mexico,2011,10,1.058299409,0.931485942
NM,35,ST3500000000000,New Mexico,2011,11,1.068417923,0.962880937
NM,35,ST3500000000000,New Mexico,2011,12,1.068632161,0.857672241
NM,35,ST3500000000000,New Mexico,2012,1,1.074648403,0.873030876
NM,35,ST3500000000000,New Mexico,2012,2,1.075992212,0.84957784
NM,35,ST3500000000000,New Mexico,2012,3,1.067554893,0.973526693
NM,35,ST3500000000000,New Mexico,2012,4,1.070286186,1.038026721
NM,35,ST3500000000000,New Mexico,2012,5,1.064568276,1.06567696
NM,35,ST3500000000000,New Mexico,2012,6,1.0635197,1.02585204
NM,35,ST3500000000000,New Mexico,2012,7,1.074613348,1.128496382
NM,35,ST3500000000000,New Mexico,2012,8,1.066423134,1.106659781
NM,35,ST3500000000000,New Mexico,2012,9,1.068506592,0.972430718
NM,35,ST3500000000000,New Mexico,2012,10,1.079707936,0.910783703
NM,35,ST3500000000000,New Mexico,2012,11,1.08269341,0.966554026
NM,35,ST3500000000000,New Mexico,2012,12,1.081695629,0.927101885
NM,35,ST3500000000000,New Mexico,2013,1,1.094718959,1.059369384
NM,35,ST3500000000000,New Mexico,2013,2,1.090410849,1.01870693
NM,35,ST3500000000000,New Mexico,2013,3,1.085070084,1.192984089
NM,35,ST3500000000000,New Mexico,2013,4,1.086052677,1.163966119
NM,35,ST3500000000000,New Mexico,2013,5,1.075005952,1.10413302
NM,35,ST3500000000000,New Mexico,2013,6,1.067263288,1.105799676
NM,35,ST3500000000000,New Mexico,2013,7,1.065872996,1.273662477
NM,35,ST3500000000000,New Mexico,2013,8,1.057971404,1.237474095
NY,36,BS3600000000000,"Balance of New York, state less New York city",2005,1,1.064046188,1.101086024
NY,36,BS3600000000000,"Balance of New York, state less New York city",2005,2,1.058837012,1.138903804
NY,36,BS3600000000000,"Balance of New York, state less New York city",2005,3,1.05631855,1.118926027
NY,36,BS3600000000000,"Balance of New York, state less New York city",2005,4,1.050253632,0.998176932
NY,36,BS3600000000000,"Balance of New York, state less New York city",2005,5,1.048795618,1.018907756
NY,36,BS3600000000000,"Balance of New York, state less New York city",2005,6,1.059943427,1.055830995
NY,36,BS3600000000000,"Balance of New York, state less New York city",2005,7,1.079534387,1.089896919
NY,36,BS3600000000000,"Balance of New York, state less New York city",2005,8,1.080755981,1.013867331
NY,36,BS3600000000000,"Balance of New York, state less New York city",2005,9,1.051398813,1.134060548
NY,36,BS3600000000000,"Balance of New York, state less New York city",2005,10,1.054750819,1.049779484
NY,36,BS3600000000000,"Balance of New York, state less New York city",2005,11,1.049349965,1.138687659
NY,36,BS3600000000000,"Balance of New York, state less New York city",2005,12,1.046346967,1.06166903
NY,36,BS3600000000000,"Balance of New York, state less New York city",2006,1,1.069746251,1.111040658
NY,36,BS3600000000000,"Balance of New York, state less New York city",2006,2,1.062665439,1.165559132
NY,36,BS3600000000000,"Balance of New York, state less New York city",2006,3,1.059027698,1.031441668
NY,36,BS3600000000000,"Balance of New York, state less New York city",2006,4,1.054699152,1.103347507
NY,36,BS3600000000000,"Balance of New York, state less New York city",2006,5,1.049077039,1.096012447
NY,36,BS3600000000000,"Balance of New York, state less New York city",2006,6,1.062989297,1.067361875
NY,36,BS3600000000000,"Balance of New York, state less New York city",2006,7,1.081553335,1.050139939
NY,36,BS3600000000000,"Balance of New York, state less New York city",2006,8,1.07792674,1.039167692
NY,36,BS3600000000000,"Balance of New York, state less New York city",2006,9,1.04881295,1.107618439
NY,36,BS3600000000000,"Balance of New York, state less New York city",2006,10,1.04690892,1.014432491
NY,36,BS3600000000000,"Balance of New York, state less New York city",2006,11,1.043162309,1.058826016
NY,36,BS3600000000000,"Balance of New York, state less New York city",2006,12,1.040792299,1.052647554
NY,36,BS3600000000000,"Balance of New York, state less New York city",2007,1,1.067209484,1.104002909
NY,36,BS3600000000000,"Balance of New York, state less New York city",2007,2,1.057716127,1.137035167
NY,36,BS3600000000000,"Balance of New York, state less New York city",2007,3,1.054918715,0.984642685
NY,36,BS3600000000000,"Balance of New York, state less New York city",2007,4,1.047461058,0.998929846
NY,36,BS3600000000000,"Balance of New York, state less New York city",2007,5,1.039174395,1.068251227
NY,36,BS3600000000000,"Balance of New York, state less New York city",2007,6,1.049117542,1.080358364
NY,36,BS3600000000000,"Balance of New York, state less New York city",2007,7,1.064462226,1.087444935
NY,36,BS3600000000000,"Balance of New York, state less New York city",2007,8,1.064803306,1.090197475
NY,36,BS3600000000000,"Balance of New York, state less New York city",2007,9,1.043744546,1.241316821
NY,36,BS3600000000000,"Balance of New York, state less New York city",2007,10,1.03621401,1.124638267
NY,36,BS3600000000000,"Balance of New York, state less New York city",2007,11,1.037939047,1.142132508
NY,36,BS3600000000000,"Balance of New York, state less New York city",2007,12,1.033319288,1.268102964
NY,36,BS3600000000000,"Balance of New York, state less New York city",2008,1,1.061806582,1.27811702
NY,36,BS3600000000000,"Balance of New York, state less New York city",2008,2,1.052807172,1.364386171
NY,36,BS3600000000000,"Balance of New York, state less New York city",2008,3,1.051347305,1.221478634
NY,36,BS3600000000000,"Balance of New York, state less New York city",2008,4,1.042941419,1.217667431
NY,36,BS3600000000000,"Balance of New York, state less New York city",2008,5,1.034917273,1.231679251
NY,36,BS3600000000000,"Balance of New York, state less New York city",2008,6,1.044881487,1.142186776
NY,36,BS3600000000000,"Balance of New York, state less New York city",2008,7,1.058223064,1.175406699
NY,36,BS3600000000000,"Balance of New York, state less New York city",2008,8,1.059848779,1.187274816
NY,36,BS3600000000000,"Balance of New York, state less New York city",2008,9,1.038017775,1.3535627
NY,36,BS3600000000000,"Balance of New York, state less New York city",2008,10,1.037382177,1.2769351
NY,36,BS3600000000000,"Balance of New York, state less New York city",2008,11,1.035428126,1.251408402
NY,36,BS3600000000000,"Balance of New York, state less New York city",2008,12,1.028827193,1.300930815
NY,36,BS3600000000000,"Balance of New York, state less New York city",2009,1,1.053994466,1.345024288
NY,36,BS3600000000000,"Balance of New York, state less New York city",2009,2,1.044768519,1.270443492
NY,36,BS3600000000000,"Balance of New York, state less New York city",2009,3,1.040640543,1.230244706
NY,36,BS3600000000000,"Balance of New York, state less New York city",2009,4,1.042624667,1.148015571
NY,36,BS3600000000000,"Balance of New York, state less New York city",2009,5,1.030939457,1.153687881
NY,36,BS3600000000000,"Balance of New York, state less New York city",2009,6,1.043787322,1.086012186
NY,36,BS3600000000000,"Balance of New York, state less New York city",2009,7,1.056276911,1.094654683
NY,36,BS3600000000000,"Balance of New York, state less New York city",2009,8,1.053879369,1.032713839
NY,36,BS3600000000000,"Balance of New York, state less New York city",2009,9,1.031306291,1.169560385
NY,36,BS3600000000000,"Balance of New York, state less New York city",2009,10,1.024576893,1.118544933
NY,36,BS3600000000000,"Balance of New York, state less New York city",2009,11,1.019488336,1.096098206
NY,36,BS3600000000000,"Balance of New York, state less New York city",2009,12,1.013392277,1.103343937
NY,36,BS3600000000000,"Balance of New York, state less New York city",2010,1,1.042462576,1.159705387
NY,36,BS3600000000000,"Balance of New York, state less New York city",2010,2,1.036713502,1.127593869
NY,36,BS3600000000000,"Balance of New York, state less New York city",2010,3,1.037756261,1.141322197
NY,36,BS3600000000000,"Balance of New York, state less New York city",2010,4,1.03283313,1.111950873
NY,36,BS3600000000000,"Balance of New York, state less New York city",2010,5,1.023654666,1.10802842
NY,36,BS3600000000000,"Balance of New York, state less New York city",2010,6,1.034969212,1.067284055
NY,36,BS3600000000000,"Balance of New York, state less New York city",2010,7,1.051116486,1.054887821
NY,36,BS3600000000000,"Balance of New York, state less New York city",2010,8,1.051470644,1.002434912
NY,36,BS3600000000000,"Balance of New York, state less New York city",2010,9,1.028706124,1.143362415
NY,36,BS3600000000000,"Balance of New York, state less New York city",2010,10,1.017102482,1.050873463
NY,36,BS3600000000000,"Balance of New York, state less New York city",2010,11,1.008892801,1.121889848
NY,36,BS3600000000000,"Balance of New York, state less New York city",2010,12,1.006588044,1.096799316
NY,36,BS3600000000000,"Balance of New York, state less New York city",2011,1,1.032474326,1.125576427
NY,36,BS3600000000000,"Balance of New York, state less New York city",2011,2,1.02542815,1.08023448
NY,36,BS3600000000000,"Balance of New York, state less New York city",2011,3,1.022833072,1.09473058
NY,36,BS3600000000000,"Balance of New York, state less New York city",2011,4,1.015697035,1.026802204
NY,36,BS3600000000000,"Balance of New York, state less New York city",2011,5,1.00848203,1.06179648
NY,36,BS3600000000000,"Balance of New York, state less New York city",2011,6,1.011941965,1.069333624
NY,36,BS3600000000000,"Balance of New York, state less New York city",2011,7,1.025692218,1.028209358
NY,36,BS3600000000000,"Balance of New York, state less New York city",2011,8,1.026382042,1.010410574
NY,36,BS3600000000000,"Balance of New York, state less New York city",2011,9,1.011122161,1.160462457
NY,36,BS3600000000000,"Balance of New York, state less New York city",2011,10,1.004159809,1.094473262
NY,36,BS3600000000000,"Balance of New York, state less New York city",2011,11,0.998990956,1.066543582
NY,36,BS3600000000000,"Balance of New York, state less New York city",2011,12,0.996385249,1.075902249
NY,36,BS3600000000000,"Balance of New York, state less New York city",2012,1,1.019097083,1.121314625
NY,36,BS3600000000000,"Balance of New York, state less New York city",2012,2,1.013307166,1.119237043
NY,36,BS3600000000000,"Balance of New York, state less New York city",2012,3,1.009118457,1.164365118
NY,36,BS3600000000000,"Balance of New York, state less New York city",2012,4,1.003330992,1.058679407
NY,36,BS3600000000000,"Balance of New York, state less New York city",2012,5,0.998338161,1.077270414
NY,36,BS3600000000000,"Balance of New York, state less New York city",2012,6,1.005513652,1.11605982
NY,36,BS3600000000000,"Balance of New York, state less New York city",2012,7,1.018336442,1.133205185
NY,36,BS3600000000000,"Balance of New York, state less New York city",2012,8,1.018975427,1.130528329
NY,36,BS3600000000000,"Balance of New York, state less New York city",2012,9,1.001979967,1.229947501
NY,36,BS3600000000000,"Balance of New York, state less New York city",2012,10,1.00186936,1.153191618
NY,36,BS3600000000000,"Balance of New York, state less New York city",2012,11,0.995299433,1.090653205
NY,36,BS3600000000000,"Balance of New York, state less New York city",2012,12,0.993103591,1.118913783
NY,36,BS3600000000000,"Balance of New York, state less New York city",2013,1,1.018487927,1.18154091
NY,36,BS3600000000000,"Balance of New York, state less New York city",2013,2,1.010043568,1.187546421
NY,36,BS3600000000000,"Balance of New York, state less New York city",2013,3,1.010265001,1.161639823
NY,36,BS3600000000000,"Balance of New York, state less New York city",2013,4,1.003494199,1.086651643
NY,36,BS3600000000000,"Balance of New York, state less New York city",2013,5,1.001940528,1.047117554
NY,36,BS3600000000000,"Balance of New York, state less New York city",2013,6,1.013782865,1.058486443
NY,36,BS3600000000000,"Balance of New York, state less New York city",2013,7,1.026528018,1.008781024
NY,36,BS3600000000000,"Balance of New York, state less New York city",2013,8,1.02704508,1.024560865
NC,37,ST3700000000000,North Carolina,2005,1,1.068090959,1.209904364
NC,37,ST3700000000000,North Carolina,2005,2,1.068473557,1.269967613
NC,37,ST3700000000000,North Carolina,2005,3,1.065168773,1.193172119
NC,37,ST3700000000000,North Carolina,2005,4,1.065401622,1.083090611
NC,37,ST3700000000000,North Carolina,2005,5,1.068886297,1.176372062
NC,37,ST3700000000000,North Carolina,2005,6,1.074631371,1.12867215
NC,37,ST3700000000000,North Carolina,2005,7,1.096051723,1.150981956
NC,37,ST3700000000000,North Carolina,2005,8,1.077268604,1.206200928
NC,37,ST3700000000000,North Carolina,2005,9,1.071231437,1.276090168
NC,37,ST3700000000000,North Carolina,2005,10,1.078335317,1.206852715
NC,37,ST3700000000000,North Carolina,2005,11,1.070371496,1.122633344
NC,37,ST3700000000000,North Carolina,2005,12,1.06812168,1.042867618
NC,37,ST3700000000000,North Carolina,2006,1,1.081921474,1.093479123
NC,37,ST3700000000000,North Carolina,2006,2,1.078578565,1.064656719
NC,37,ST3700000000000,North Carolina,2006,3,1.080253441,1.030836275
NC,37,ST3700000000000,North Carolina,2006,4,1.078310474,1.074017054
NC,37,ST3700000000000,North Carolina,2006,5,1.076377228,1.090924184
NC,37,ST3700000000000,North Carolina,2006,6,1.080895988,1.145848996
NC,37,ST3700000000000,North Carolina,2006,7,1.105658335,1.149038462
NC,37,ST3700000000000,North Carolina,2006,8,1.085721525,1.236492632
NC,37,ST3700000000000,North Carolina,2006,9,1.078041931,1.144839814
NC,37,ST3700000000000,North Carolina,2006,10,1.08069072,1.131052919
NC,37,ST3700000000000,North Carolina,2006,11,1.071606992,1.087421417
NC,37,ST3700000000000,North Carolina,2006,12,1.066600254,1.107432068
NC,37,ST3700000000000,North Carolina,2007,1,1.056035722,1.219384101
NC,37,ST3700000000000,North Carolina,2007,2,1.052312282,1.119382561
NC,37,ST3700000000000,North Carolina,2007,3,1.053367815,1.065451628
NC,37,ST3700000000000,North Carolina,2007,4,1.046590282,1.070972321
NC,37,ST3700000000000,North Carolina,2007,5,1.043130407,1.051587084
NC,37,ST3700000000000,North Carolina,2007,6,1.046698199,1.107368201
NC,37,ST3700000000000,North Carolina,2007,7,1.070315035,1.198941916
NC,37,ST3700000000000,North Carolina,2007,8,1.048267972,1.213047221
NC,37,ST3700000000000,North Carolina,2007,9,1.047100401,1.09796778
NC,37,ST3700000000000,North Carolina,2007,10,1.04382437,1.153640257
NC,37,ST3700000000000,North Carolina,2007,11,1.040855184,1.139408055
NC,37,ST3700000000000,North Carolina,2007,12,1.036602339,1.251787916
NC,37,ST3700000000000,North Carolina,2008,1,1.064991396,1.23865867
NC,37,ST3700000000000,North Carolina,2008,2,1.063316583,1.135590736
NC,37,ST3700000000000,North Carolina,2008,3,1.060718298,1.173486088
NC,37,ST3700000000000,North Carolina,2008,4,1.062067702,1.138280805
NC,37,ST3700000000000,North Carolina,2008,5,1.056125304,1.148444986
NC,37,ST3700000000000,North Carolina,2008,6,1.058682547,1.200008383
NC,37,ST3700000000000,North Carolina,2008,7,1.086776555,1.162903957
NC,37,ST3700000000000,North Carolina,2008,8,1.064354355,1.332719541
NC,37,ST3700000000000,North Carolina,2008,9,1.062388525,1.226007997
NC,37,ST3700000000000,North Carolina,2008,10,1.074535334,1.309750373
NC,37,ST3700000000000,North Carolina,2008,11,1.066505804,1.287162816
NC,37,ST3700000000000,North Carolina,2008,12,1.059157518,1.311226783
NC,37,ST3700000000000,North Carolina,2009,1,1.074138976,1.226973003
NC,37,ST3700000000000,North Carolina,2009,2,1.070549434,1.198057019
NC,37,ST3700000000000,North Carolina,2009,3,1.069801533,1.228192317
NC,37,ST3700000000000,North Carolina,2009,4,1.077658861,1.153421231
NC,37,ST3700000000000,North Carolina,2009,5,1.067934251,1.148200678
NC,37,ST3700000000000,North Carolina,2009,6,1.076181991,1.160695021
NC,37,ST3700000000000,North Carolina,2009,7,1.1064292,1.14738777
NC,37,ST3700000000000,North Carolina,2009,8,1.083133966,1.147176676
NC,37,ST3700000000000,North Carolina,2009,9,1.081761637,1.092763217
NC,37,ST3700000000000,North Carolina,2009,10,1.083712508,1.145369639
NC,37,ST3700000000000,North Carolina,2009,11,1.077058186,1.101046842
NC,37,ST3700000000000,North Carolina,2009,12,1.068903096,1.150380623
NC,37,ST3700000000000,North Carolina,2010,1,1.094635192,1.125181769
NC,37,ST3700000000000,North Carolina,2010,2,1.09234948,1.114038135
NC,37,ST3700000000000,North Carolina,2010,3,1.097275496,1.093946932
NC,37,ST3700000000000,North Carolina,2010,4,1.101194858,1.03101697
NC,37,ST3700000000000,North Carolina,2010,5,1.094730172,1.042793203
NC,37,ST3700000000000,North Carolina,2010,6,1.096498691,1.0233092
NC,37,ST3700000000000,North Carolina,2010,7,1.125414536,1.073795366
NC,37,ST3700000000000,North Carolina,2010,8,1.099366629,1.059802403
NC,37,ST3700000000000,North Carolina,2010,9,1.102030188,1.049497581
NC,37,ST3700000000000,North Carolina,2010,10,1.098621386,1.083333333
NC,37,ST3700000000000,North Carolina,2010,11,1.091103494,1.156396455
NC,37,ST3700000000000,North Carolina,2010,12,1.09049144,1.154277666
NC,37,ST3700000000000,North Carolina,2011,1,1.108980532,1.097427978
NC,37,ST3700000000000,North Carolina,2011,2,1.103275245,1.114097002
NC,37,ST3700000000000,North Carolina,2011,3,1.100007129,1.123728089
NC,37,ST3700000000000,North Carolina,2011,4,1.100232355,1.107706478
NC,37,ST3700000000000,North Carolina,2011,5,1.091005508,1.164752603
NC,37,ST3700000000000,North Carolina,2011,6,1.088250523,1.176088058
NC,37,ST3700000000000,North Carolina,2011,7,1.120481902,1.223427247
NC,37,ST3700000000000,North Carolina,2011,8,1.095407842,1.157444329
NC,37,ST3700000000000,North Carolina,2011,9,1.107268397,1.155073582
NC,37,ST3700000000000,North Carolina,2011,10,1.102909412,1.190472646
NC,37,ST3700000000000,North Carolina,2011,11,1.097271019,1.187320263
NC,37,ST3700000000000,North Carolina,2011,12,1.09197591,1.196345923
NC,37,ST3700000000000,North Carolina,2012,1,1.111839513,1.192470996
NC,37,ST3700000000000,North Carolina,2012,2,1.111195238,1.185073809
NC,37,ST3700000000000,North Carolina,2012,3,1.110813199,1.155467448
NC,37,ST3700000000000,North Carolina,2012,4,1.107765315,1.063865401
NC,37,ST3700000000000,North Carolina,2012,5,1.100004355,1.145741699
NC,37,ST3700000000000,North Carolina,2012,6,1.102032829,1.196211548
NC,37,ST3700000000000,North Carolina,2012,7,1.127197949,1.227680283
NC,37,ST3700000000000,North Carolina,2012,8,1.105684438,1.169316353
NC,37,ST3700000000000,North Carolina,2012,9,1.115291679,1.157396514
NC,37,ST3700000000000,North Carolina,2012,10,1.120032149,1.216413423
NC,37,ST3700000000000,North Carolina,2012,11,1.107210759,1.180358912
NC,37,ST3700000000000,North Carolina,2012,12,1.100653307,1.204126487
NC,37,ST3700000000000,North Carolina,2013,1,1.116416241,1.271008392
NC,37,ST3700000000000,North Carolina,2013,2,1.114403165,1.225978941
NC,37,ST3700000000000,North Carolina,2013,3,1.114583744,1.18471529
NC,37,ST3700000000000,North Carolina,2013,4,1.107871126,1.174947601
NC,37,ST3700000000000,North Carolina,2013,5,1.10612036,1.215445043
NC,37,ST3700000000000,North Carolina,2013,6,1.099353193,1.253249109
NC,37,ST3700000000000,North Carolina,2013,7,1.118066166,1.203126781
NC,37,ST3700000000000,North Carolina,2013,8,1.103173799,1.156577145
ND,38,ST3800000000000,North Dakota,2005,1,1.019464086,1.209504343
ND,38,ST3800000000000,North Dakota,2005,2,1.025235775,1.197381672
ND,38,ST3800000000000,North Dakota,2005,3,1.016583931,1.28101558
ND,38,ST3800000000000,North Dakota,2005,4,1.018356061,1.14115545
ND,38,ST3800000000000,North Dakota,2005,5,1.025144204,1.149897331
ND,38,ST3800000000000,North Dakota,2005,6,1.037001077,1.200117371
ND,38,ST3800000000000,North Dakota,2005,7,1.062872057,1.268960125
ND,38,ST3800000000000,North Dakota,2005,8,1.064326958,1.282198523
ND,38,ST3800000000000,North Dakota,2005,9,1.018347481,1.276712329
ND,38,ST3800000000000,North Dakota,2005,10,1.016357688,1.3557394
ND,38,ST3800000000000,North Dakota,2005,11,1.001482475,1.473195876
ND,38,ST3800000000000,North Dakota,2005,12,0.998302267,1.209815078
ND,38,ST3800000000000,North Dakota,2006,1,1.012093726,1.209502003
ND,38,ST3800000000000,North Dakota,2006,2,1.017798536,1.208309619
ND,38,ST3800000000000,North Dakota,2006,3,1.013198897,1.230625
ND,38,ST3800000000000,North Dakota,2006,4,1.017905589,1.161971831
ND,38,ST3800000000000,North Dakota,2006,5,1.02027515,1.007042254
ND,38,ST3800000000000,North Dakota,2006,6,1.027597458,1.06614786
ND,38,ST3800000000000,North Dakota,2006,7,1.058814459,1.188014981
ND,38,ST3800000000000,North Dakota,2006,8,1.058587009,1.190943396
ND,38,ST3800000000000,North Dakota,2006,9,1.014698055,1.225839268
ND,38,ST3800000000000,North Dakota,2006,10,1.019913969,1.268
ND,38,ST3800000000000,North Dakota,2006,11,1.014602311,1.297029703
ND,38,ST3800000000000,North Dakota,2006,12,1.010830573,1.18788713
ND,38,ST3800000000000,North Dakota,2007,1,1.034769463,1.245992261
ND,38,ST3800000000000,North Dakota,2007,2,1.038176127,1.257629108
ND,38,ST3800000000000,North Dakota,2007,3,1.03087985,1.24969988
ND,38,ST3800000000000,North Dakota,2007,4,1.034501813,1.264642082
ND,38,ST3800000000000,North Dakota,2007,5,1.028354938,1.190438871
ND,38,ST3800000000000,North Dakota,2007,6,1.033073281,1.227386935
ND,38,ST3800000000000,North Dakota,2007,7,1.063518688,1.441176471
ND,38,ST3800000000000,North Dakota,2007,8,1.065790374,1.31925264
ND,38,ST3800000000000,North Dakota,2007,9,1.025433938,1.337837838
ND,38,ST3800000000000,North Dakota,2007,10,1.02650414,1.204910293
ND,38,ST3800000000000,North Dakota,2007,11,1.019651775,1.441932169
ND,38,ST3800000000000,North Dakota,2007,12,1.011703179,1.518874907
ND,38,ST3800000000000,North Dakota,2008,1,1.027135293,1.320840432
ND,38,ST3800000000000,North Dakota,2008,2,1.027979418,1.305903399
ND,38,ST3800000000000,North Dakota,2008,3,1.019706888,1.400915631
ND,38,ST3800000000000,North Dakota,2008,4,1.032096238,1.215686275
ND,38,ST3800000000000,North Dakota,2008,5,1.024744731,1.140477915
ND,38,ST3800000000000,North Dakota,2008,6,1.030800273,1.192216981
ND,38,ST3800000000000,North Dakota,2008,7,1.053253645,1.32120743
ND,38,ST3800000000000,North Dakota,2008,8,1.045837751,1.258848022
ND,38,ST3800000000000,North Dakota,2008,9,1.009629345,1.181013677
ND,38,ST3800000000000,North Dakota,2008,10,1.012772867,1.106969206
ND,38,ST3800000000000,North Dakota,2008,11,1.001092694,1.380033557
ND,38,ST3800000000000,North Dakota,2008,12,0.994673701,1.285049834
ND,38,ST3800000000000,North Dakota,2009,1,1.01275781,1.256179775
ND,38,ST3800000000000,North Dakota,2009,2,1.012495923,1.330027767
ND,38,ST3800000000000,North Dakota,2009,3,1.007204931,1.29676259
ND,38,ST3800000000000,North Dakota,2009,4,1.01571378,1.08994709
ND,38,ST3800000000000,North Dakota,2009,5,1.010033003,1.089145254
ND,38,ST3800000000000,North Dakota,2009,6,1.016485587,1.231327801
ND,38,ST3800000000000,North Dakota,2009,7,1.049222028,1.129640206
ND,38,ST3800000000000,North Dakota,2009,8,1.040595422,1.066736731
ND,38,ST3800000000000,North Dakota,2009,9,0.999313557,1.125410374
ND,38,ST3800000000000,North Dakota,2009,10,0.999096064,1.008813161
ND,38,ST3800000000000,North Dakota,2009,11,0.9825436,1.205298013
ND,38,ST3800000000000,North Dakota,2009,12,0.977341889,1.229956793
ND,38,ST3800000000000,North Dakota,2010,1,1.003585147,1.187672857
ND,38,ST3800000000000,North Dakota,2010,2,0.996910069,1.266955836
ND,38,ST3800000000000,North Dakota,2010,3,0.992177358,1.143853211
ND,38,ST3800000000000,North Dakota,2010,4,0.997597024,1.089461358
ND,38,ST3800000000000,North Dakota,2010,5,1.000228874,1.014370664
ND,38,ST3800000000000,North Dakota,2010,6,1.004577996,1.064434082
ND,38,ST3800000000000,North Dakota,2010,7,1.035067001,1.077194753
ND,38,ST3800000000000,North Dakota,2010,8,1.030300527,1.024697337
ND,38,ST3800000000000,North Dakota,2010,9,0.993860435,1.008333333
ND,38,ST3800000000000,North Dakota,2010,10,0.977161607,0.953107345
ND,38,ST3800000000000,North Dakota,2010,11,0.963523464,1.09014233
ND,38,ST3800000000000,North Dakota,2010,12,0.967621968,0.965627498
ND,38,ST3800000000000,North Dakota,2011,1,0.983662325,1.138247566
ND,38,ST3800000000000,North Dakota,2011,2,0.979632546,1.05322314
ND,38,ST3800000000000,North Dakota,2011,3,0.976208718,1.185008698
ND,38,ST3800000000000,North Dakota,2011,4,0.972787594,1.167425171
ND,38,ST3800000000000,North Dakota,2011,5,0.968057235,0.963249822
ND,38,ST3800000000000,North Dakota,2011,6,0.977313356,1.023480755
ND,38,ST3800000000000,North Dakota,2011,7,0.998407407,0.980605522
ND,38,ST3800000000000,North Dakota,2011,8,0.99111291,1.073829672
ND,38,ST3800000000000,North Dakota,2011,9,0.954429172,1.011378003
ND,38,ST3800000000000,North Dakota,2011,10,0.945280403,0.985099803
ND,38,ST3800000000000,North Dakota,2011,11,0.938683629,1.079821325
ND,38,ST3800000000000,North Dakota,2011,12,0.933483627,0.972332016
ND,38,ST3800000000000,North Dakota,2012,1,0.939483668,1.126657977
ND,38,ST3800000000000,North Dakota,2012,2,0.939893954,1.021090858
ND,38,ST3800000000000,North Dakota,2012,3,0.926802925,1.1857626
ND,38,ST3800000000000,North Dakota,2012,4,0.927623842,1.148570871
ND,38,ST3800000000000,North Dakota,2012,5,0.921266082,1.003383459
ND,38,ST3800000000000,North Dakota,2012,6,0.921200675,1.109340343
ND,38,ST3800000000000,North Dakota,2012,7,0.940910455,1.045337676
ND,38,ST3800000000000,North Dakota,2012,8,0.939990155,1.072756963
ND,38,ST3800000000000,North Dakota,2012,9,0.907416646,0.958996147
ND,38,ST3800000000000,North Dakota,2012,10,0.901485813,0.981162486
ND,38,ST3800000000000,North Dakota,2012,11,0.883944424,1.096577638
ND,38,ST3800000000000,North Dakota,2012,12,0.874498246,0.981160741
ND,38,ST3800000000000,North Dakota,2013,1,0.890268826,1.150824713
ND,38,ST3800000000000,North Dakota,2013,2,0.893400533,1.105464797
ND,38,ST3800000000000,North Dakota,2013,3,0.892647544,1.247014559
ND,38,ST3800000000000,North Dakota,2013,4,0.896060518,1.287234043
ND,38,ST3800000000000,North Dakota,2013,5,0.896538074,1.093424576
ND,38,ST3800000000000,North Dakota,2013,6,0.898993866,1.178261259
ND,38,ST3800000000000,North Dakota,2013,7,0.915154239,1.090194611
ND,38,ST3800000000000,North Dakota,2013,8,0.912922599,1.047130951
OH,39,BS3900000000000,"Balance of Ohio, state less Cleveland-Elyria-Mentor MSA",2005,1,1.038721451,1.399019997
OH,39,BS3900000000000,"Balance of Ohio, state less Cleveland-Elyria-Mentor MSA",2005,2,1.034931453,1.37028472
OH,39,BS3900000000000,"Balance of Ohio, state less Cleveland-Elyria-Mentor MSA",2005,3,1.034428608,1.26635514
OH,39,BS3900000000000,"Balance of Ohio, state less Cleveland-Elyria-Mentor MSA",2005,4,1.027380706,1.426695842
OH,39,BS3900000000000,"Balance of Ohio, state less Cleveland-Elyria-Mentor MSA",2005,5,1.032328446,1.363639066
OH,39,BS3900000000000,"Balance of Ohio, state less Cleveland-Elyria-Mentor MSA",2005,6,1.038450606,1.265316915
OH,39,BS3900000000000,"Balance of Ohio, state less Cleveland-Elyria-Mentor MSA",2005,7,1.051865277,1.238302416
OH,39,BS3900000000000,"Balance of Ohio, state less Cleveland-Elyria-Mentor MSA",2005,8,1.053034476,1.241174433
OH,39,BS3900000000000,"Balance of Ohio, state less Cleveland-Elyria-Mentor MSA",2005,9,1.03461954,1.353601578
OH,39,BS3900000000000,"Balance of Ohio, state less Cleveland-Elyria-Mentor MSA",2005,10,1.042652127,1.37630694
OH,39,BS3900000000000,"Balance of Ohio, state less Cleveland-Elyria-Mentor MSA",2005,11,1.037124586,1.469818393
OH,39,BS3900000000000,"Balance of Ohio, state less Cleveland-Elyria-Mentor MSA",2005,12,1.040130922,1.375851472
OH,39,BS3900000000000,"Balance of Ohio, state less Cleveland-Elyria-Mentor MSA",2006,1,1.048758781,1.287973805
OH,39,BS3900000000000,"Balance of Ohio, state less Cleveland-Elyria-Mentor MSA",2006,2,1.048812586,1.216448445
OH,39,BS3900000000000,"Balance of Ohio, state less Cleveland-Elyria-Mentor MSA",2006,3,1.048106234,1.220765762
OH,39,BS3900000000000,"Balance of Ohio, state less Cleveland-Elyria-Mentor MSA",2006,4,1.044132898,1.356377147
OH,39,BS3900000000000,"Balance of Ohio, state less Cleveland-Elyria-Mentor MSA",2006,5,1.047019171,1.247067562
OH,39,BS3900000000000,"Balance of Ohio, state less Cleveland-Elyria-Mentor MSA",2006,6,1.049557835,1.219618149
OH,39,BS3900000000000,"Balance of Ohio, state less Cleveland-Elyria-Mentor MSA",2006,7,1.065620936,1.200331254
OH,39,BS3900000000000,"Balance of Ohio, state less Cleveland-Elyria-Mentor MSA",2006,8,1.064566762,1.187051511
OH,39,BS3900000000000,"Balance of Ohio, state less Cleveland-Elyria-Mentor MSA",2006,9,1.054369161,1.226254127
OH,39,BS3900000000000,"Balance of Ohio, state less Cleveland-Elyria-Mentor MSA",2006,10,1.060678361,1.250649833
OH,39,BS3900000000000,"Balance of Ohio, state less Cleveland-Elyria-Mentor MSA",2006,11,1.059195127,1.335058959
OH,39,BS3900000000000,"Balance of Ohio, state less Cleveland-Elyria-Mentor MSA",2006,12,1.054949165,1.3543222
OH,39,BS3900000000000,"Balance of Ohio, state less Cleveland-Elyria-Mentor MSA",2007,1,1.059238573,1.409108923
OH,39,BS3900000000000,"Balance of Ohio, state less Cleveland-Elyria-Mentor MSA",2007,2,1.062648581,1.25320806
OH,39,BS3900000000000,"Balance of Ohio, state less Cleveland-Elyria-Mentor MSA",2007,3,1.060505734,1.223043086
OH,39,BS3900000000000,"Balance of Ohio, state less Cleveland-Elyria-Mentor MSA",2007,4,1.053472438,1.299379464
OH,39,BS3900000000000,"Balance of Ohio, state less Cleveland-Elyria-Mentor MSA",2007,5,1.04982037,1.272309163
OH,39,BS3900000000000,"Balance of Ohio, state less Cleveland-Elyria-Mentor MSA",2007,6,1.049208482,1.25962434
OH,39,BS3900000000000,"Balance of Ohio, state less Cleveland-Elyria-Mentor MSA",2007,7,1.063293962,1.233240444
OH,39,BS3900000000000,"Balance of Ohio, state less Cleveland-Elyria-Mentor MSA",2007,8,1.059441838,1.238026988
OH,39,BS3900000000000,"Balance of Ohio, state less Cleveland-Elyria-Mentor MSA",2007,9,1.052719731,1.328813065
OH,39,BS3900000000000,"Balance of Ohio, state less Cleveland-Elyria-Mentor MSA",2007,10,1.054971952,1.343678196
OH,39,BS3900000000000,"Balance of Ohio, state less Cleveland-Elyria-Mentor MSA",2007,11,1.053939134,1.343474605
OH,39,BS3900000000000,"Balance of Ohio, state less Cleveland-Elyria-Mentor MSA",2007,12,1.051756717,1.355673186
OH,39,BS3900000000000,"Balance of Ohio, state less Cleveland-Elyria-Mentor MSA",2008,1,1.060657281,1.392056101
OH,39,BS3900000000000,"Balance of Ohio, state less Cleveland-Elyria-Mentor MSA",2008,2,1.058219835,1.319587919
OH,39,BS3900000000000,"Balance of Ohio, state less Cleveland-Elyria-Mentor MSA",2008,3,1.067886596,1.280035646
OH,39,BS3900000000000,"Balance of Ohio, state less Cleveland-Elyria-Mentor MSA",2008,4,1.06299002,1.197396547
OH,39,BS3900000000000,"Balance of Ohio, state less Cleveland-Elyria-Mentor MSA",2008,5,1.055761887,1.173049159
OH,39,BS3900000000000,"Balance of Ohio, state less Cleveland-Elyria-Mentor MSA",2008,6,1.058536631,1.22244898
OH,39,BS3900000000000,"Balance of Ohio, state less Cleveland-Elyria-Mentor MSA",2008,7,1.067275174,1.177592348
OH,39,BS3900000000000,"Balance of Ohio, state less Cleveland-Elyria-Mentor MSA",2008,8,1.063981963,1.243534157
OH,39,BS3900000000000,"Balance of Ohio, state less Cleveland-Elyria-Mentor MSA",2008,9,1.055244528,1.302692254
OH,39,BS3900000000000,"Balance of Ohio, state less Cleveland-Elyria-Mentor MSA",2008,10,1.062000312,1.363255335
OH,39,BS3900000000000,"Balance of Ohio, state less Cleveland-Elyria-Mentor MSA",2008,11,1.061356039,1.314842136
OH,39,BS3900000000000,"Balance of Ohio, state less Cleveland-Elyria-Mentor MSA",2008,12,1.057667242,1.324316888
OH,39,BS3900000000000,"Balance of Ohio, state less Cleveland-Elyria-Mentor MSA",2009,1,1.070659823,1.373496104
OH,39,BS3900000000000,"Balance of Ohio, state less Cleveland-Elyria-Mentor MSA",2009,2,1.070668626,1.373495075
OH,39,BS3900000000000,"Balance of Ohio, state less Cleveland-Elyria-Mentor MSA",2009,3,1.071200257,1.305792221
OH,39,BS3900000000000,"Balance of Ohio, state less Cleveland-Elyria-Mentor MSA",2009,4,1.075916103,1.226630194
OH,39,BS3900000000000,"Balance of Ohio, state less Cleveland-Elyria-Mentor MSA",2009,5,1.07199398,1.205843599
OH,39,BS3900000000000,"Balance of Ohio, state less Cleveland-Elyria-Mentor MSA",2009,6,1.078574423,1.203272057
OH,39,BS3900000000000,"Balance of Ohio, state less Cleveland-Elyria-Mentor MSA",2009,7,1.09078997,1.216824677
OH,39,BS3900000000000,"Balance of Ohio, state less Cleveland-Elyria-Mentor MSA",2009,8,1.089067612,1.268735055
OH,39,BS3900000000000,"Balance of Ohio, state less Cleveland-Elyria-Mentor MSA",2009,9,1.071850471,1.352489229
OH,39,BS3900000000000,"Balance of Ohio, state less Cleveland-Elyria-Mentor MSA",2009,10,1.071155686,1.346784504
OH,39,BS3900000000000,"Balance of Ohio, state less Cleveland-Elyria-Mentor MSA",2009,11,1.069909349,1.316267692
OH,39,BS3900000000000,"Balance of Ohio, state less Cleveland-Elyria-Mentor MSA",2009,12,1.060340445,1.354380592
OH,39,BS3900000000000,"Balance of Ohio, state less Cleveland-Elyria-Mentor MSA",2010,1,1.072153977,1.440725636
OH,39,BS3900000000000,"Balance of Ohio, state less Cleveland-Elyria-Mentor MSA",2010,2,1.072862869,1.396020235
OH,39,BS3900000000000,"Balance of Ohio, state less Cleveland-Elyria-Mentor MSA",2010,3,1.074767629,1.328351396
OH,39,BS3900000000000,"Balance of Ohio, state less Cleveland-Elyria-Mentor MSA",2010,4,1.070134934,1.240182829
OH,39,BS3900000000000,"Balance of Ohio, state less Cleveland-Elyria-Mentor MSA",2010,5,1.064866991,1.241556634
OH,39,BS3900000000000,"Balance of Ohio, state less Cleveland-Elyria-Mentor MSA",2010,6,1.066690683,1.220631549
OH,39,BS3900000000000,"Balance of Ohio, state less Cleveland-Elyria-Mentor MSA",2010,7,1.080917732,1.219484755
OH,39,BS3900000000000,"Balance of Ohio, state less Cleveland-Elyria-Mentor MSA",2010,8,1.082020195,1.269861247
OH,39,BS3900000000000,"Balance of Ohio, state less Cleveland-Elyria-Mentor MSA",2010,9,1.073863706,1.329112
OH,39,BS3900000000000,"Balance of Ohio, state less Cleveland-Elyria-Mentor MSA",2010,10,1.068702419,1.279631874
OH,39,BS3900000000000,"Balance of Ohio, state less Cleveland-Elyria-Mentor MSA",2010,11,1.061958011,1.319954207
OH,39,BS3900000000000,"Balance of Ohio, state less Cleveland-Elyria-Mentor MSA",2010,12,1.057052975,1.274509466
OH,39,BS3900000000000,"Balance of Ohio, state less Cleveland-Elyria-Mentor MSA",2011,1,1.064341613,1.347712152
OH,39,BS3900000000000,"Balance of Ohio, state less Cleveland-Elyria-Mentor MSA",2011,2,1.065808858,1.287354508
OH,39,BS3900000000000,"Balance of Ohio, state less Cleveland-Elyria-Mentor MSA",2011,3,1.067503376,1.236542726
OH,39,BS3900000000000,"Balance of Ohio, state less Cleveland-Elyria-Mentor MSA",2011,4,1.063802956,1.204985167
OH,39,BS3900000000000,"Balance of Ohio, state less Cleveland-Elyria-Mentor MSA",2011,5,1.059821254,1.187188666
OH,39,BS3900000000000,"Balance of Ohio, state less Cleveland-Elyria-Mentor MSA",2011,6,1.059107257,1.205195733
OH,39,BS3900000000000,"Balance of Ohio, state less Cleveland-Elyria-Mentor MSA",2011,7,1.068534553,1.206053945
OH,39,BS3900000000000,"Balance of Ohio, state less Cleveland-Elyria-Mentor MSA",2011,8,1.066679521,1.284244889
OH,39,BS3900000000000,"Balance of Ohio, state less Cleveland-Elyria-Mentor MSA",2011,9,1.063019439,1.316293174
OH,39,BS3900000000000,"Balance of Ohio, state less Cleveland-Elyria-Mentor MSA",2011,10,1.064550276,1.269207784
OH,39,BS3900000000000,"Balance of Ohio, state less Cleveland-Elyria-Mentor MSA",2011,11,1.058528078,1.273087378
OH,39,BS3900000000000,"Balance of Ohio, state less Cleveland-Elyria-Mentor MSA",2011,12,1.055942926,1.314438533
OH,39,BS3900000000000,"Balance of Ohio, state less Cleveland-Elyria-Mentor MSA",2012,1,1.057557668,1.282026769
OH,39,BS3900000000000,"Balance of Ohio, state less Cleveland-Elyria-Mentor MSA",2012,2,1.060946985,1.22660222
OH,39,BS3900000000000,"Balance of Ohio, state less Cleveland-Elyria-Mentor MSA",2012,3,1.05781483,1.213002907
OH,39,BS3900000000000,"Balance of Ohio, state less Cleveland-Elyria-Mentor MSA",2012,4,1.050267274,1.150293248
OH,39,BS3900000000000,"Balance of Ohio, state less Cleveland-Elyria-Mentor MSA",2012,5,1.049117489,1.131857952
OH,39,BS3900000000000,"Balance of Ohio, state less Cleveland-Elyria-Mentor MSA",2012,6,1.053751171,1.176355027
OH,39,BS3900000000000,"Balance of Ohio, state less Cleveland-Elyria-Mentor MSA",2012,7,1.062715061,1.215813768
OH,39,BS3900000000000,"Balance of Ohio, state less Cleveland-Elyria-Mentor MSA",2012,8,1.062254142,1.201415542
OH,39,BS3900000000000,"Balance of Ohio, state less Cleveland-Elyria-Mentor MSA",2012,9,1.053858685,1.14499369
OH,39,BS3900000000000,"Balance of Ohio, state less Cleveland-Elyria-Mentor MSA",2012,10,1.056260927,1.165978761
OH,39,BS3900000000000,"Balance of Ohio, state less Cleveland-Elyria-Mentor MSA",2012,11,1.050593379,1.167450026
OH,39,BS3900000000000,"Balance of Ohio, state less Cleveland-Elyria-Mentor MSA",2012,12,1.051063097,1.231252781
OH,39,BS3900000000000,"Balance of Ohio, state less Cleveland-Elyria-Mentor MSA",2013,1,1.056407051,1.273927222
OH,39,BS3900000000000,"Balance of Ohio, state less Cleveland-Elyria-Mentor MSA",2013,2,1.059804502,1.275280165
OH,39,BS3900000000000,"Balance of Ohio, state less Cleveland-Elyria-Mentor MSA",2013,3,1.06346656,1.259524479
OH,39,BS3900000000000,"Balance of Ohio, state less Cleveland-Elyria-Mentor MSA",2013,4,1.055051303,1.22498038
OH,39,BS3900000000000,"Balance of Ohio, state less Cleveland-Elyria-Mentor MSA",2013,5,1.052719625,1.300324216
OH,39,BS3900000000000,"Balance of Ohio, state less Cleveland-Elyria-Mentor MSA",2013,6,1.055536847,1.31489387
OH,39,BS3900000000000,"Balance of Ohio, state less Cleveland-Elyria-Mentor MSA",2013,7,1.056602718,1.324235031
OH,39,BS3900000000000,"Balance of Ohio, state less Cleveland-Elyria-Mentor MSA",2013,8,1.054807083,1.335097205
OK,40,ST4000000000000,Oklahoma,2005,1,1.039654324,1.336104084
OK,40,ST4000000000000,Oklahoma,2005,2,1.037669775,1.386557178
OK,40,ST4000000000000,Oklahoma,2005,3,1.031610879,1.364683395
OK,40,ST4000000000000,Oklahoma,2005,4,1.025701939,1.336090704
OK,40,ST4000000000000,Oklahoma,2005,5,1.025457995,1.297905677
OK,40,ST4000000000000,Oklahoma,2005,6,1.038394979,1.255759162
OK,40,ST4000000000000,Oklahoma,2005,7,1.05276879,1.216201638
OK,40,ST4000000000000,Oklahoma,2005,8,1.04094311,1.252173449
OK,40,ST4000000000000,Oklahoma,2005,9,1.022022808,1.12894583
OK,40,ST4000000000000,Oklahoma,2005,10,1.026787585,1.05575889
OK,40,ST4000000000000,Oklahoma,2005,11,1.025643254,1.235117612
OK,40,ST4000000000000,Oklahoma,2005,12,1.017643942,1.26627451
OK,40,ST4000000000000,Oklahoma,2006,1,1.019287433,1.252755176
OK,40,ST4000000000000,Oklahoma,2006,2,1.015097193,1.337831084
OK,40,ST4000000000000,Oklahoma,2006,3,1.01352317,1.323605244
OK,40,ST4000000000000,Oklahoma,2006,4,1.01725182,1.442736408
OK,40,ST4000000000000,Oklahoma,2006,5,1.01012772,1.421257252
OK,40,ST4000000000000,Oklahoma,2006,6,1.018163825,1.326906869
OK,40,ST4000000000000,Oklahoma,2006,7,1.039729173,1.246437552
OK,40,ST4000000000000,Oklahoma,2006,8,1.024311089,1.33974026
OK,40,ST4000000000000,Oklahoma,2006,9,1.015349986,1.212996
OK,40,ST4000000000000,Oklahoma,2006,10,1.019036855,1.219593853
OK,40,ST4000000000000,Oklahoma,2006,11,1.02160434,1.25981773
OK,40,ST4000000000000,Oklahoma,2006,12,1.009452084,1.332964602
OK,40,ST4000000000000,Oklahoma,2007,1,1.001824141,1.417849568
OK,40,ST4000000000000,Oklahoma,2007,2,0.989303114,1.326173065
OK,40,ST4000000000000,Oklahoma,2007,3,0.984511379,1.346164452
OK,40,ST4000000000000,Oklahoma,2007,4,0.990295827,1.344923587
OK,40,ST4000000000000,Oklahoma,2007,5,0.982884071,1.506054582
OK,40,ST4000000000000,Oklahoma,2007,6,0.992789396,1.343324937
OK,40,ST4000000000000,Oklahoma,2007,7,1.003735058,1.300359057
OK,40,ST4000000000000,Oklahoma,2007,8,0.992965931,1.35553385
OK,40,ST4000000000000,Oklahoma,2007,9,0.98559919,1.242795513
OK,40,ST4000000000000,Oklahoma,2007,10,0.987847421,1.197129499
OK,40,ST4000000000000,Oklahoma,2007,11,0.991260892,1.197184717
OK,40,ST4000000000000,Oklahoma,2007,12,0.98351947,1.290688824
OK,40,ST4000000000000,Oklahoma,2008,1,0.987078149,1.382657379
OK,40,ST4000000000000,Oklahoma,2008,2,0.97980626,1.258542583
OK,40,ST4000000000000,Oklahoma,2008,3,0.979550493,1.189763678
OK,40,ST4000000000000,Oklahoma,2008,4,0.984836202,1.055505876
OK,40,ST4000000000000,Oklahoma,2008,5,0.975586069,1.210604795
OK,40,ST4000000000000,Oklahoma,2008,6,0.989300897,1.02330666
OK,40,ST4000000000000,Oklahoma,2008,7,0.993895806,1.027384907
OK,40,ST4000000000000,Oklahoma,2008,8,0.981533737,1.223849865
OK,40,ST4000000000000,Oklahoma,2008,9,0.972688313,1.224359368
OK,40,ST4000000000000,Oklahoma,2008,10,0.98074308,1.121697474
OK,40,ST4000000000000,Oklahoma,2008,11,0.9825981,1.160913278
OK,40,ST4000000000000,Oklahoma,2008,12,0.972155814,1.276249496
OK,40,ST4000000000000,Oklahoma,2009,1,0.985572322,1.667174797
OK,40,ST4000000000000,Oklahoma,2009,2,0.981024755,1.546573186
OK,40,ST4000000000000,Oklahoma,2009,3,0.980912953,1.404059731
OK,40,ST4000000000000,Oklahoma,2009,4,0.993604494,1.142552814
OK,40,ST4000000000000,Oklahoma,2009,5,0.986791452,1.337599003
OK,40,ST4000000000000,Oklahoma,2009,6,0.998979191,1.138383898
OK,40,ST4000000000000,Oklahoma,2009,7,1.011700337,1.11047926
OK,40,ST4000000000000,Oklahoma,2009,8,1.000306574,1.147455347
OK,40,ST4000000000000,Oklahoma,2009,9,0.998191222,1.205125671
OK,40,ST4000000000000,Oklahoma,2009,10,1.00277632,1.089269536
OK,40,ST4000000000000,Oklahoma,2009,11,1.004449517,1.062203024
OK,40,ST4000000000000,Oklahoma,2009,12,0.994948174,1.179747165
OK,40,ST4000000000000,Oklahoma,2010,1,1.012170856,1.286867481
OK,40,ST4000000000000,Oklahoma,2010,2,1.009534518,1.294271727
OK,40,ST4000000000000,Oklahoma,2010,3,1.009431628,1.268677291
OK,40,ST4000000000000,Oklahoma,2010,4,1.014082294,1.091221608
OK,40,ST4000000000000,Oklahoma,2010,5,1.003674919,1.086492074
OK,40,ST4000000000000,Oklahoma,2010,6,1.009544695,1.113960598
OK,40,ST4000000000000,Oklahoma,2010,7,1.018061683,1.104006141
OK,40,ST4000000000000,Oklahoma,2010,8,1.016255296,1.187984433
OK,40,ST4000000000000,Oklahoma,2010,9,1.014938683,1.231104396
OK,40,ST4000000000000,Oklahoma,2010,10,1.00651281,1.089946928
OK,40,ST4000000000000,Oklahoma,2010,11,1.009004632,1.087863913
OK,40,ST4000000000000,Oklahoma,2010,12,0.999892226,1.111968348
OK,40,ST4000000000000,Oklahoma,2011,1,0.999541626,1.255304155
OK,40,ST4000000000000,Oklahoma,2011,2,1.004227603,1.25618032
OK,40,ST4000000000000,Oklahoma,2011,3,0.996965343,1.211537778
OK,40,ST4000000000000,Oklahoma,2011,4,0.996675389,1.073166794
OK,40,ST4000000000000,Oklahoma,2011,5,0.992408115,1.090994915
OK,40,ST4000000000000,Oklahoma,2011,6,1.000136352,1.040089706
OK,40,ST4000000000000,Oklahoma,2011,7,1.004088841,1.065121358
OK,40,ST4000000000000,Oklahoma,2011,8,0.995607344,1.16839603
OK,40,ST4000000000000,Oklahoma,2011,9,0.992301402,1.131356618
OK,40,ST4000000000000,Oklahoma,2011,10,0.995704338,1.020810767
OK,40,ST4000000000000,Oklahoma,2011,11,0.99891686,1.064824587
OK,40,ST4000000000000,Oklahoma,2011,12,0.989705205,1.099820105
OK,40,ST4000000000000,Oklahoma,2012,1,0.998754107,1.236143725
OK,40,ST4000000000000,Oklahoma,2012,2,0.996841664,1.284360667
OK,40,ST4000000000000,Oklahoma,2012,3,0.996140139,1.220594226
OK,40,ST4000000000000,Oklahoma,2012,4,0.996528628,1.131725494
OK,40,ST4000000000000,Oklahoma,2012,5,0.989168633,1.040365679
OK,40,ST4000000000000,Oklahoma,2012,6,0.997803108,1.031367551
OK,40,ST4000000000000,Oklahoma,2012,7,1.006800336,1.064927979
OK,40,ST4000000000000,Oklahoma,2012,8,0.998438835,1.184242776
OK,40,ST4000000000000,Oklahoma,2012,9,1.002388478,1.100768325
OK,40,ST4000000000000,Oklahoma,2012,10,1.002911156,1.098022978
OK,40,ST4000000000000,Oklahoma,2012,11,1.002026774,1.116843741
OK,40,ST4000000000000,Oklahoma,2012,12,0.998107499,1.106771151
OK,40,ST4000000000000,Oklahoma,2013,1,1.010575747,1.30640403
OK,40,ST4000000000000,Oklahoma,2013,2,1.002254003,1.288908503
OK,40,ST4000000000000,Oklahoma,2013,3,1.00302962,1.255715565
OK,40,ST4000000000000,Oklahoma,2013,4,1.000960895,1.131677667
OK,40,ST4000000000000,Oklahoma,2013,5,0.996252783,1.127425434
OK,40,ST4000000000000,Oklahoma,2013,6,1.001888026,1.072094684
OK,40,ST4000000000000,Oklahoma,2013,7,1.007911664,1.078807762
OK,40,ST4000000000000,Oklahoma,2013,8,1.005591237,1.204699281
OR,41,ST4100000000000,Oregon,2005,1,1.051352259,1.173601275
OR,41,ST4100000000000,Oregon,2005,2,1.041881842,1.229974613
OR,41,ST4100000000000,Oregon,2005,3,1.036524694,1.162014134
OR,41,ST4100000000000,Oregon,2005,4,1.038275291,1.158159393
OR,41,ST4100000000000,Oregon,2005,5,1.038339782,1.094758459
OR,41,ST4100000000000,Oregon,2005,6,1.027818345,1.089059675
OR,41,ST4100000000000,Oregon,2005,7,1.040046529,1.071984788
OR,41,ST4100000000000,Oregon,2005,8,1.045056034,1.055529975
OR,41,ST4100000000000,Oregon,2005,9,1.034885215,1.106847254
OR,41,ST4100000000000,Oregon,2005,10,1.037285065,1.163869464
OR,41,ST4100000000000,Oregon,2005,11,1.038231288,1.250494244
OR,41,ST4100000000000,Oregon,2005,12,1.032161168,1.255848132
OR,41,ST4100000000000,Oregon,2006,1,1.050294242,1.15963396
OR,41,ST4100000000000,Oregon,2006,2,1.041415465,1.121928518
OR,41,ST4100000000000,Oregon,2006,3,1.038562923,1.114417798
OR,41,ST4100000000000,Oregon,2006,4,1.041833431,1.092156247
OR,41,ST4100000000000,Oregon,2006,5,1.036693132,1.08007637
OR,41,ST4100000000000,Oregon,2006,6,1.031278405,1.072549419
OR,41,ST4100000000000,Oregon,2006,7,1.043241506,1.085526316
OR,41,ST4100000000000,Oregon,2006,8,1.04768369,1.06473351
OR,41,ST4100000000000,Oregon,2006,9,1.038869318,1.076076668
OR,41,ST4100000000000,Oregon,2006,10,1.039292359,1.133468921
OR,41,ST4100000000000,Oregon,2006,11,1.042742443,1.15005767
OR,41,ST4100000000000,Oregon,2006,12,1.042904601,1.22927866
OR,41,ST4100000000000,Oregon,2007,1,1.056600554,1.255220928
OR,41,ST4100000000000,Oregon,2007,2,1.045974262,1.144841076
OR,41,ST4100000000000,Oregon,2007,3,1.042822051,1.1452531
OR,41,ST4100000000000,Oregon,2007,4,1.043352788,1.159075459
OR,41,ST4100000000000,Oregon,2007,5,1.038004875,1.118590904
OR,41,ST4100000000000,Oregon,2007,6,1.029672234,1.173576042
OR,41,ST4100000000000,Oregon,2007,7,1.041083782,1.096433574
OR,41,ST4100000000000,Oregon,2007,8,1.045339467,1.032019191
OR,41,ST4100000000000,Oregon,2007,9,1.04592045,1.160358697
OR,41,ST4100000000000,Oregon,2007,10,1.042573294,1.132561942
OR,41,ST4100000000000,Oregon,2007,11,1.051938632,1.12651834
OR,41,ST4100000000000,Oregon,2007,12,1.050341327,1.169888216
OR,41,ST4100000000000,Oregon,2008,1,1.068417465,1.166666667
OR,41,ST4100000000000,Oregon,2008,2,1.056273976,1.157501766
OR,41,ST4100000000000,Oregon,2008,3,1.057112107,1.197117379
OR,41,ST4100000000000,Oregon,2008,4,1.056910616,1.138842792
OR,41,ST4100000000000,Oregon,2008,5,1.050961294,1.183822689
OR,41,ST4100000000000,Oregon,2008,6,1.04756617,1.24115164
OR,41,ST4100000000000,Oregon,2008,7,1.053513038,1.141083006
OR,41,ST4100000000000,Oregon,2008,8,1.058386078,1.192197467
OR,41,ST4100000000000,Oregon,2008,9,1.054728865,1.341950113
OR,41,ST4100000000000,Oregon,2008,10,1.059066122,1.25923163
OR,41,ST4100000000000,Oregon,2008,11,1.068750809,1.296381049
OR,41,ST4100000000000,Oregon,2008,12,1.066395068,1.324305715
OR,41,ST4100000000000,Oregon,2009,1,1.081273404,1.302702014
OR,41,ST4100000000000,Oregon,2009,2,1.07609423,1.333373371
OR,41,ST4100000000000,Oregon,2009,3,1.07383318,1.281539479
OR,41,ST4100000000000,Oregon,2009,4,1.082066025,1.217267552
OR,41,ST4100000000000,Oregon,2009,5,1.074925911,1.253030572
OR,41,ST4100000000000,Oregon,2009,6,1.069421299,1.280825129
OR,41,ST4100000000000,Oregon,2009,7,1.080162234,1.163551147
OR,41,ST4100000000000,Oregon,2009,8,1.085227443,1.187741862
OR,41,ST4100000000000,Oregon,2009,9,1.081320393,1.24878017
OR,41,ST4100000000000,Oregon,2009,10,1.076580405,1.1340865
OR,41,ST4100000000000,Oregon,2009,11,1.083468207,1.107566394
OR,41,ST4100000000000,Oregon,2009,12,1.077330131,1.18901911
OR,41,ST4100000000000,Oregon,2010,1,1.096278286,1.165413149
OR,41,ST4100000000000,Oregon,2010,2,1.090160087,1.215940343
OR,41,ST4100000000000,Oregon,2010,3,1.092521403,1.140546352
OR,41,ST4100000000000,Oregon,2010,4,1.096537908,1.109360707
OR,41,ST4100000000000,Oregon,2010,5,1.086487654,1.149828911
OR,41,ST4100000000000,Oregon,2010,6,1.081182441,1.17097096
OR,41,ST4100000000000,Oregon,2010,7,1.09296319,1.08311488
OR,41,ST4100000000000,Oregon,2010,8,1.099367995,1.177114484
OR,41,ST4100000000000,Oregon,2010,9,1.100222163,1.207769313
OR,41,ST4100000000000,Oregon,2010,10,1.089056062,1.147402597
OR,41,ST4100000000000,Oregon,2010,11,1.09328349,1.155990543
OR,41,ST4100000000000,Oregon,2010,12,1.093640546,1.156079753
OR,41,ST4100000000000,Oregon,2011,1,1.108866763,1.169723534
OR,41,ST4100000000000,Oregon,2011,2,1.104748841,1.195306715
OR,41,ST4100000000000,Oregon,2011,3,1.105603408,1.086190428
OR,41,ST4100000000000,Oregon,2011,4,1.10754049,1.06322918
OR,41,ST4100000000000,Oregon,2011,5,1.097861206,1.055481469
OR,41,ST4100000000000,Oregon,2011,6,1.08783048,1.079429928
OR,41,ST4100000000000,Oregon,2011,7,1.097226371,1.0528874
OR,41,ST4100000000000,Oregon,2011,8,1.099906976,1.071894169
OR,41,ST4100000000000,Oregon,2011,9,1.101188869,1.124603526
OR,41,ST4100000000000,Oregon,2011,10,1.091046226,1.135351873
OR,41,ST4100000000000,Oregon,2011,11,1.097101666,1.125264152
OR,41,ST4100000000000,Oregon,2011,12,1.0949527,1.099448633
OR,41,ST4100000000000,Oregon,2012,1,1.105190881,1.145158772
OR,41,ST4100000000000,Oregon,2012,2,1.104456742,1.172387801
OR,41,ST4100000000000,Oregon,2012,3,1.102540458,1.104464238
OR,41,ST4100000000000,Oregon,2012,4,1.09747867,1.039652009
OR,41,ST4100000000000,Oregon,2012,5,1.088907426,1.04737693
OR,41,ST4100000000000,Oregon,2012,6,1.077370377,1.090038506
OR,41,ST4100000000000,Oregon,2012,7,1.084106677,1.079166769
OR,41,ST4100000000000,Oregon,2012,8,1.084711986,1.09857974
OR,41,ST4100000000000,Oregon,2012,9,1.088352554,1.09819583
OR,41,ST4100000000000,Oregon,2012,10,1.086699672,1.134389371
OR,41,ST4100000000000,Oregon,2012,11,1.086105254,1.097344014
OR,41,ST4100000000000,Oregon,2012,12,1.08398878,1.122618154
OR,41,ST4100000000000,Oregon,2013,1,1.090405831,1.149953015
OR,41,ST4100000000000,Oregon,2013,2,1.088465669,1.163905025
OR,41,ST4100000000000,Oregon,2013,3,1.083589862,1.133695096
OR,41,ST4100000000000,Oregon,2013,4,1.080833422,1.059014764
OR,41,ST4100000000000,Oregon,2013,5,1.073622789,1.090350666
OR,41,ST4100000000000,Oregon,2013,6,1.062119989,1.037851873
OR,41,ST4100000000000,Oregon,2013,7,1.065133584,1.06972633
OR,41,ST4100000000000,Oregon,2013,8,1.070884287,1.086856515
PA,42,ST4200000000000,Pennsylvania,2005,1,1.041159293,1.011699844
PA,42,ST4200000000000,Pennsylvania,2005,2,1.034374664,1.051766891
PA,42,ST4200000000000,Pennsylvania,2005,3,1.030367125,1.020927659
PA,42,ST4200000000000,Pennsylvania,2005,4,1.024761317,1.046146544
PA,42,ST4200000000000,Pennsylvania,2005,5,1.027748328,1.044816761
PA,42,ST4200000000000,Pennsylvania,2005,6,1.032799002,1.056103817
PA,42,ST4200000000000,Pennsylvania,2005,7,1.057643798,1.018608227
PA,42,ST4200000000000,Pennsylvania,2005,8,1.050949996,1.046295261
PA,42,ST4200000000000,Pennsylvania,2005,9,1.034731033,1.131982942
PA,42,ST4200000000000,Pennsylvania,2005,10,1.032634296,1.038457933
PA,42,ST4200000000000,Pennsylvania,2005,11,1.034955777,1.019533495
PA,42,ST4200000000000,Pennsylvania,2005,12,1.04084887,1.021001215
PA,42,ST4200000000000,Pennsylvania,2006,1,1.04815901,0.999891347
PA,42,ST4200000000000,Pennsylvania,2006,2,1.042759473,1.032377227
PA,42,ST4200000000000,Pennsylvania,2006,3,1.042368736,1.011308
PA,42,ST4200000000000,Pennsylvania,2006,4,1.036732993,1.057026986
PA,42,ST4200000000000,Pennsylvania,2006,5,1.033894408,1.072753296
PA,42,ST4200000000000,Pennsylvania,2006,6,1.043757762,1.042987908
PA,42,ST4200000000000,Pennsylvania,2006,7,1.062926269,1.070359182
PA,42,ST4200000000000,Pennsylvania,2006,8,1.05903989,1.013336409
PA,42,ST4200000000000,Pennsylvania,2006,9,1.044881235,0.999369705
PA,42,ST4200000000000,Pennsylvania,2006,10,1.041046231,0.950946986
PA,42,ST4200000000000,Pennsylvania,2006,11,1.039441142,0.886923759
PA,42,ST4200000000000,Pennsylvania,2006,12,1.039704795,0.911647416
PA,42,ST4200000000000,Pennsylvania,2007,1,1.051862198,0.996936707
PA,42,ST4200000000000,Pennsylvania,2007,2,1.044882904,0.998603189
PA,42,ST4200000000000,Pennsylvania,2007,3,1.039099023,0.89906359
PA,42,ST4200000000000,Pennsylvania,2007,4,1.030557414,0.919312814
PA,42,ST4200000000000,Pennsylvania,2007,5,1.0269408,0.998394612
PA,42,ST4200000000000,Pennsylvania,2007,6,1.035544813,0.985368043
PA,42,ST4200000000000,Pennsylvania,2007,7,1.055087715,1.03695902
PA,42,ST4200000000000,Pennsylvania,2007,8,1.056460003,0.98074988
PA,42,ST4200000000000,Pennsylvania,2007,9,1.046452474,0.987094009
PA,42,ST4200000000000,Pennsylvania,2007,10,1.039761536,0.975842926
PA,42,ST4200000000000,Pennsylvania,2007,11,1.043752259,0.944550799
PA,42,ST4200000000000,Pennsylvania,2007,12,1.040381211,1.031818349
PA,42,ST4200000000000,Pennsylvania,2008,1,1.060407022,1.073414128
PA,42,ST4200000000000,Pennsylvania,2008,2,1.046396641,1.059867659
PA,42,ST4200000000000,Pennsylvania,2008,3,1.048820079,1.074871784
PA,42,ST4200000000000,Pennsylvania,2008,4,1.044994041,1.005669051
PA,42,ST4200000000000,Pennsylvania,2008,5,1.041284508,1.091076684
PA,42,ST4200000000000,Pennsylvania,2008,6,1.04390679,1.061165735
PA,42,ST4200000000000,Pennsylvania,2008,7,1.061700961,1.077469592
PA,42,ST4200000000000,Pennsylvania,2008,8,1.062488814,1.073043749
PA,42,ST4200000000000,Pennsylvania,2008,9,1.052008341,1.057773977
PA,42,ST4200000000000,Pennsylvania,2008,10,1.053948691,1.055028752
PA,42,ST4200000000000,Pennsylvania,2008,11,1.052967718,0.988286691
PA,42,ST4200000000000,Pennsylvania,2008,12,1.050067137,1.016344295
PA,42,ST4200000000000,Pennsylvania,2009,1,1.065056759,1.050402149
PA,42,ST4200000000000,Pennsylvania,2009,2,1.055326282,1.047377793
PA,42,ST4200000000000,Pennsylvania,2009,3,1.050560408,1.007076629
PA,42,ST4200000000000,Pennsylvania,2009,4,1.05231498,0.921566648
PA,42,ST4200000000000,Pennsylvania,2009,5,1.045259266,0.97121182
PA,42,ST4200000000000,Pennsylvania,2009,6,1.050263987,1.008316374
PA,42,ST4200000000000,Pennsylvania,2009,7,1.06842923,0.993927041
PA,42,ST4200000000000,Pennsylvania,2009,8,1.060645139,0.995538567
PA,42,ST4200000000000,Pennsylvania,2009,9,1.046659698,0.996142506
PA,42,ST4200000000000,Pennsylvania,2009,10,1.040187897,1.029129507
PA,42,ST4200000000000,Pennsylvania,2009,11,1.037874207,0.975981089
PA,42,ST4200000000000,Pennsylvania,2009,12,1.033195779,1.00731826
PA,42,ST4200000000000,Pennsylvania,2010,1,1.052365709,1.055370255
PA,42,ST4200000000000,Pennsylvania,2010,2,1.041679829,1.056377136
PA,42,ST4200000000000,Pennsylvania,2010,3,1.034296891,1.035798961
PA,42,ST4200000000000,Pennsylvania,2010,4,1.029199073,0.97361812
PA,42,ST4200000000000,Pennsylvania,2010,5,1.025519056,1.008122853
PA,42,ST4200000000000,Pennsylvania,2010,6,1.031728099,1.023851104
PA,42,ST4200000000000,Pennsylvania,2010,7,1.052761872,1.05568997
PA,42,ST4200000000000,Pennsylvania,2010,8,1.0542816,1.052485033
PA,42,ST4200000000000,Pennsylvania,2010,9,1.042004611,1.038499383
PA,42,ST4200000000000,Pennsylvania,2010,10,1.027032544,1.040332982
PA,42,ST4200000000000,Pennsylvania,2010,11,1.0276169,1.082691754
PA,42,ST4200000000000,Pennsylvania,2010,12,1.027745553,1.057863746
PA,42,ST4200000000000,Pennsylvania,2011,1,1.045828653,1.099999004
PA,42,ST4200000000000,Pennsylvania,2011,2,1.03542211,1.050714619
PA,42,ST4200000000000,Pennsylvania,2011,3,1.026085023,0.992888829
PA,42,ST4200000000000,Pennsylvania,2011,4,1.026506088,0.955344234
PA,42,ST4200000000000,Pennsylvania,2011,5,1.025226732,0.995464022
PA,42,ST4200000000000,Pennsylvania,2011,6,1.024771054,1.024728148
PA,42,ST4200000000000,Pennsylvania,2011,7,1.043866785,1.029144188
PA,42,ST4200000000000,Pennsylvania,2011,8,1.046862574,0.997480493
PA,42,ST4200000000000,Pennsylvania,2011,9,1.036630158,1.09931041
PA,42,ST4200000000000,Pennsylvania,2011,10,1.032494251,1.127893
PA,42,ST4200000000000,Pennsylvania,2011,11,1.030931819,1.062774458
PA,42,ST4200000000000,Pennsylvania,2011,12,1.031306535,1.086773902
PA,42,ST4200000000000,Pennsylvania,2012,1,1.047261551,1.123397251
PA,42,ST4200000000000,Pennsylvania,2012,2,1.040825731,1.128271866
PA,42,ST4200000000000,Pennsylvania,2012,3,1.040021419,1.089224583
PA,42,ST4200000000000,Pennsylvania,2012,4,1.038857954,1.030047272
PA,42,ST4200000000000,Pennsylvania,2012,5,1.036072585,1.109466536
PA,42,ST4200000000000,Pennsylvania,2012,6,1.039022717,1.149371863
PA,42,ST4200000000000,Pennsylvania,2012,7,1.054242806,1.170151999
PA,42,ST4200000000000,Pennsylvania,2012,8,1.054862963,1.165861559
PA,42,ST4200000000000,Pennsylvania,2012,9,1.050462074,1.188515781
PA,42,ST4200000000000,Pennsylvania,2012,10,1.049854365,1.259620503
PA,42,ST4200000000000,Pennsylvania,2012,11,1.042646526,1.19774695
PA,42,ST4200000000000,Pennsylvania,2012,12,1.042134913,1.211294343
PA,42,ST4200000000000,Pennsylvania,2013,1,1.055088244,1.346623882
PA,42,ST4200000000000,Pennsylvania,2013,2,1.047520883,1.297667258
PA,42,ST4200000000000,Pennsylvania,2013,3,1.042251503,1.211319415
PA,42,ST4200000000000,Pennsylvania,2013,4,1.04604535,1.189468161
PA,42,ST4200000000000,Pennsylvania,2013,5,1.046976302,1.211361449
PA,42,ST4200000000000,Pennsylvania,2013,6,1.05138171,1.191433002
PA,42,ST4200000000000,Pennsylvania,2013,7,1.062109232,1.172501333
PA,42,ST4200000000000,Pennsylvania,2013,8,1.049468935,1.199097725
RI,44,ST4400000000000,Rhode Island,2005,1,1.049557522,1.00990099
RI,44,ST4400000000000,Rhode Island,2005,2,1.0475382,1.009345794
RI,44,ST4400000000000,Rhode Island,2005,3,1.047368421,0.949494949
RI,44,ST4400000000000,Rhode Island,2005,4,1.035874439,0.962962963
RI,44,ST4400000000000,Rhode Island,2005,5,1.032150776,0.943661972
RI,44,ST4400000000000,Rhode Island,2005,6,1.038406828,1
RI,44,ST4400000000000,Rhode Island,2005,7,1.061439438,1
RI,44,ST4400000000000,Rhode Island,2005,8,1.066206102,0.954545455
RI,44,ST4400000000000,Rhode Island,2005,9,1.049206349,1.105263158
RI,44,ST4400000000000,Rhode Island,2005,10,1.050383352,1.117647059
RI,44,ST4400000000000,Rhode Island,2005,11,1.056379822,1.071428571
RI,44,ST4400000000000,Rhode Island,2005,12,1.053291536,1.084210526
RI,44,ST4400000000000,Rhode Island,2006,1,1.081330869,1.039215686
RI,44,ST4400000000000,Rhode Island,2006,2,1.074349442,1.114583333
RI,44,ST4400000000000,Rhode Island,2006,3,1.070780399,1.052631579
RI,44,ST4400000000000,Rhode Island,2006,4,1.059467919,1.136986301
RI,44,ST4400000000000,Rhode Island,2006,5,1.050909091,1.12962963
RI,44,ST4400000000000,Rhode Island,2006,6,1.060350877,1.046511628
RI,44,ST4400000000000,Rhode Island,2006,7,1.083147321,1.078947368
RI,44,ST4400000000000,Rhode Island,2006,8,1.077492877,1.055555556
RI,44,ST4400000000000,Rhode Island,2006,9,1.063041765,1
RI,44,ST4400000000000,Rhode Island,2006,10,1.061538462,1.064516129
RI,44,ST4400000000000,Rhode Island,2006,11,1.066558442,1.083333333
RI,44,ST4400000000000,Rhode Island,2006,12,1.06836248,1.090909091
RI,44,ST4400000000000,Rhode Island,2007,1,1.094373866,1.114583333
RI,44,ST4400000000000,Rhode Island,2007,2,1.087360595,1.02020202
RI,44,ST4400000000000,Rhode Island,2007,3,1.082024433,0.923076923
RI,44,ST4400000000000,Rhode Island,2007,4,1.068217054,0.98630137
RI,44,ST4400000000000,Rhode Island,2007,5,1.056116723,1.017857143
RI,44,ST4400000000000,Rhode Island,2007,6,1.063655031,1.052631579
RI,44,ST4400000000000,Rhode Island,2007,7,1.078250863,1.151515152
RI,44,ST4400000000000,Rhode Island,2007,8,1.076878276,1.096774194
RI,44,ST4400000000000,Rhode Island,2007,9,1.070910556,1.074074074
RI,44,ST4400000000000,Rhode Island,2007,10,1.063736264,1.1875
RI,44,ST4400000000000,Rhode Island,2007,11,1.074130106,1.189655172
RI,44,ST4400000000000,Rhode Island,2007,12,1.066141732,1.209876543
RI,44,ST4400000000000,Rhode Island,2008,1,1.08952381,1.25
RI,44,ST4400000000000,Rhode Island,2008,2,1.078125,1.164948454
RI,44,ST4400000000000,Rhode Island,2008,3,1.073394495,1.159574468
RI,44,ST4400000000000,Rhode Island,2008,4,1.058267717,1.131578947
RI,44,ST4400000000000,Rhode Island,2008,5,1.040974529,1.210526316
RI,44,ST4400000000000,Rhode Island,2008,6,1.049330514,1.229166667
RI,44,ST4400000000000,Rhode Island,2008,7,1.068130631,1.302325581
RI,44,ST4400000000000,Rhode Island,2008,8,1.066706021,1.365853659
RI,44,ST4400000000000,Rhode Island,2008,9,1.052238806,1.342857143
RI,44,ST4400000000000,Rhode Island,2008,10,1.053821313,1.434782609
RI,44,ST4400000000000,Rhode Island,2008,11,1.063291139,1.37704918
RI,44,ST4400000000000,Rhode Island,2008,12,1.054098361,1.315789474
RI,44,ST4400000000000,Rhode Island,2009,1,1.073937153,1.321428571
RI,44,ST4400000000000,Rhode Island,2009,2,1.071028037,1.182539683
RI,44,ST4400000000000,Rhode Island,2009,3,1.064748201,1.155737705
RI,44,ST4400000000000,Rhode Island,2009,4,1.059701493,1.068627451
RI,44,ST4400000000000,Rhode Island,2009,5,1.043528064,1.134146341
RI,44,ST4400000000000,Rhode Island,2009,6,1.057564576,1.128571429
RI,44,ST4400000000000,Rhode Island,2009,7,1.079558653,1.2
RI,44,ST4400000000000,Rhode Island,2009,8,1.081300813,1.224137931
RI,44,ST4400000000000,Rhode Island,2009,9,1.063063063,1.20754717
RI,44,ST4400000000000,Rhode Island,2009,10,1.058823529,1.338028169
RI,44,ST4400000000000,Rhode Island,2009,11,1.067545305,1.292929293
RI,44,ST4400000000000,Rhode Island,2009,12,1.06097561,1.28
RI,44,ST4400000000000,Rhode Island,2010,1,1.085192698,1.34
RI,44,ST4400000000000,Rhode Island,2010,2,1.079591837,1.311258278
RI,44,ST4400000000000,Rhode Island,2010,3,1.077079108,1.294520548
RI,44,ST4400000000000,Rhode Island,2010,4,1.072566372,1.211382114
RI,44,ST4400000000000,Rhode Island,2010,5,1.054304636,1.204081633
RI,44,ST4400000000000,Rhode Island,2010,6,1.061967467,1.180722892
RI,44,ST4400000000000,Rhode Island,2010,7,1.077056779,1.205479452
RI,44,ST4400000000000,Rhode Island,2010,8,1.079681275,1.197183099
RI,44,ST4400000000000,Rhode Island,2010,9,1.066613799,1.212121212
RI,44,ST4400000000000,Rhode Island,2010,10,1.059564719,1.214285714
RI,44,ST4400000000000,Rhode Island,2010,11,1.057010786,1.25862069
RI,44,ST4400000000000,Rhode Island,2010,12,1.058139535,1.234482759
RI,44,ST4400000000000,Rhode Island,2011,1,1.079225077,1.267902428
RI,44,ST4400000000000,Rhode Island,2011,2,1.068286932,1.201684382
RI,44,ST4400000000000,Rhode Island,2011,3,1.064050611,1.14689533
RI,44,ST4400000000000,Rhode Island,2011,4,1.053232885,1.130461087
RI,44,ST4400000000000,Rhode Island,2011,5,1.034506565,1.139233557
RI,44,ST4400000000000,Rhode Island,2011,6,1.037254371,1.154563352
RI,44,ST4400000000000,Rhode Island,2011,7,1.050647972,1.151407788
RI,44,ST4400000000000,Rhode Island,2011,8,1.053818189,1.112563467
RI,44,ST4400000000000,Rhode Island,2011,9,1.045058058,1.195874662
RI,44,ST4400000000000,Rhode Island,2011,10,1.039983653,1.159185723
RI,44,ST4400000000000,Rhode Island,2011,11,1.043439383,1.128319939
RI,44,ST4400000000000,Rhode Island,2011,12,1.041819159,1.172903687
RI,44,ST4400000000000,Rhode Island,2012,1,1.056530474,1.190094348
RI,44,ST4400000000000,Rhode Island,2012,2,1.05182782,1.182033614
RI,44,ST4400000000000,Rhode Island,2012,3,1.046231743,1.142126261
RI,44,ST4400000000000,Rhode Island,2012,4,1.035595779,1.135139404
RI,44,ST4400000000000,Rhode Island,2012,5,1.029139054,1.144705174
RI,44,ST4400000000000,Rhode Island,2012,6,1.033312463,1.169579432
RI,44,ST4400000000000,Rhode Island,2012,7,1.052425835,1.146749068
RI,44,ST4400000000000,Rhode Island,2012,8,1.055481927,1.129644193
RI,44,ST4400000000000,Rhode Island,2012,9,1.053241889,1.130997635
RI,44,ST4400000000000,Rhode Island,2012,10,1.057599491,1.083146472
RI,44,ST4400000000000,Rhode Island,2012,11,1.059101782,1.072376503
RI,44,ST4400000000000,Rhode Island,2012,12,1.060888371,1.119320218
RI,44,ST4400000000000,Rhode Island,2013,1,1.070434618,1.124964052
RI,44,ST4400000000000,Rhode Island,2013,2,1.076273088,1.044459775
RI,44,ST4400000000000,Rhode Island,2013,3,1.061519462,1.032446642
RI,44,ST4400000000000,Rhode Island,2013,4,1.053951334,1.0193699
RI,44,ST4400000000000,Rhode Island,2013,5,1.039884337,1.095957419
RI,44,ST4400000000000,Rhode Island,2013,6,1.047138667,1.083948255
RI,44,ST4400000000000,Rhode Island,2013,7,1.050324242,1.054282636
RI,44,ST4400000000000,Rhode Island,2013,8,1.039081999,1.150570426
SC,45,ST4500000000000,South Carolina,2005,1,1.05008768,1.39224479
SC,45,ST4500000000000,South Carolina,2005,2,1.04559503,1.400510204
SC,45,ST4500000000000,South Carolina,2005,3,1.049670953,1.199228083
SC,45,ST4500000000000,South Carolina,2005,4,1.051189818,1.361781757
SC,45,ST4500000000000,South Carolina,2005,5,1.055052662,1.366034985
SC,45,ST4500000000000,South Carolina,2005,6,1.06315944,1.290912472
SC,45,ST4500000000000,South Carolina,2005,7,1.080185189,1.22881974
SC,45,ST4500000000000,South Carolina,2005,8,1.061053564,1.230438622
SC,45,ST4500000000000,South Carolina,2005,9,1.048991591,1.334772153
SC,45,ST4500000000000,South Carolina,2005,10,1.055634396,1.248262682
SC,45,ST4500000000000,South Carolina,2005,11,1.050199151,1.414896533
SC,45,ST4500000000000,South Carolina,2005,12,1.052877501,1.453337383
SC,45,ST4500000000000,South Carolina,2006,1,1.05784205,1.319815298
SC,45,ST4500000000000,South Carolina,2006,2,1.053646567,1.313960834
SC,45,ST4500000000000,South Carolina,2006,3,1.05967611,1.250909091
SC,45,ST4500000000000,South Carolina,2006,4,1.060286253,1.443573668
SC,45,ST4500000000000,South Carolina,2006,5,1.059154687,1.495074674
SC,45,ST4500000000000,South Carolina,2006,6,1.069759348,1.372164552
SC,45,ST4500000000000,South Carolina,2006,7,1.081569582,1.275589609
SC,45,ST4500000000000,South Carolina,2006,8,1.061874733,1.216974333
SC,45,ST4500000000000,South Carolina,2006,9,1.052219739,1.191132723
SC,45,ST4500000000000,South Carolina,2006,10,1.061440288,1.08856188
SC,45,ST4500000000000,South Carolina,2006,11,1.055598981,1.234271003
SC,45,ST4500000000000,South Carolina,2006,12,1.056321895,1.333500717
SC,45,ST4500000000000,South Carolina,2007,1,1.081358418,1.312909139
SC,45,ST4500000000000,South Carolina,2007,2,1.070751306,1.251112857
SC,45,ST4500000000000,South Carolina,2007,3,1.070823732,1.107727738
SC,45,ST4500000000000,South Carolina,2007,4,1.064984221,1.205450114
SC,45,ST4500000000000,South Carolina,2007,5,1.061017562,1.219285551
SC,45,ST4500000000000,South Carolina,2007,6,1.067901886,1.195741143
SC,45,ST4500000000000,South Carolina,2007,7,1.079556604,1.125051395
SC,45,ST4500000000000,South Carolina,2007,8,1.06438152,1.101048562
SC,45,ST4500000000000,South Carolina,2007,9,1.055325344,1.085398309
SC,45,ST4500000000000,South Carolina,2007,10,1.056032846,1.03771527
SC,45,ST4500000000000,South Carolina,2007,11,1.05583922,1.097001087
SC,45,ST4500000000000,South Carolina,2007,12,1.051325413,1.243659801
SC,45,ST4500000000000,South Carolina,2008,1,1.067280136,1.214367622
SC,45,ST4500000000000,South Carolina,2008,2,1.059817196,1.168906474
SC,45,ST4500000000000,South Carolina,2008,3,1.062158859,1.11508145
SC,45,ST4500000000000,South Carolina,2008,4,1.064830959,1.134073864
SC,45,ST4500000000000,South Carolina,2008,5,1.060932658,1.194039118
SC,45,ST4500000000000,South Carolina,2008,6,1.066977157,1.17115852
SC,45,ST4500000000000,South Carolina,2008,7,1.082944418,1.071548351
SC,45,ST4500000000000,South Carolina,2008,8,1.066293292,1.222387911
SC,45,ST4500000000000,South Carolina,2008,9,1.061223428,1.256854644
SC,45,ST4500000000000,South Carolina,2008,10,1.06931601,1.157592858
SC,45,ST4500000000000,South Carolina,2008,11,1.063908222,1.211793941
SC,45,ST4500000000000,South Carolina,2008,12,1.061169901,1.322357264
SC,45,ST4500000000000,South Carolina,2009,1,1.079802336,1.301285564
SC,45,ST4500000000000,South Carolina,2009,2,1.07680441,1.355016399
SC,45,ST4500000000000,South Carolina,2009,3,1.072277199,1.272038622
SC,45,ST4500000000000,South Carolina,2009,4,1.080232257,1.282941944
SC,45,ST4500000000000,South Carolina,2009,5,1.075854483,1.293275455
SC,45,ST4500000000000,South Carolina,2009,6,1.077312333,1.242229583
SC,45,ST4500000000000,South Carolina,2009,7,1.099698062,1.193185205
SC,45,ST4500000000000,South Carolina,2009,8,1.082293222,1.205358629
SC,45,ST4500000000000,South Carolina,2009,9,1.073686294,1.248534792
SC,45,ST4500000000000,South Carolina,2009,10,1.075553905,1.179933199
SC,45,ST4500000000000,South Carolina,2009,11,1.070516578,1.139329863
SC,45,ST4500000000000,South Carolina,2009,12,1.065218726,1.271279921
SC,45,ST4500000000000,South Carolina,2010,1,1.08299015,1.265997101
SC,45,ST4500000000000,South Carolina,2010,2,1.080785976,1.204787584
SC,45,ST4500000000000,South Carolina,2010,3,1.083465821,1.143078342
SC,45,ST4500000000000,South Carolina,2010,4,1.089659851,1.184815698
SC,45,ST4500000000000,South Carolina,2010,5,1.08404673,1.122057105
SC,45,ST4500000000000,South Carolina,2010,6,1.089711325,1.130231964
SC,45,ST4500000000000,South Carolina,2010,7,1.103374764,1.158011991
SC,45,ST4500000000000,South Carolina,2010,8,1.09267137,1.126544074
SC,45,ST4500000000000,South Carolina,2010,9,1.088282509,1.190428749
SC,45,ST4500000000000,South Carolina,2010,10,1.083635102,1.112105683
SC,45,ST4500000000000,South Carolina,2010,11,1.07638989,1.14317545
SC,45,ST4500000000000,South Carolina,2010,12,1.077241521,1.208591885
SC,45,ST4500000000000,South Carolina,2011,1,1.103276586,1.274658647
SC,45,ST4500000000000,South Carolina,2011,2,1.09806866,1.213987539
SC,45,ST4500000000000,South Carolina,2011,3,1.094749635,1.204855565
SC,45,ST4500000000000,South Carolina,2011,4,1.096446093,1.201448074
SC,45,ST4500000000000,South Carolina,2011,5,1.0918553,1.158556129
SC,45,ST4500000000000,South Carolina,2011,6,1.088357441,1.155360192
SC,45,ST4500000000000,South Carolina,2011,7,1.103208624,1.170806944
SC,45,ST4500000000000,South Carolina,2011,8,1.090437353,1.205539582
SC,45,ST4500000000000,South Carolina,2011,9,1.089541675,1.298367006
SC,45,ST4500000000000,South Carolina,2011,10,1.08669128,1.24242783
SC,45,ST4500000000000,South Carolina,2011,11,1.080673279,1.161969727
SC,45,ST4500000000000,South Carolina,2011,12,1.076642326,1.259129146
SC,45,ST4500000000000,South Carolina,2012,1,1.089236197,1.307964176
SC,45,ST4500000000000,South Carolina,2012,2,1.090685405,1.22513204
SC,45,ST4500000000000,South Carolina,2012,3,1.086344771,1.188597617
SC,45,ST4500000000000,South Carolina,2012,4,1.086845342,1.152860855
SC,45,ST4500000000000,South Carolina,2012,5,1.08235824,1.067897244
SC,45,ST4500000000000,South Carolina,2012,6,1.081017584,1.119979228
SC,45,ST4500000000000,South Carolina,2012,7,1.092386604,1.15696828
SC,45,ST4500000000000,South Carolina,2012,8,1.082481911,1.17716588
SC,45,ST4500000000000,South Carolina,2012,9,1.084828696,1.279534388
SC,45,ST4500000000000,South Carolina,2012,10,1.087124819,1.25927199
SC,45,ST4500000000000,South Carolina,2012,11,1.074496529,1.160094036
SC,45,ST4500000000000,South Carolina,2012,12,1.073734752,1.309048341
SC,45,ST4500000000000,South Carolina,2013,1,1.089786856,1.480249633
SC,45,ST4500000000000,South Carolina,2013,2,1.08909199,1.415198678
SC,45,ST4500000000000,South Carolina,2013,3,1.088089045,1.33499828
SC,45,ST4500000000000,South Carolina,2013,4,1.087531168,1.231285915
SC,45,ST4500000000000,South Carolina,2013,5,1.087316471,1.207615941
SC,45,ST4500000000000,South Carolina,2013,6,1.080654919,1.200243254
SC,45,ST4500000000000,South Carolina,2013,7,1.08787389,1.193602591
SC,45,ST4500000000000,South Carolina,2013,8,1.083263656,1.197515203
SD,46,ST4600000000000,South Dakota,2005,1,1.053825398,1.420546711
SD,46,ST4600000000000,South Dakota,2005,2,1.064019229,1.372763993
SD,46,ST4600000000000,South Dakota,2005,3,1.058159112,1.299154622
SD,46,ST4600000000000,South Dakota,2005,4,1.062434442,1.364400841
SD,46,ST4600000000000,South Dakota,2005,5,1.051184586,1.176980914
SD,46,ST4600000000000,South Dakota,2005,6,1.042869424,1.151155718
SD,46,ST4600000000000,South Dakota,2005,7,1.056904672,1.173272191
SD,46,ST4600000000000,South Dakota,2005,8,1.05488084,1.473315836
SD,46,ST4600000000000,South Dakota,2005,9,1.042016282,1.74672709
SD,46,ST4600000000000,South Dakota,2005,10,1.046510178,1.701338826
SD,46,ST4600000000000,South Dakota,2005,11,1.046136337,1.580927384
SD,46,ST4600000000000,South Dakota,2005,12,1.038816027,1.569250871
SD,46,ST4600000000000,South Dakota,2006,1,1.046537974,1.453721194
SD,46,ST4600000000000,South Dakota,2006,2,1.057464363,1.246518987
SD,46,ST4600000000000,South Dakota,2006,3,1.059108292,1.223764934
SD,46,ST4600000000000,South Dakota,2006,4,1.061986783,1.334850993
SD,46,ST4600000000000,South Dakota,2006,5,1.046591415,1.106390097
SD,46,ST4600000000000,South Dakota,2006,6,1.037174306,1.162393162
SD,46,ST4600000000000,South Dakota,2006,7,1.050498293,1.173586256
SD,46,ST4600000000000,South Dakota,2006,8,1.046895975,1.525415445
SD,46,ST4600000000000,South Dakota,2006,9,1.04227922,1.5818561
SD,46,ST4600000000000,South Dakota,2006,10,1.0575366,1.3519678
SD,46,ST4600000000000,South Dakota,2006,11,1.063621477,1.471428571
SD,46,ST4600000000000,South Dakota,2006,12,1.060127046,1.567352666
SD,46,ST4600000000000,South Dakota,2007,1,1.069136546,1.45735568
SD,46,ST4600000000000,South Dakota,2007,2,1.07617747,1.282957148
SD,46,ST4600000000000,South Dakota,2007,3,1.073082654,1.162079511
SD,46,ST4600000000000,South Dakota,2007,4,1.072428019,1.173028898
SD,46,ST4600000000000,South Dakota,2007,5,1.049836998,1.211168639
SD,46,ST4600000000000,South Dakota,2007,6,1.042226199,1.250838926
SD,46,ST4600000000000,South Dakota,2007,7,1.054354639,1.283420139
SD,46,ST4600000000000,South Dakota,2007,8,1.048995092,1.469781615
SD,46,ST4600000000000,South Dakota,2007,9,1.047271463,1.360077332
SD,46,ST4600000000000,South Dakota,2007,10,1.064190196,1.356259278
SD,46,ST4600000000000,South Dakota,2007,11,1.071243567,1.550143266
SD,46,ST4600000000000,South Dakota,2007,12,1.060641355,1.468890893
SD,46,ST4600000000000,South Dakota,2008,1,1.06966587,1.36809579
SD,46,ST4600000000000,South Dakota,2008,2,1.074171434,1.259180791
SD,46,ST4600000000000,South Dakota,2008,3,1.07011241,1.350620891
SD,46,ST4600000000000,South Dakota,2008,4,1.077407357,1.216705158
SD,46,ST4600000000000,South Dakota,2008,5,1.054713769,1.257185517
SD,46,ST4600000000000,South Dakota,2008,6,1.045877912,1.317014446
SD,46,ST4600000000000,South Dakota,2008,7,1.050883498,1.413778529
SD,46,ST4600000000000,South Dakota,2008,8,1.036808179,1.706640238
SD,46,ST4600000000000,South Dakota,2008,9,1.038536191,1.42647693
SD,46,ST4600000000000,South Dakota,2008,10,1.057241477,1.446205171
SD,46,ST4600000000000,South Dakota,2008,11,1.057330346,1.573350147
SD,46,ST4600000000000,South Dakota,2008,12,1.047009446,1.333139535
SD,46,ST4600000000000,South Dakota,2009,1,1.054861381,1.557532348
SD,46,ST4600000000000,South Dakota,2009,2,1.061179772,1.64786795
SD,46,ST4600000000000,South Dakota,2009,3,1.057177437,1.533910534
SD,46,ST4600000000000,South Dakota,2009,4,1.061403887,1.435359116
SD,46,ST4600000000000,South Dakota,2009,5,1.043546619,1.349827621
SD,46,ST4600000000000,South Dakota,2009,6,1.038298623,1.396004206
SD,46,ST4600000000000,South Dakota,2009,7,1.050782954,1.702093398
SD,46,ST4600000000000,South Dakota,2009,8,1.035524848,1.770895321
SD,46,ST4600000000000,South Dakota,2009,9,1.029735054,1.463565155
SD,46,ST4600000000000,South Dakota,2009,10,1.045523911,1.597542628
SD,46,ST4600000000000,South Dakota,2009,11,1.039230099,1.641475368
SD,46,ST4600000000000,South Dakota,2009,12,1.032862118,1.468987342
SD,46,ST4600000000000,South Dakota,2010,1,1.051301941,1.415108313
SD,46,ST4600000000000,South Dakota,2010,2,1.048566459,1.504799216
SD,46,ST4600000000000,South Dakota,2010,3,1.04804755,1.395382395
SD,46,ST4600000000000,South Dakota,2010,4,1.052829605,1.289406195
SD,46,ST4600000000000,South Dakota,2010,5,1.041997161,1.229408296
SD,46,ST4600000000000,South Dakota,2010,6,1.032405118,1.360974519
SD,46,ST4600000000000,South Dakota,2010,7,1.047811178,1.540803594
SD,46,ST4600000000000,South Dakota,2010,8,1.036012477,1.631385905
SD,46,ST4600000000000,South Dakota,2010,9,1.036158605,1.481462542
SD,46,ST4600000000000,South Dakota,2010,10,1.037942607,1.543813064
SD,46,ST4600000000000,South Dakota,2010,11,1.035381435,1.592719599
SD,46,ST4600000000000,South Dakota,2010,12,1.038129942,1.453425546
SD,46,ST4600000000000,South Dakota,2011,1,1.054805834,1.432715692
SD,46,ST4600000000000,South Dakota,2011,2,1.053548257,1.339738786
SD,46,ST4600000000000,South Dakota,2011,3,1.05437217,1.391499888
SD,46,ST4600000000000,South Dakota,2011,4,1.049088575,1.350099478
SD,46,ST4600000000000,South Dakota,2011,5,1.033889806,1.27100672
SD,46,ST4600000000000,South Dakota,2011,6,1.034098812,1.266309524
SD,46,ST4600000000000,South Dakota,2011,7,1.048574679,1.348347162
SD,46,ST4600000000000,South Dakota,2011,8,1.034409606,1.502839071
SD,46,ST4600000000000,South Dakota,2011,9,1.034099396,1.470997313
SD,46,ST4600000000000,South Dakota,2011,10,1.039590613,1.469063945
SD,46,ST4600000000000,South Dakota,2011,11,1.050342407,1.519685039
SD,46,ST4600000000000,South Dakota,2011,12,1.044312022,1.329423895
SD,46,ST4600000000000,South Dakota,2012,1,1.052025471,1.428504766
SD,46,ST4600000000000,South Dakota,2012,2,1.059332378,1.348914355
SD,46,ST4600000000000,South Dakota,2012,3,1.048191209,1.382691696
SD,46,ST4600000000000,South Dakota,2012,4,1.047714683,1.281842266
SD,46,ST4600000000000,South Dakota,2012,5,1.027636663,1.31504834
SD,46,ST4600000000000,South Dakota,2012,6,1.022421651,1.18931482
SD,46,ST4600000000000,South Dakota,2012,7,1.035718633,1.377246732
SD,46,ST4600000000000,South Dakota,2012,8,1.025789677,1.643309448
SD,46,ST4600000000000,South Dakota,2012,9,1.018640372,1.56799192
SD,46,ST4600000000000,South Dakota,2012,10,1.033941464,1.615176396
SD,46,ST4600000000000,South Dakota,2012,11,1.029235007,1.469247171
SD,46,ST4600000000000,South Dakota,2012,12,1.015891935,1.577314668
SD,46,ST4600000000000,South Dakota,2013,1,1.033200221,1.502688735
SD,46,ST4600000000000,South Dakota,2013,2,1.044308783,1.462954192
SD,46,ST4600000000000,South Dakota,2013,3,1.047721668,1.391036725
SD,46,ST4600000000000,South Dakota,2013,4,1.049305396,1.318620993
SD,46,ST4600000000000,South Dakota,2013,5,1.039819206,1.290305262
SD,46,ST4600000000000,South Dakota,2013,6,1.042477603,1.169796402
SD,46,ST4600000000000,South Dakota,2013,7,1.058279926,1.416453538
SD,46,ST4600000000000,South Dakota,2013,8,1.04013312,1.742338494
TN,47,ST4700000000000,Tennessee,2005,1,1.029278309,1.438821066
TN,47,ST4700000000000,Tennessee,2005,2,1.029242005,1.455574352
TN,47,ST4700000000000,Tennessee,2005,3,1.023251655,1.394950792
TN,47,ST4700000000000,Tennessee,2005,4,1.01822343,1.311438455
TN,47,ST4700000000000,Tennessee,2005,5,1.022492216,1.31464815
TN,47,ST4700000000000,Tennessee,2005,6,1.036430937,1.431134668
TN,47,ST4700000000000,Tennessee,2005,7,1.048821512,1.488747599
TN,47,ST4700000000000,Tennessee,2005,8,1.031301443,1.512197367
TN,47,ST4700000000000,Tennessee,2005,9,1.032636795,1.345223096
TN,47,ST4700000000000,Tennessee,2005,10,1.044770286,1.27110578
TN,47,ST4700000000000,Tennessee,2005,11,1.034391795,1.263740277
TN,47,ST4700000000000,Tennessee,2005,12,1.034613197,1.343671559
TN,47,ST4700000000000,Tennessee,2006,1,1.036191347,1.421787942
TN,47,ST4700000000000,Tennessee,2006,2,1.033170919,1.407963285
TN,47,ST4700000000000,Tennessee,2006,3,1.028404365,1.425334493
TN,47,ST4700000000000,Tennessee,2006,4,1.032329153,1.378958669
TN,47,ST4700000000000,Tennessee,2006,5,1.037370122,1.31378109
TN,47,ST4700000000000,Tennessee,2006,6,1.057933626,1.430881846
TN,47,ST4700000000000,Tennessee,2006,7,1.068293738,1.502546403
TN,47,ST4700000000000,Tennessee,2006,8,1.042807199,1.464356311
TN,47,ST4700000000000,Tennessee,2006,9,1.037546365,1.378636643
TN,47,ST4700000000000,Tennessee,2006,10,1.045251216,1.247949688
TN,47,ST4700000000000,Tennessee,2006,11,1.041478731,1.242961213
TN,47,ST4700000000000,Tennessee,2006,12,1.040639328,1.321094513
TN,47,ST4700000000000,Tennessee,2007,1,1.059301865,1.430017085
TN,47,ST4700000000000,Tennessee,2007,2,1.052925389,1.371396103
TN,47,ST4700000000000,Tennessee,2007,3,1.050066389,1.426706925
TN,47,ST4700000000000,Tennessee,2007,4,1.048282632,1.22904557
TN,47,ST4700000000000,Tennessee,2007,5,1.054113096,1.134698104
TN,47,ST4700000000000,Tennessee,2007,6,1.069121084,1.279161153
TN,47,ST4700000000000,Tennessee,2007,7,1.076914001,1.324642127
TN,47,ST4700000000000,Tennessee,2007,8,1.054995599,1.379465981
TN,47,ST4700000000000,Tennessee,2007,9,1.048925723,1.501857405
TN,47,ST4700000000000,Tennessee,2007,10,1.055547751,1.357471031
TN,47,ST4700000000000,Tennessee,2007,11,1.050315921,1.385082194
TN,47,ST4700000000000,Tennessee,2007,12,1.048572322,1.539368892
TN,47,ST4700000000000,Tennessee,2008,1,1.059781746,1.632208367
TN,47,ST4700000000000,Tennessee,2008,2,1.047917251,1.475457461
TN,47,ST4700000000000,Tennessee,2008,3,1.047666329,1.614939037
TN,47,ST4700000000000,Tennessee,2008,4,1.048851842,1.585159768
TN,47,ST4700000000000,Tennessee,2008,5,1.043882532,1.464348711
TN,47,ST4700000000000,Tennessee,2008,6,1.06070435,1.486995188
TN,47,ST4700000000000,Tennessee,2008,7,1.070020534,1.487315305
TN,47,ST4700000000000,Tennessee,2008,8,1.052019109,1.628462305
TN,47,ST4700000000000,Tennessee,2008,9,1.046511756,1.561407398
TN,47,ST4700000000000,Tennessee,2008,10,1.060128773,1.613549366
TN,47,ST4700000000000,Tennessee,2008,11,1.055314353,1.618383208
TN,47,ST4700000000000,Tennessee,2008,12,1.051275664,1.569104355
TN,47,ST4700000000000,Tennessee,2009,1,1.06217585,1.60300296
TN,47,ST4700000000000,Tennessee,2009,2,1.057971204,1.509916482
TN,47,ST4700000000000,Tennessee,2009,3,1.052123861,1.627976126
TN,47,ST4700000000000,Tennessee,2009,4,1.053263095,1.559308939
TN,47,ST4700000000000,Tennessee,2009,5,1.050107451,1.512156584
TN,47,ST4700000000000,Tennessee,2009,6,1.070968264,1.493060157
TN,47,ST4700000000000,Tennessee,2009,7,1.079627303,1.416119829
TN,47,ST4700000000000,Tennessee,2009,8,1.058221774,1.380167332
TN,47,ST4700000000000,Tennessee,2009,9,1.053922742,1.430872943
TN,47,ST4700000000000,Tennessee,2009,10,1.057497421,1.453274729
TN,47,ST4700000000000,Tennessee,2009,11,1.052497442,1.4328851
TN,47,ST4700000000000,Tennessee,2009,12,1.047519807,1.400087994
TN,47,ST4700000000000,Tennessee,2010,1,1.058178805,1.47222486
TN,47,ST4700000000000,Tennessee,2010,2,1.056551167,1.396684472
TN,47,ST4700000000000,Tennessee,2010,3,1.051809813,1.485700677
TN,47,ST4700000000000,Tennessee,2010,4,1.086128953,1.320106844
TN,47,ST4700000000000,Tennessee,2010,5,1.082270158,1.334586827
TN,47,ST4700000000000,Tennessee,2010,6,1.099132447,1.370466471
TN,47,ST4700000000000,Tennessee,2010,7,1.108647282,1.264602668
TN,47,ST4700000000000,Tennessee,2010,8,1.088092643,1.346368298
TN,47,ST4700000000000,Tennessee,2010,9,1.087259506,1.415677446
TN,47,ST4700000000000,Tennessee,2010,10,1.083225209,1.375996278
TN,47,ST4700000000000,Tennessee,2010,11,1.076869603,1.459003977
TN,47,ST4700000000000,Tennessee,2010,12,1.083985095,1.401852841
TN,47,ST4700000000000,Tennessee,2011,1,1.093714388,1.411920442
TN,47,ST4700000000000,Tennessee,2011,2,1.089815224,1.413787911
TN,47,ST4700000000000,Tennessee,2011,3,1.083842269,1.490477869
TN,47,ST4700000000000,Tennessee,2011,4,1.082909664,1.262379916
TN,47,ST4700000000000,Tennessee,2011,5,1.077286978,1.413615509
TN,47,ST4700000000000,Tennessee,2011,6,1.08754234,1.391112109
TN,47,ST4700000000000,Tennessee,2011,7,1.095805572,1.316450093
TN,47,ST4700000000000,Tennessee,2011,8,1.074552545,1.289665879
TN,47,ST4700000000000,Tennessee,2011,9,1.073805856,1.299184764
TN,47,ST4700000000000,Tennessee,2011,10,1.074442811,1.36998085
TN,47,ST4700000000000,Tennessee,2011,11,1.069275768,1.384789014
TN,47,ST4700000000000,Tennessee,2011,12,1.072286247,1.387525012
TN,47,ST4700000000000,Tennessee,2012,1,1.079977236,1.383581001
TN,47,ST4700000000000,Tennessee,2012,2,1.079582107,1.318388746
TN,47,ST4700000000000,Tennessee,2012,3,1.071349643,1.413745916
TN,47,ST4700000000000,Tennessee,2012,4,1.069522472,1.131892209
TN,47,ST4700000000000,Tennessee,2012,5,1.064106675,1.258921768
TN,47,ST4700000000000,Tennessee,2012,6,1.077672642,1.281198262
TN,47,ST4700000000000,Tennessee,2012,7,1.08838166,1.309762971
TN,47,ST4700000000000,Tennessee,2012,8,1.059425444,1.214797431
TN,47,ST4700000000000,Tennessee,2012,9,1.066030663,1.274262385
TN,47,ST4700000000000,Tennessee,2012,10,1.074475126,1.370046502
TN,47,ST4700000000000,Tennessee,2012,11,1.069960785,1.420768003
TN,47,ST4700000000000,Tennessee,2012,12,1.066878245,1.457890843
TN,47,ST4700000000000,Tennessee,2013,1,1.074948229,1.508974037
TN,47,ST4700000000000,Tennessee,2013,2,1.065519106,1.43222268
TN,47,ST4700000000000,Tennessee,2013,3,1.064556326,1.52967323
TN,47,ST4700000000000,Tennessee,2013,4,1.057317781,1.342571684
TN,47,ST4700000000000,Tennessee,2013,5,1.054307893,1.401180561
TN,47,ST4700000000000,Tennessee,2013,6,1.060758543,1.404401769
TN,47,ST4700000000000,Tennessee,2013,7,1.071548589,1.355452184
TN,47,ST4700000000000,Tennessee,2013,8,1.046596089,1.360948709
TX,48,ST4800000000000,Texas,2005,1,1.113301111,1.38798656
TX,48,ST4800000000000,Texas,2005,2,1.111939338,1.433961737
TX,48,ST4800000000000,Texas,2005,3,1.106716115,1.344828246
TX,48,ST4800000000000,Texas,2005,4,1.101461571,1.336520476
TX,48,ST4800000000000,Texas,2005,5,1.102958664,1.333216367
TX,48,ST4800000000000,Texas,2005,6,1.103662471,1.373488518
TX,48,ST4800000000000,Texas,2005,7,1.108899576,1.390553061
TX,48,ST4800000000000,Texas,2005,8,1.10768978,1.305444702
TX,48,ST4800000000000,Texas,2005,9,1.09711413,1.298803344
TX,48,ST4800000000000,Texas,2005,10,1.103690617,1.230014826
TX,48,ST4800000000000,Texas,2005,11,1.097687471,1.31117063
TX,48,ST4800000000000,Texas,2005,12,1.095581068,1.390242184
TX,48,ST4800000000000,Texas,2006,1,1.100816896,1.371374844
TX,48,ST4800000000000,Texas,2006,2,1.096651107,1.420129146
TX,48,ST4800000000000,Texas,2006,3,1.093760029,1.413270803
TX,48,ST4800000000000,Texas,2006,4,1.09347082,1.455239002
TX,48,ST4800000000000,Texas,2006,5,1.088694038,1.398852391
TX,48,ST4800000000000,Texas,2006,6,1.086146271,1.422723193
TX,48,ST4800000000000,Texas,2006,7,1.097264893,1.448518929
TX,48,ST4800000000000,Texas,2006,8,1.090476446,1.327293363
TX,48,ST4800000000000,Texas,2006,9,1.085695676,1.434433382
TX,48,ST4800000000000,Texas,2006,10,1.09095789,1.298627952
TX,48,ST4800000000000,Texas,2006,11,1.086515541,1.341608861
TX,48,ST4800000000000,Texas,2006,12,1.082498662,1.415481995
TX,48,ST4800000000000,Texas,2007,1,1.092370823,1.466879933
TX,48,ST4800000000000,Texas,2007,2,1.079844882,1.451185119
TX,48,ST4800000000000,Texas,2007,3,1.076174186,1.375831527
TX,48,ST4800000000000,Texas,2007,4,1.073488602,1.351624028
TX,48,ST4800000000000,Texas,2007,5,1.067889112,1.333088533
TX,48,ST4800000000000,Texas,2007,6,1.06673266,1.347691741
TX,48,ST4800000000000,Texas,2007,7,1.078394454,1.451914658
TX,48,ST4800000000000,Texas,2007,8,1.073879124,1.358445309
TX,48,ST4800000000000,Texas,2007,9,1.072340406,1.398553707
TX,48,ST4800000000000,Texas,2007,10,1.071509481,1.379097769
TX,48,ST4800000000000,Texas,2007,11,1.071908053,1.388615833
TX,48,ST4800000000000,Texas,2007,12,1.066352911,1.484055005
TX,48,ST4800000000000,Texas,2008,1,1.076770726,1.497254184
TX,48,ST4800000000000,Texas,2008,2,1.067823293,1.433384891
TX,48,ST4800000000000,Texas,2008,3,1.068190336,1.408320172
TX,48,ST4800000000000,Texas,2008,4,1.069836624,1.352378764
TX,48,ST4800000000000,Texas,2008,5,1.062889556,1.316331219
TX,48,ST4800000000000,Texas,2008,6,1.063277716,1.356955689
TX,48,ST4800000000000,Texas,2008,7,1.072438949,1.38024734
TX,48,ST4800000000000,Texas,2008,8,1.068208439,1.431795104
TX,48,ST4800000000000,Texas,2008,9,1.069900193,1.436088032
TX,48,ST4800000000000,Texas,2008,10,1.075371536,1.501889162
TX,48,ST4800000000000,Texas,2008,11,1.073892179,1.442442252
TX,48,ST4800000000000,Texas,2008,12,1.071228005,1.624310195
TX,48,ST4800000000000,Texas,2009,1,1.085584121,1.553160771
TX,48,ST4800000000000,Texas,2009,2,1.083576865,1.516856522
TX,48,ST4800000000000,Texas,2009,3,1.083498486,1.442954774
TX,48,ST4800000000000,Texas,2009,4,1.094845276,1.328835129
TX,48,ST4800000000000,Texas,2009,5,1.090083435,1.394222406
TX,48,ST4800000000000,Texas,2009,6,1.093987955,1.321515329
TX,48,ST4800000000000,Texas,2009,7,1.1119278,1.369115094
TX,48,ST4800000000000,Texas,2009,8,1.10691893,1.40719549
TX,48,ST4800000000000,Texas,2009,9,1.107117117,1.379972831
TX,48,ST4800000000000,Texas,2009,10,1.109573021,1.468884303
TX,48,ST4800000000000,Texas,2009,11,1.108305466,1.423900288
TX,48,ST4800000000000,Texas,2009,12,1.104017509,1.48877101
TX,48,ST4800000000000,Texas,2010,1,1.120691204,1.46561911
TX,48,ST4800000000000,Texas,2010,2,1.11745885,1.509762453
TX,48,ST4800000000000,Texas,2010,3,1.116123692,1.517530028
TX,48,ST4800000000000,Texas,2010,4,1.123112668,1.369062737
TX,48,ST4800000000000,Texas,2010,5,1.11286755,1.438233637
TX,48,ST4800000000000,Texas,2010,6,1.109942333,1.386914303
TX,48,ST4800000000000,Texas,2010,7,1.125193728,1.367189445
TX,48,ST4800000000000,Texas,2010,8,1.12467684,1.438377642
TX,48,ST4800000000000,Texas,2010,9,1.125654738,1.477103134
TX,48,ST4800000000000,Texas,2010,10,1.118373382,1.454533963
TX,48,ST4800000000000,Texas,2010,11,1.115657392,1.474789669
TX,48,ST4800000000000,Texas,2010,12,1.11414177,1.493612393
TX,48,ST4800000000000,Texas,2011,1,1.126798292,1.488686913
TX,48,ST4800000000000,Texas,2011,2,1.125175792,1.502173449
TX,48,ST4800000000000,Texas,2011,3,1.120213865,1.513844038
TX,48,ST4800000000000,Texas,2011,4,1.119377985,1.42137591
TX,48,ST4800000000000,Texas,2011,5,1.114077628,1.444229578
TX,48,ST4800000000000,Texas,2011,6,1.107838018,1.410071594
TX,48,ST4800000000000,Texas,2011,7,1.115845829,1.395783804
TX,48,ST4800000000000,Texas,2011,8,1.113224856,1.432286741
TX,48,ST4800000000000,Texas,2011,9,1.118213929,1.439730389
TX,48,ST4800000000000,Texas,2011,10,1.120793192,1.434873915
TX,48,ST4800000000000,Texas,2011,11,1.118273208,1.377079505
TX,48,ST4800000000000,Texas,2011,12,1.115913422,1.373792638
TX,48,ST4800000000000,Texas,2012,1,1.124356736,1.356133834
TX,48,ST4800000000000,Texas,2012,2,1.123210276,1.391292152
TX,48,ST4800000000000,Texas,2012,3,1.118440838,1.377267159
TX,48,ST4800000000000,Texas,2012,4,1.115617917,1.271351977
TX,48,ST4800000000000,Texas,2012,5,1.10783208,1.285978031
TX,48,ST4800000000000,Texas,2012,6,1.101451087,1.291800185
TX,48,ST4800000000000,Texas,2012,7,1.112602064,1.242584218
TX,48,ST4800000000000,Texas,2012,8,1.107320814,1.296715627
TX,48,ST4800000000000,Texas,2012,9,1.114945893,1.280544582
TX,48,ST4800000000000,Texas,2012,10,1.115973661,1.288384162
TX,48,ST4800000000000,Texas,2012,11,1.108172842,1.239965378
TX,48,ST4800000000000,Texas,2012,12,1.105906225,1.28293895
TX,48,ST4800000000000,Texas,2013,1,1.116036292,1.340434749
TX,48,ST4800000000000,Texas,2013,2,1.113059511,1.348366308
TX,48,ST4800000000000,Texas,2013,3,1.113129024,1.318727267
TX,48,ST4800000000000,Texas,2013,4,1.110127032,1.308291646
TX,48,ST4800000000000,Texas,2013,5,1.10588191,1.291651691
TX,48,ST4800000000000,Texas,2013,6,1.100632814,1.291447408
TX,48,ST4800000000000,Texas,2013,7,1.108884641,1.225606383
TX,48,ST4800000000000,Texas,2013,8,1.111305378,1.289397148
UT,49,ST4900000000000,Utah,2005,1,1.083345669,1.459851088
UT,49,ST4900000000000,Utah,2005,2,1.079020646,1.460629055
UT,49,ST4900000000000,Utah,2005,3,1.072717286,1.350866641
UT,49,ST4900000000000,Utah,2005,4,1.069014511,1.368701522
UT,49,ST4900000000000,Utah,2005,5,1.080961696,1.31434218
UT,49,ST4900000000000,Utah,2005,6,1.071641614,1.314027344
UT,49,ST4900000000000,Utah,2005,7,1.085428551,1.318161025
UT,49,ST4900000000000,Utah,2005,8,1.081895101,1.609945826
UT,49,ST4900000000000,Utah,2005,9,1.070917393,1.580381287
UT,49,ST4900000000000,Utah,2005,10,1.078607167,1.425324258
UT,49,ST4900000000000,Utah,2005,11,1.07366766,1.442810234
UT,49,ST4900000000000,Utah,2005,12,1.072793621,1.445680579
UT,49,ST4900000000000,Utah,2006,1,1.082575696,1.100330579
UT,49,ST4900000000000,Utah,2006,2,1.077062313,1.192592168
UT,49,ST4900000000000,Utah,2006,3,1.072519143,1.107225554
UT,49,ST4900000000000,Utah,2006,4,1.067399958,1.150382499
UT,49,ST4900000000000,Utah,2006,5,1.073473204,1.046748339
UT,49,ST4900000000000,Utah,2006,6,1.059044528,1.205480361
UT,49,ST4900000000000,Utah,2006,7,1.078041172,1.074511911
UT,49,ST4900000000000,Utah,2006,8,1.071984876,1.265739984
UT,49,ST4900000000000,Utah,2006,9,1.066424647,1.184916606
UT,49,ST4900000000000,Utah,2006,10,1.079976463,1.152208007
UT,49,ST4900000000000,Utah,2006,11,1.069674679,1.113634546
UT,49,ST4900000000000,Utah,2006,12,1.067698693,1.085740524
UT,49,ST4900000000000,Utah,2007,1,1.081466501,1.023313042
UT,49,ST4900000000000,Utah,2007,2,1.072646811,1.121857418
UT,49,ST4900000000000,Utah,2007,3,1.068365231,1.102863909
UT,49,ST4900000000000,Utah,2007,4,1.061769576,1.164018495
UT,49,ST4900000000000,Utah,2007,5,1.064903609,1.125799574
UT,49,ST4900000000000,Utah,2007,6,1.060070281,1.213232542
UT,49,ST4900000000000,Utah,2007,7,1.077012293,1.232375189
UT,49,ST4900000000000,Utah,2007,8,1.064973565,1.591768843
UT,49,ST4900000000000,Utah,2007,9,1.06461689,1.455786925
UT,49,ST4900000000000,Utah,2007,10,1.06863983,1.39710474
UT,49,ST4900000000000,Utah,2007,11,1.065845257,1.468441218
UT,49,ST4900000000000,Utah,2007,12,1.061217211,1.392105263
UT,49,ST4900000000000,Utah,2008,1,1.07890005,1.264813255
UT,49,ST4900000000000,Utah,2008,2,1.074986541,1.269995798
UT,49,ST4900000000000,Utah,2008,3,1.077203985,1.0782685
UT,49,ST4900000000000,Utah,2008,4,1.079200984,1.26673319
UT,49,ST4900000000000,Utah,2008,5,1.075762292,1.238332641
UT,49,ST4900000000000,Utah,2008,6,1.070831968,1.248233722
UT,49,ST4900000000000,Utah,2008,7,1.079856258,1.174598523
UT,49,ST4900000000000,Utah,2008,8,1.069983269,1.512449334
UT,49,ST4900000000000,Utah,2008,9,1.062719432,1.414940769
UT,49,ST4900000000000,Utah,2008,10,1.071644811,1.252134083
UT,49,ST4900000000000,Utah,2008,11,1.076539989,1.152428489
UT,49,ST4900000000000,Utah,2008,12,1.068421254,1.678505818
UT,49,ST4900000000000,Utah,2009,1,1.087580392,1.806411439
UT,49,ST4900000000000,Utah,2009,2,1.08497698,1.619872176
UT,49,ST4900000000000,Utah,2009,3,1.078627913,1.49191438
UT,49,ST4900000000000,Utah,2009,4,1.087267293,1.52160243
UT,49,ST4900000000000,Utah,2009,5,1.090169516,1.517533373
UT,49,ST4900000000000,Utah,2009,6,1.083701309,1.510279323
UT,49,ST4900000000000,Utah,2009,7,1.095736017,1.505372692
UT,49,ST4900000000000,Utah,2009,8,1.078808888,1.674794025
UT,49,ST4900000000000,Utah,2009,9,1.060311009,1.741609882
UT,49,ST4900000000000,Utah,2009,10,1.061597786,1.558033125
UT,49,ST4900000000000,Utah,2009,11,1.069932928,1.60296827
UT,49,ST4900000000000,Utah,2009,12,1.060765889,1.519332853
UT,49,ST4900000000000,Utah,2010,1,1.083160961,1.452547906
UT,49,ST4900000000000,Utah,2010,2,1.08052416,1.378093306
UT,49,ST4900000000000,Utah,2010,3,1.075522609,1.362967605
UT,49,ST4900000000000,Utah,2010,4,1.073078811,1.453097131
UT,49,ST4900000000000,Utah,2010,5,1.067369863,1.323196034
UT,49,ST4900000000000,Utah,2010,6,1.061592155,1.37035265
UT,49,ST4900000000000,Utah,2010,7,1.075741975,1.386039726
UT,49,ST4900000000000,Utah,2010,8,1.069383606,1.341449434
UT,49,ST4900000000000,Utah,2010,9,1.058041905,1.411739103
UT,49,ST4900000000000,Utah,2010,10,1.054651022,1.285584408
UT,49,ST4900000000000,Utah,2010,11,1.050073832,1.465898332
UT,49,ST4900000000000,Utah,2010,12,1.051273777,1.419140175
UT,49,ST4900000000000,Utah,2011,1,1.066270963,1.301132983
UT,49,ST4900000000000,Utah,2011,2,1.058604854,1.172632406
UT,49,ST4900000000000,Utah,2011,3,1.054909176,1.30209708
UT,49,ST4900000000000,Utah,2011,4,1.0454267,1.376313021
UT,49,ST4900000000000,Utah,2011,5,1.046750195,1.173750696
UT,49,ST4900000000000,Utah,2011,6,1.042494622,1.390842087
UT,49,ST4900000000000,Utah,2011,7,1.055328091,1.306436003
UT,49,ST4900000000000,Utah,2011,8,1.041912615,1.252144487
UT,49,ST4900000000000,Utah,2011,9,1.042820431,1.324766607
UT,49,ST4900000000000,Utah,2011,10,1.044871975,1.25066289
UT,49,ST4900000000000,Utah,2011,11,1.045749373,1.313712477
UT,49,ST4900000000000,Utah,2011,12,1.039319234,1.267639309
UT,49,ST4900000000000,Utah,2012,1,1.057130437,1.122986648
UT,49,ST4900000000000,Utah,2012,2,1.051008533,1.113304227
UT,49,ST4900000000000,Utah,2012,3,1.04114038,1.136213409
UT,49,ST4900000000000,Utah,2012,4,1.033796561,1.123420942
UT,49,ST4900000000000,Utah,2012,5,1.030822983,1.119392058
UT,49,ST4900000000000,Utah,2012,6,1.021052278,1.280679279
UT,49,ST4900000000000,Utah,2012,7,1.03839684,1.325438257
UT,49,ST4900000000000,Utah,2012,8,1.029172419,1.312790449
UT,49,ST4900000000000,Utah,2012,9,1.028506106,1.390384884
UT,49,ST4900000000000,Utah,2012,10,1.033103008,1.242419012
UT,49,ST4900000000000,Utah,2012,11,1.026949735,1.286336716
UT,49,ST4900000000000,Utah,2012,12,1.025925188,1.284415325
UT,49,ST4900000000000,Utah,2013,1,1.040300163,1.161480927
UT,49,ST4900000000000,Utah,2013,2,1.036322761,1.131146783
UT,49,ST4900000000000,Utah,2013,3,1.038097682,1.167988516
UT,49,ST4900000000000,Utah,2013,4,1.037068905,1.124175276
UT,49,ST4900000000000,Utah,2013,5,1.044299381,1.035204598
UT,49,ST4900000000000,Utah,2013,6,1.044795101,1.146860706
UT,49,ST4900000000000,Utah,2013,7,1.065782384,1.25166982
UT,49,ST4900000000000,Utah,2013,8,1.061264153,1.279104027
VT,50,ST5000000000000,Vermont,2005,1,1.03687232,1.103640158
VT,50,ST5000000000000,Vermont,2005,2,1.036999306,1.064180791
VT,50,ST5000000000000,Vermont,2005,3,1.037706861,1.02931152
VT,50,ST5000000000000,Vermont,2005,4,1.039179316,1.087548139
VT,50,ST5000000000000,Vermont,2005,5,1.0428153,0.953396968
VT,50,ST5000000000000,Vermont,2005,6,1.049273689,0.942368303
VT,50,ST5000000000000,Vermont,2005,7,1.077821868,1.033938437
VT,50,ST5000000000000,Vermont,2005,8,1.081494624,1.137734053
VT,50,ST5000000000000,Vermont,2005,9,1.043666621,1.213611667
VT,50,ST5000000000000,Vermont,2005,10,1.052165709,1.096968042
VT,50,ST5000000000000,Vermont,2005,11,1.050059349,1.159989316
VT,50,ST5000000000000,Vermont,2005,12,1.036258939,1.074761536
VT,50,ST5000000000000,Vermont,2006,1,1.053663835,1.112010501
VT,50,ST5000000000000,Vermont,2006,2,1.053983746,1.066833751
VT,50,ST5000000000000,Vermont,2006,3,1.053653668,1.132912818
VT,50,ST5000000000000,Vermont,2006,4,1.056920197,1.134015595
VT,50,ST5000000000000,Vermont,2006,5,1.054853918,1.116327751
VT,50,ST5000000000000,Vermont,2006,6,1.065103832,1.080037011
VT,50,ST5000000000000,Vermont,2006,7,1.095372835,1.135511651
VT,50,ST5000000000000,Vermont,2006,8,1.090753364,1.189219858
VT,50,ST5000000000000,Vermont,2006,9,1.054431858,1.307869041
VT,50,ST5000000000000,Vermont,2006,10,1.056875005,1.127177219
VT,50,ST5000000000000,Vermont,2006,11,1.057453086,1.321449617
VT,50,ST5000000000000,Vermont,2006,12,1.048816555,1.244331066
VT,50,ST5000000000000,Vermont,2007,1,1.064821031,1.220451527
VT,50,ST5000000000000,Vermont,2007,2,1.058744145,1.136890444
VT,50,ST5000000000000,Vermont,2007,3,1.05919101,1.190149183
VT,50,ST5000000000000,Vermont,2007,4,1.05814308,1.174491772
VT,50,ST5000000000000,Vermont,2007,5,1.05040074,1.155111633
VT,50,ST5000000000000,Vermont,2007,6,1.060529041,1.171234599
VT,50,ST5000000000000,Vermont,2007,7,1.085633936,1.155327343
VT,50,ST5000000000000,Vermont,2007,8,1.087679204,1.1809305
VT,50,ST5000000000000,Vermont,2007,9,1.05472419,1.25731982
VT,50,ST5000000000000,Vermont,2007,10,1.049700195,1.012051218
VT,50,ST5000000000000,Vermont,2007,11,1.057320252,1.240164416
VT,50,ST5000000000000,Vermont,2007,12,1.043751983,1.277570897
VT,50,ST5000000000000,Vermont,2008,1,1.060071482,1.093123772
VT,50,ST5000000000000,Vermont,2008,2,1.053689752,1.058181096
VT,50,ST5000000000000,Vermont,2008,3,1.058175547,1.149682182
VT,50,ST5000000000000,Vermont,2008,4,1.054725419,1.125275695
VT,50,ST5000000000000,Vermont,2008,5,1.050677289,1.173681542
VT,50,ST5000000000000,Vermont,2008,6,1.060636047,1.226813806
VT,50,ST5000000000000,Vermont,2008,7,1.082976702,1.127419004
VT,50,ST5000000000000,Vermont,2008,8,1.094506808,1.228186275
VT,50,ST5000000000000,Vermont,2008,9,1.062403481,1.172158709
VT,50,ST5000000000000,Vermont,2008,10,1.066281981,1.034069791
VT,50,ST5000000000000,Vermont,2008,11,1.070717054,1.136712439
VT,50,ST5000000000000,Vermont,2008,12,1.054663622,1.211988582
VT,50,ST5000000000000,Vermont,2009,1,1.073050594,1.094649099
VT,50,ST5000000000000,Vermont,2009,2,1.065621047,1.118297762
VT,50,ST5000000000000,Vermont,2009,3,1.071077288,1.141257537
VT,50,ST5000000000000,Vermont,2009,4,1.079198899,1.088438028
VT,50,ST5000000000000,Vermont,2009,5,1.07031537,1.059018568
VT,50,ST5000000000000,Vermont,2009,6,1.084842187,1.126959248
VT,50,ST5000000000000,Vermont,2009,7,1.107483681,1.138586582
VT,50,ST5000000000000,Vermont,2009,8,1.108724699,1.075400168
VT,50,ST5000000000000,Vermont,2009,9,1.077419583,1.05734206
VT,50,ST5000000000000,Vermont,2009,10,1.068711282,1.003012912
VT,50,ST5000000000000,Vermont,2009,11,1.070614437,0.98532777
VT,50,ST5000000000000,Vermont,2009,12,1.052571828,1.005182761
VT,50,ST5000000000000,Vermont,2010,1,1.076438361,0.959730034
VT,50,ST5000000000000,Vermont,2010,2,1.072858613,1.001850253
VT,50,ST5000000000000,Vermont,2010,3,1.084046084,1.021237864
VT,50,ST5000000000000,Vermont,2010,4,1.085593004,0.980922099
VT,50,ST5000000000000,Vermont,2010,5,1.081760457,0.91164877
VT,50,ST5000000000000,Vermont,2010,6,1.095609265,0.959634226
VT,50,ST5000000000000,Vermont,2010,7,1.109677705,0.988023128
VT,50,ST5000000000000,Vermont,2010,8,1.119880671,0.902288269
VT,50,ST5000000000000,Vermont,2010,9,1.090571166,1.01745713
VT,50,ST5000000000000,Vermont,2010,10,1.076176232,0.942804989
VT,50,ST5000000000000,Vermont,2010,11,1.077772328,1.016693993
VT,50,ST5000000000000,Vermont,2010,12,1.06135127,1.004803362
VT,50,ST5000000000000,Vermont,2011,1,1.082098043,0.963926905
VT,50,ST5000000000000,Vermont,2011,2,1.077673396,0.927657161
VT,50,ST5000000000000,Vermont,2011,3,1.080845259,0.970464135
VT,50,ST5000000000000,Vermont,2011,4,1.085680416,0.919254924
VT,50,ST5000000000000,Vermont,2011,5,1.078120658,0.85280626
VT,50,ST5000000000000,Vermont,2011,6,1.082633182,0.98853112
VT,50,ST5000000000000,Vermont,2011,7,1.104627558,0.872411193
VT,50,ST5000000000000,Vermont,2011,8,1.106773359,0.883103184
VT,50,ST5000000000000,Vermont,2011,9,1.08768621,1.108969386
VT,50,ST5000000000000,Vermont,2011,10,1.076936892,1.061767578
VT,50,ST5000000000000,Vermont,2011,11,1.076760135,0.99019552
VT,50,ST5000000000000,Vermont,2011,12,1.057732087,0.91454555
VT,50,ST5000000000000,Vermont,2012,1,1.077556864,0.936497755
VT,50,ST5000000000000,Vermont,2012,2,1.076635658,0.877590962
VT,50,ST5000000000000,Vermont,2012,3,1.072247151,0.888998266
VT,50,ST5000000000000,Vermont,2012,4,1.074526991,0.852910455
VT,50,ST5000000000000,Vermont,2012,5,1.071416531,0.800541953
VT,50,ST5000000000000,Vermont,2012,6,1.075182656,0.846095391
VT,50,ST5000000000000,Vermont,2012,7,1.090399122,0.792643423
VT,50,ST5000000000000,Vermont,2012,8,1.09527873,0.925006616
VT,50,ST5000000000000,Vermont,2012,9,1.067438504,1.054614653
VT,50,ST5000000000000,Vermont,2012,10,1.067947945,1.036817577
VT,50,ST5000000000000,Vermont,2012,11,1.062077106,0.979535228
VT,50,ST5000000000000,Vermont,2012,12,1.04595459,0.940962967
VT,50,ST5000000000000,Vermont,2013,1,1.062668023,0.890519789
VT,50,ST5000000000000,Vermont,2013,2,1.050115642,0.849105255
VT,50,ST5000000000000,Vermont,2013,3,1.061060399,0.814269136
VT,50,ST5000000000000,Vermont,2013,4,1.059280982,0.85487163
VT,50,ST5000000000000,Vermont,2013,5,1.055750008,0.804441534
VT,50,ST5000000000000,Vermont,2013,6,1.064587764,0.901551124
VT,50,ST5000000000000,Vermont,2013,7,1.065319041,0.81282327
VT,50,ST5000000000000,Vermont,2013,8,1.063061717,0.91864429
VA,51,ST5100000000000,Virginia,2005,1,1.050831064,1.348146267
VA,51,ST5100000000000,Virginia,2005,2,1.050901046,1.429431463
VA,51,ST5100000000000,Virginia,2005,3,1.050884552,1.399362531
VA,51,ST5100000000000,Virginia,2005,4,1.045966205,1.161720473
VA,51,ST5100000000000,Virginia,2005,5,1.051947362,1.192690375
VA,51,ST5100000000000,Virginia,2005,6,1.046683374,1.183688221
VA,51,ST5100000000000,Virginia,2005,7,1.067219573,1.346317066
VA,51,ST5100000000000,Virginia,2005,8,1.060145235,1.287235931
VA,51,ST5100000000000,Virginia,2005,9,1.044905966,1.546711409
VA,51,ST5100000000000,Virginia,2005,10,1.05700233,1.438930082
VA,51,ST5100000000000,Virginia,2005,11,1.050114994,1.420143885
VA,51,ST5100000000000,Virginia,2005,12,1.046923714,1.398040793
VA,51,ST5100000000000,Virginia,2006,1,1.057828616,1.341479552
VA,51,ST5100000000000,Virginia,2006,2,1.057423657,1.442614333
VA,51,ST5100000000000,Virginia,2006,3,1.056937823,1.316380083
VA,51,ST5100000000000,Virginia,2006,4,1.055685403,1.075849098
VA,51,ST5100000000000,Virginia,2006,5,1.05638593,1.241259028
VA,51,ST5100000000000,Virginia,2006,6,1.051815969,1.132971681
VA,51,ST5100000000000,Virginia,2006,7,1.072081103,1.194098519
VA,51,ST5100000000000,Virginia,2006,8,1.067724733,1.258239092
VA,51,ST5100000000000,Virginia,2006,9,1.058362535,1.431288592
VA,51,ST5100000000000,Virginia,2006,10,1.059958213,1.36377998
VA,51,ST5100000000000,Virginia,2006,11,1.056059735,1.389387945
VA,51,ST5100000000000,Virginia,2006,12,1.052174198,1.374032756
VA,51,ST5100000000000,Virginia,2007,1,1.05809604,1.469061182
VA,51,ST5100000000000,Virginia,2007,2,1.056797496,1.499773222
VA,51,ST5100000000000,Virginia,2007,3,1.058289876,1.385670595
VA,51,ST5100000000000,Virginia,2007,4,1.054758311,1.129669219
VA,51,ST5100000000000,Virginia,2007,5,1.052943669,1.266278432
VA,51,ST5100000000000,Virginia,2007,6,1.048556034,1.230279625
VA,51,ST5100000000000,Virginia,2007,7,1.069207295,1.299739897
VA,51,ST5100000000000,Virginia,2007,8,1.062617973,1.391566767
VA,51,ST5100000000000,Virginia,2007,9,1.057964298,1.63766939
VA,51,ST5100000000000,Virginia,2007,10,1.058584183,1.43732764
VA,51,ST5100000000000,Virginia,2007,11,1.058815115,1.516875692
VA,51,ST5100000000000,Virginia,2007,12,1.054702718,1.623249559
VA,51,ST5100000000000,Virginia,2008,1,1.086036658,1.435030286
VA,51,ST5100000000000,Virginia,2008,2,1.086739997,1.564996132
VA,51,ST5100000000000,Virginia,2008,3,1.090545472,1.474961025
VA,51,ST5100000000000,Virginia,2008,4,1.089298556,1.274798976
VA,51,ST5100000000000,Virginia,2008,5,1.084424933,1.402032673
VA,51,ST5100000000000,Virginia,2008,6,1.077575667,1.397936488
VA,51,ST5100000000000,Virginia,2008,7,1.095415017,1.285903704
VA,51,ST5100000000000,Virginia,2008,8,1.08587343,1.460512504
VA,51,ST5100000000000,Virginia,2008,9,1.077226452,1.646013501
VA,51,ST5100000000000,Virginia,2008,10,1.085814113,1.421897322
VA,51,ST5100000000000,Virginia,2008,11,1.081388481,1.597906265
VA,51,ST5100000000000,Virginia,2008,12,1.074457406,1.678007143
VA,51,ST5100000000000,Virginia,2009,1,1.082317362,1.597621524
VA,51,ST5100000000000,Virginia,2009,2,1.081516982,1.659832099
VA,51,ST5100000000000,Virginia,2009,3,1.080633331,1.541421623
VA,51,ST5100000000000,Virginia,2009,4,1.084810797,1.355347837
VA,51,ST5100000000000,Virginia,2009,5,1.074442851,1.421242644
VA,51,ST5100000000000,Virginia,2009,6,1.071959972,1.390816925
VA,51,ST5100000000000,Virginia,2009,7,1.090251422,1.434450103
VA,51,ST5100000000000,Virginia,2009,8,1.081230243,1.564203035
VA,51,ST5100000000000,Virginia,2009,9,1.067812261,1.507791582
VA,51,ST5100000000000,Virginia,2009,10,1.067070105,1.484977713
VA,51,ST5100000000000,Virginia,2009,11,1.059715394,1.588845214
VA,51,ST5100000000000,Virginia,2009,12,1.051093096,1.544102167
VA,51,ST5100000000000,Virginia,2010,1,1.07608566,1.400904891
VA,51,ST5100000000000,Virginia,2010,2,1.083660846,1.434256168
VA,51,ST5100000000000,Virginia,2010,3,1.080860635,1.388254617
VA,51,ST5100000000000,Virginia,2010,4,1.077763107,1.404582945
VA,51,ST5100000000000,Virginia,2010,5,1.069792168,1.318665483
VA,51,ST5100000000000,Virginia,2010,6,1.069240065,1.350155826
VA,51,ST5100000000000,Virginia,2010,7,1.08944097,1.412849771
VA,51,ST5100000000000,Virginia,2010,8,1.089526564,1.533317477
VA,51,ST5100000000000,Virginia,2010,9,1.082699651,1.517978221
VA,51,ST5100000000000,Virginia,2010,10,1.076882486,1.395738116
VA,51,ST5100000000000,Virginia,2010,11,1.07516083,1.550394222
VA,51,ST5100000000000,Virginia,2010,12,1.07929368,1.455675279
VA,51,ST5100000000000,Virginia,2011,1,1.09959629,1.415664966
VA,51,ST5100000000000,Virginia,2011,2,1.09635123,1.377219975
VA,51,ST5100000000000,Virginia,2011,3,1.095968229,1.281195171
VA,51,ST5100000000000,Virginia,2011,4,1.092147934,1.359349461
VA,51,ST5100000000000,Virginia,2011,5,1.09104121,1.301090891
VA,51,ST5100000000000,Virginia,2011,6,1.083301647,1.3013968
VA,51,ST5100000000000,Virginia,2011,7,1.096422256,1.381404259
VA,51,ST5100000000000,Virginia,2011,8,1.091376404,1.525896672
VA,51,ST5100000000000,Virginia,2011,9,1.092218564,1.426511966
VA,51,ST5100000000000,Virginia,2011,10,1.090809833,1.433728024
VA,51,ST5100000000000,Virginia,2011,11,1.086034841,1.443192117
VA,51,ST5100000000000,Virginia,2011,12,1.085257164,1.370962292
VA,51,ST5100000000000,Virginia,2012,1,1.098332414,1.417041451
VA,51,ST5100000000000,Virginia,2012,2,1.09848868,1.235659858
VA,51,ST5100000000000,Virginia,2012,3,1.097106585,1.189305412
VA,51,ST5100000000000,Virginia,2012,4,1.091696793,1.266466721
VA,51,ST5100000000000,Virginia,2012,5,1.088719024,1.21477834
VA,51,ST5100000000000,Virginia,2012,6,1.084146775,1.190414725
VA,51,ST5100000000000,Virginia,2012,7,1.094586458,1.325063972
VA,51,ST5100000000000,Virginia,2012,8,1.085816169,1.369824007
VA,51,ST5100000000000,Virginia,2012,9,1.08532018,1.247275397
VA,51,ST5100000000000,Virginia,2012,10,1.089449451,1.278213922
VA,51,ST5100000000000,Virginia,2012,11,1.077951128,1.314491907
VA,51,ST5100000000000,Virginia,2012,12,1.077664418,1.285526134
VA,51,ST5100000000000,Virginia,2013,1,1.099721295,1.443804948
VA,51,ST5100000000000,Virginia,2013,2,1.09502743,1.222502248
VA,51,ST5100000000000,Virginia,2013,3,1.102966504,1.175034608
VA,51,ST5100000000000,Virginia,2013,4,1.09434831,1.244870715
VA,51,ST5100000000000,Virginia,2013,5,1.090846884,1.183760919
VA,51,ST5100000000000,Virginia,2013,6,1.082293963,1.191300417
VA,51,ST5100000000000,Virginia,2013,7,1.093941556,1.26574386
VA,51,ST5100000000000,Virginia,2013,8,1.082819902,1.381132053
WA,53,BS5300000000000,"Balance of Washington, state less Seattle-Bellevue-Everett MD",2005,1,1.069941294,1.240060698
WA,53,BS5300000000000,"Balance of Washington, state less Seattle-Bellevue-Everett MD",2005,2,1.063636815,1.248188852
WA,53,BS5300000000000,"Balance of Washington, state less Seattle-Bellevue-Everett MD",2005,3,1.054289167,1.244283414
WA,53,BS5300000000000,"Balance of Washington, state less Seattle-Bellevue-Everett MD",2005,4,1.042287647,1.068983329
WA,53,BS5300000000000,"Balance of Washington, state less Seattle-Bellevue-Everett MD",2005,5,1.040401253,1.043529702
WA,53,BS5300000000000,"Balance of Washington, state less Seattle-Bellevue-Everett MD",2005,6,1.02136153,1.076283009
WA,53,BS5300000000000,"Balance of Washington, state less Seattle-Bellevue-Everett MD",2005,7,1.040481893,1.161750923
WA,53,BS5300000000000,"Balance of Washington, state less Seattle-Bellevue-Everett MD",2005,8,1.045224532,1.231008754
WA,53,BS5300000000000,"Balance of Washington, state less Seattle-Bellevue-Everett MD",2005,9,1.034432245,1.247262248
WA,53,BS5300000000000,"Balance of Washington, state less Seattle-Bellevue-Everett MD",2005,10,1.047094194,1.117392336
WA,53,BS5300000000000,"Balance of Washington, state less Seattle-Bellevue-Everett MD",2005,11,1.055967836,1.216609284
WA,53,BS5300000000000,"Balance of Washington, state less Seattle-Bellevue-Everett MD",2005,12,1.056224091,1.320510065
WA,53,BS5300000000000,"Balance of Washington, state less Seattle-Bellevue-Everett MD",2006,1,1.060878316,1.301752321
WA,53,BS5300000000000,"Balance of Washington, state less Seattle-Bellevue-Everett MD",2006,2,1.048842887,1.299190062
WA,53,BS5300000000000,"Balance of Washington, state less Seattle-Bellevue-Everett MD",2006,3,1.042026369,1.28793877
WA,53,BS5300000000000,"Balance of Washington, state less Seattle-Bellevue-Everett MD",2006,4,1.034160617,1.06838565
WA,53,BS5300000000000,"Balance of Washington, state less Seattle-Bellevue-Everett MD",2006,5,1.021537584,1.082931865
WA,53,BS5300000000000,"Balance of Washington, state less Seattle-Bellevue-Everett MD",2006,6,1.010458223,1.09656495
WA,53,BS5300000000000,"Balance of Washington, state less Seattle-Bellevue-Everett MD",2006,7,1.019542995,1.20071574
WA,53,BS5300000000000,"Balance of Washington, state less Seattle-Bellevue-Everett MD",2006,8,1.025991262,1.276846428
WA,53,BS5300000000000,"Balance of Washington, state less Seattle-Bellevue-Everett MD",2006,9,1.021971218,1.153856278
WA,53,BS5300000000000,"Balance of Washington, state less Seattle-Bellevue-Everett MD",2006,10,1.031101717,1.142190005
WA,53,BS5300000000000,"Balance of Washington, state less Seattle-Bellevue-Everett MD",2006,11,1.046784805,1.132253878
WA,53,BS5300000000000,"Balance of Washington, state less Seattle-Bellevue-Everett MD",2006,12,1.053251835,1.274622731
WA,53,BS5300000000000,"Balance of Washington, state less Seattle-Bellevue-Everett MD",2007,1,1.060171237,1.362754283
WA,53,BS5300000000000,"Balance of Washington, state less Seattle-Bellevue-Everett MD",2007,2,1.051795203,1.315828009
WA,53,BS5300000000000,"Balance of Washington, state less Seattle-Bellevue-Everett MD",2007,3,1.047635112,1.2947924
WA,53,BS5300000000000,"Balance of Washington, state less Seattle-Bellevue-Everett MD",2007,4,1.036946555,1.165376918
WA,53,BS5300000000000,"Balance of Washington, state less Seattle-Bellevue-Everett MD",2007,5,1.031712166,1.148620667
WA,53,BS5300000000000,"Balance of Washington, state less Seattle-Bellevue-Everett MD",2007,6,1.015307043,1.208033573
WA,53,BS5300000000000,"Balance of Washington, state less Seattle-Bellevue-Everett MD",2007,7,1.025880341,1.158758896
WA,53,BS5300000000000,"Balance of Washington, state less Seattle-Bellevue-Everett MD",2007,8,1.034713191,1.315777908
WA,53,BS5300000000000,"Balance of Washington, state less Seattle-Bellevue-Everett MD",2007,9,1.036498972,1.261428982
WA,53,BS5300000000000,"Balance of Washington, state less Seattle-Bellevue-Everett MD",2007,10,1.040244056,1.16808868
WA,53,BS5300000000000,"Balance of Washington, state less Seattle-Bellevue-Everett MD",2007,11,1.056322608,1.177405965
WA,53,BS5300000000000,"Balance of Washington, state less Seattle-Bellevue-Everett MD",2007,12,1.056705696,1.392978818
WA,53,BS5300000000000,"Balance of Washington, state less Seattle-Bellevue-Everett MD",2008,1,1.075941682,1.369069706
WA,53,BS5300000000000,"Balance of Washington, state less Seattle-Bellevue-Everett MD",2008,2,1.06483663,1.343460286
WA,53,BS5300000000000,"Balance of Washington, state less Seattle-Bellevue-Everett MD",2008,3,1.059302279,1.383160766
WA,53,BS5300000000000,"Balance of Washington, state less Seattle-Bellevue-Everett MD",2008,4,1.055082916,1.291112712
WA,53,BS5300000000000,"Balance of Washington, state less Seattle-Bellevue-Everett MD",2008,5,1.041818598,1.330360415
WA,53,BS5300000000000,"Balance of Washington, state less Seattle-Bellevue-Everett MD",2008,6,1.036878436,1.28629172
WA,53,BS5300000000000,"Balance of Washington, state less Seattle-Bellevue-Everett MD",2008,7,1.036431218,1.193685588
WA,53,BS5300000000000,"Balance of Washington, state less Seattle-Bellevue-Everett MD",2008,8,1.050958857,1.390048544
WA,53,BS5300000000000,"Balance of Washington, state less Seattle-Bellevue-Everett MD",2008,9,1.047766232,1.307371853
WA,53,BS5300000000000,"Balance of Washington, state less Seattle-Bellevue-Everett MD",2008,10,1.055987466,1.229348986
WA,53,BS5300000000000,"Balance of Washington, state less Seattle-Bellevue-Everett MD",2008,11,1.077702169,1.253444907
WA,53,BS5300000000000,"Balance of Washington, state less Seattle-Bellevue-Everett MD",2008,12,1.081228341,1.475237431
WA,53,BS5300000000000,"Balance of Washington, state less Seattle-Bellevue-Everett MD",2009,1,1.08780407,1.379227354
WA,53,BS5300000000000,"Balance of Washington, state less Seattle-Bellevue-Everett MD",2009,2,1.08241864,1.35188795
WA,53,BS5300000000000,"Balance of Washington, state less Seattle-Bellevue-Everett MD",2009,3,1.068348357,1.27857303
WA,53,BS5300000000000,"Balance of Washington, state less Seattle-Bellevue-Everett MD",2009,4,1.064131343,1.241554656
WA,53,BS5300000000000,"Balance of Washington, state less Seattle-Bellevue-Everett MD",2009,5,1.056864155,1.224236818
WA,53,BS5300000000000,"Balance of Washington, state less Seattle-Bellevue-Everett MD",2009,6,1.047356001,1.121945617
WA,53,BS5300000000000,"Balance of Washington, state less Seattle-Bellevue-Everett MD",2009,7,1.039999403,1.158909801
WA,53,BS5300000000000,"Balance of Washington, state less Seattle-Bellevue-Everett MD",2009,8,1.057882693,1.182161982
WA,53,BS5300000000000,"Balance of Washington, state less Seattle-Bellevue-Everett MD",2009,9,1.047588755,1.147626771
WA,53,BS5300000000000,"Balance of Washington, state less Seattle-Bellevue-Everett MD",2009,10,1.053824584,1.101214695
WA,53,BS5300000000000,"Balance of Washington, state less Seattle-Bellevue-Everett MD",2009,11,1.066067248,1.127905242
WA,53,BS5300000000000,"Balance of Washington, state less Seattle-Bellevue-Everett MD",2009,12,1.070029563,1.196188636
WA,53,BS5300000000000,"Balance of Washington, state less Seattle-Bellevue-Everett MD",2010,1,1.084221587,1.191403537
WA,53,BS5300000000000,"Balance of Washington, state less Seattle-Bellevue-Everett MD",2010,2,1.074489401,1.193248836
WA,53,BS5300000000000,"Balance of Washington, state less Seattle-Bellevue-Everett MD",2010,3,1.074607073,1.172584491
WA,53,BS5300000000000,"Balance of Washington, state less Seattle-Bellevue-Everett MD",2010,4,1.076861003,1.116842506
WA,53,BS5300000000000,"Balance of Washington, state less Seattle-Bellevue-Everett MD",2010,5,1.061275653,1.076850095
WA,53,BS5300000000000,"Balance of Washington, state less Seattle-Bellevue-Everett MD",2010,6,1.052685633,1.057427596
WA,53,BS5300000000000,"Balance of Washington, state less Seattle-Bellevue-Everett MD",2010,7,1.049662878,1.031791585
WA,53,BS5300000000000,"Balance of Washington, state less Seattle-Bellevue-Everett MD",2010,8,1.064610088,1.150465811
WA,53,BS5300000000000,"Balance of Washington, state less Seattle-Bellevue-Everett MD",2010,9,1.057937096,1.090140761
WA,53,BS5300000000000,"Balance of Washington, state less Seattle-Bellevue-Everett MD",2010,10,1.058114422,1.061537549
WA,53,BS5300000000000,"Balance of Washington, state less Seattle-Bellevue-Everett MD",2010,11,1.067042554,1.137587928
WA,53,BS5300000000000,"Balance of Washington, state less Seattle-Bellevue-Everett MD",2010,12,1.070476501,1.150732961
WA,53,BS5300000000000,"Balance of Washington, state less Seattle-Bellevue-Everett MD",2011,1,1.071540792,1.15911255
WA,53,BS5300000000000,"Balance of Washington, state less Seattle-Bellevue-Everett MD",2011,2,1.066628678,1.150880463
WA,53,BS5300000000000,"Balance of Washington, state less Seattle-Bellevue-Everett MD",2011,3,1.058937136,1.08025925
WA,53,BS5300000000000,"Balance of Washington, state less Seattle-Bellevue-Everett MD",2011,4,1.054693302,1.134091923
WA,53,BS5300000000000,"Balance of Washington, state less Seattle-Bellevue-Everett MD",2011,5,1.043566311,1.098061528
WA,53,BS5300000000000,"Balance of Washington, state less Seattle-Bellevue-Everett MD",2011,6,1.027724068,1.07119399
WA,53,BS5300000000000,"Balance of Washington, state less Seattle-Bellevue-Everett MD",2011,7,1.02209808,1.049812138
WA,53,BS5300000000000,"Balance of Washington, state less Seattle-Bellevue-Everett MD",2011,8,1.039794123,1.14919524
WA,53,BS5300000000000,"Balance of Washington, state less Seattle-Bellevue-Everett MD",2011,9,1.036647744,1.132002913
WA,53,BS5300000000000,"Balance of Washington, state less Seattle-Bellevue-Everett MD",2011,10,1.048045974,1.138165183
WA,53,BS5300000000000,"Balance of Washington, state less Seattle-Bellevue-Everett MD",2011,11,1.06042766,1.160044749
WA,53,BS5300000000000,"Balance of Washington, state less Seattle-Bellevue-Everett MD",2011,12,1.066652003,1.206551312
WA,53,BS5300000000000,"Balance of Washington, state less Seattle-Bellevue-Everett MD",2012,1,1.069820392,1.153162944
WA,53,BS5300000000000,"Balance of Washington, state less Seattle-Bellevue-Everett MD",2012,2,1.071381769,1.112621967
WA,53,BS5300000000000,"Balance of Washington, state less Seattle-Bellevue-Everett MD",2012,3,1.060549084,1.106372824
WA,53,BS5300000000000,"Balance of Washington, state less Seattle-Bellevue-Everett MD",2012,4,1.05101436,1.120009506
WA,53,BS5300000000000,"Balance of Washington, state less Seattle-Bellevue-Everett MD",2012,5,1.038234314,1.130146314
WA,53,BS5300000000000,"Balance of Washington, state less Seattle-Bellevue-Everett MD",2012,6,1.024713152,1.127672623
WA,53,BS5300000000000,"Balance of Washington, state less Seattle-Bellevue-Everett MD",2012,7,1.010077828,1.052713518
WA,53,BS5300000000000,"Balance of Washington, state less Seattle-Bellevue-Everett MD",2012,8,1.022613376,1.161894635
WA,53,BS5300000000000,"Balance of Washington, state less Seattle-Bellevue-Everett MD",2012,9,1.031122964,1.09500014
WA,53,BS5300000000000,"Balance of Washington, state less Seattle-Bellevue-Everett MD",2012,10,1.040938929,1.136522676
WA,53,BS5300000000000,"Balance of Washington, state less Seattle-Bellevue-Everett MD",2012,11,1.043452079,1.126206777
WA,53,BS5300000000000,"Balance of Washington, state less Seattle-Bellevue-Everett MD",2012,12,1.051869912,1.177280966
WA,53,BS5300000000000,"Balance of Washington, state less Seattle-Bellevue-Everett MD",2013,1,1.046232795,1.215224586
WA,53,BS5300000000000,"Balance of Washington, state less Seattle-Bellevue-Everett MD",2013,2,1.040170924,1.208519945
WA,53,BS5300000000000,"Balance of Washington, state less Seattle-Bellevue-Everett MD",2013,3,1.056884778,1.133850136
WA,53,BS5300000000000,"Balance of Washington, state less Seattle-Bellevue-Everett MD",2013,4,1.041245108,1.081747227
WA,53,BS5300000000000,"Balance of Washington, state less Seattle-Bellevue-Everett MD",2013,5,1.031518631,1.142442888
WA,53,BS5300000000000,"Balance of Washington, state less Seattle-Bellevue-Everett MD",2013,6,1.012150974,1.116929967
WA,53,BS5300000000000,"Balance of Washington, state less Seattle-Bellevue-Everett MD",2013,7,0.996315274,1.095292965
WA,53,BS5300000000000,"Balance of Washington, state less Seattle-Bellevue-Everett MD",2013,8,1.02629263,1.196222802
WV,54,ST5400000000000,West Virginia,2005,1,0.984372634,1.12121673
WV,54,ST5400000000000,West Virginia,2005,2,0.984849058,1.15954456
WV,54,ST5400000000000,West Virginia,2005,3,0.98004358,1.063611111
WV,54,ST5400000000000,West Virginia,2005,4,0.982853356,1.075894246
WV,54,ST5400000000000,West Virginia,2005,5,0.987050306,1.107932157
WV,54,ST5400000000000,West Virginia,2005,6,0.995641501,1.03706406
WV,54,ST5400000000000,West Virginia,2005,7,1.014874363,1.037054707
WV,54,ST5400000000000,West Virginia,2005,8,1.002421937,1.114978355
WV,54,ST5400000000000,West Virginia,2005,9,0.997349253,1.054000361
WV,54,ST5400000000000,West Virginia,2005,10,1.0070896,1.126525631
WV,54,ST5400000000000,West Virginia,2005,11,0.995267198,1.282447882
WV,54,ST5400000000000,West Virginia,2005,12,0.99126657,1.124137931
WV,54,ST5400000000000,West Virginia,2006,1,0.991133064,1.116694584
WV,54,ST5400000000000,West Virginia,2006,2,0.986216916,1.155415492
WV,54,ST5400000000000,West Virginia,2006,3,0.977955153,1.058438287
WV,54,ST5400000000000,West Virginia,2006,4,0.990339093,1.158980346
WV,54,ST5400000000000,West Virginia,2006,5,0.992824618,1.119479049
WV,54,ST5400000000000,West Virginia,2006,6,1.003368057,1.062365591
WV,54,ST5400000000000,West Virginia,2006,7,1.022358265,1.077372263
WV,54,ST5400000000000,West Virginia,2006,8,1.003833608,1.000481928
WV,54,ST5400000000000,West Virginia,2006,9,1.000938829,1.107234043
WV,54,ST5400000000000,West Virginia,2006,10,1.000616116,1.065552699
WV,54,ST5400000000000,West Virginia,2006,11,0.99375991,1.22092469
WV,54,ST5400000000000,West Virginia,2006,12,0.988346564,1.143709716
WV,54,ST5400000000000,West Virginia,2007,1,0.987118614,1.273317464
WV,54,ST5400000000000,West Virginia,2007,2,0.982839919,1.154865772
WV,54,ST5400000000000,West Virginia,2007,3,0.972116408,1.002517201
WV,54,ST5400000000000,West Virginia,2007,4,0.9823831,1.094159015
WV,54,ST5400000000000,West Virginia,2007,5,0.985928452,1.036073329
WV,54,ST5400000000000,West Virginia,2007,6,0.992939087,0.992377238
WV,54,ST5400000000000,West Virginia,2007,7,1.012450626,0.933567046
WV,54,ST5400000000000,West Virginia,2007,8,0.992792071,0.896937768
WV,54,ST5400000000000,West Virginia,2007,9,0.991024087,0.984948454
WV,54,ST5400000000000,West Virginia,2007,10,0.992157523,0.946374162
WV,54,ST5400000000000,West Virginia,2007,11,0.985716583,1.104791868
WV,54,ST5400000000000,West Virginia,2007,12,0.980920076,1.140722291
WV,54,ST5400000000000,West Virginia,2008,1,0.990964662,1.207638889
WV,54,ST5400000000000,West Virginia,2008,2,0.980222176,1.099022924
WV,54,ST5400000000000,West Virginia,2008,3,0.978896656,1.043917606
WV,54,ST5400000000000,West Virginia,2008,4,0.989903129,0.960518445
WV,54,ST5400000000000,West Virginia,2008,5,0.984206696,0.932758621
WV,54,ST5400000000000,West Virginia,2008,6,0.992047685,0.850565296
WV,54,ST5400000000000,West Virginia,2008,7,0.999942293,0.858657244
WV,54,ST5400000000000,West Virginia,2008,8,0.984645385,0.83668942
WV,54,ST5400000000000,West Virginia,2008,9,0.97723233,0.841323557
WV,54,ST5400000000000,West Virginia,2008,10,0.979292431,0.889353234
WV,54,ST5400000000000,West Virginia,2008,11,0.97244686,1.009847998
WV,54,ST5400000000000,West Virginia,2008,12,0.964936533,1.110643668
WV,54,ST5400000000000,West Virginia,2009,1,0.978225043,1.211522217
WV,54,ST5400000000000,West Virginia,2009,2,0.976289972,1.216180566
WV,54,ST5400000000000,West Virginia,2009,3,0.965712673,1.130097087
WV,54,ST5400000000000,West Virginia,2009,4,0.979621953,1.073825503
WV,54,ST5400000000000,West Virginia,2009,5,0.976274426,1.09646488
WV,54,ST5400000000000,West Virginia,2009,6,0.98299062,0.998541282
WV,54,ST5400000000000,West Virginia,2009,7,0.99772423,1.116240333
WV,54,ST5400000000000,West Virginia,2009,8,0.981482034,1.061139565
WV,54,ST5400000000000,West Virginia,2009,9,0.979185459,1.065969163
WV,54,ST5400000000000,West Virginia,2009,10,0.97437396,1.031206731
WV,54,ST5400000000000,West Virginia,2009,11,0.969109893,1.136784876
WV,54,ST5400000000000,West Virginia,2009,12,0.956962705,1.183181307
WV,54,ST5400000000000,West Virginia,2010,1,0.969155197,1.189967638
WV,54,ST5400000000000,West Virginia,2010,2,0.971095257,1.212827091
WV,54,ST5400000000000,West Virginia,2010,3,0.955091229,1.185173089
WV,54,ST5400000000000,West Virginia,2010,4,0.967395393,1.134841428
WV,54,ST5400000000000,West Virginia,2010,5,0.9638135,1.130692417
WV,54,ST5400000000000,West Virginia,2010,6,0.967137681,1.091171617
WV,54,ST5400000000000,West Virginia,2010,7,0.97654694,1.19244193
WV,54,ST5400000000000,West Virginia,2010,8,0.966163515,1.153099083
WV,54,ST5400000000000,West Virginia,2010,9,0.9678289,1.082145941
WV,54,ST5400000000000,West Virginia,2010,10,0.960551561,1.033029254
WV,54,ST5400000000000,West Virginia,2010,11,0.953342192,1.240204642
WV,54,ST5400000000000,West Virginia,2010,12,0.957813572,1.136338648
WV,54,ST5400000000000,West Virginia,2011,1,0.967628586,1.143103719
WV,54,ST5400000000000,West Virginia,2011,2,0.961941913,1.223700181
WV,54,ST5400000000000,West Virginia,2011,3,0.953638088,1.226788596
WV,54,ST5400000000000,West Virginia,2011,4,0.963989354,1.181529079
WV,54,ST5400000000000,West Virginia,2011,5,0.964278634,1.074621442
WV,54,ST5400000000000,West Virginia,2011,6,0.971619951,1.09654677
WV,54,ST5400000000000,West Virginia,2011,7,0.973693822,1.203193463
WV,54,ST5400000000000,West Virginia,2011,8,0.959584857,1.132388179
WV,54,ST5400000000000,West Virginia,2011,9,0.960880456,1.0182797
WV,54,ST5400000000000,West Virginia,2011,10,0.958534214,1.067618019
WV,54,ST5400000000000,West Virginia,2011,11,0.953056509,1.176779987
WV,54,ST5400000000000,West Virginia,2011,12,0.950761072,1.079637803
WV,54,ST5400000000000,West Virginia,2012,1,0.957679497,1.11464136
WV,54,ST5400000000000,West Virginia,2012,2,0.956519974,1.229786749
WV,54,ST5400000000000,West Virginia,2012,3,0.948172386,1.277860644
WV,54,ST5400000000000,West Virginia,2012,4,0.960160427,1.159947984
WV,54,ST5400000000000,West Virginia,2012,5,0.959002556,1.066803234
WV,54,ST5400000000000,West Virginia,2012,6,0.972266172,1.116860662
WV,54,ST5400000000000,West Virginia,2012,7,0.980640024,1.22918322
WV,54,ST5400000000000,West Virginia,2012,8,0.960839978,1.121383283
WV,54,ST5400000000000,West Virginia,2012,9,0.967139311,0.971431085
WV,54,ST5400000000000,West Virginia,2012,10,0.966275853,1.106163694
WV,54,ST5400000000000,West Virginia,2012,11,0.959153612,1.139883654
WV,54,ST5400000000000,West Virginia,2012,12,0.954856333,1.068983165
WV,54,ST5400000000000,West Virginia,2013,1,0.964896655,1.137965295
WV,54,ST5400000000000,West Virginia,2013,2,0.961633243,1.223121975
WV,54,ST5400000000000,West Virginia,2013,3,0.956317278,1.209315045
WV,54,ST5400000000000,West Virginia,2013,4,0.967871683,1.136308029
WV,54,ST5400000000000,West Virginia,2013,5,0.970326307,0.969911031
WV,54,ST5400000000000,West Virginia,2013,6,0.970842947,0.999215194
WV,54,ST5400000000000,West Virginia,2013,7,0.974241572,1.01516294
WV,54,ST5400000000000,West Virginia,2013,8,0.96461292,0.999568194
WI,55,ST5500000000000,Wisconsin,2005,1,1.049726321,1.087296937
WI,55,ST5500000000000,Wisconsin,2005,2,1.04650962,1.113592884
WI,55,ST5500000000000,Wisconsin,2005,3,1.042071184,1.096336324
WI,55,ST5500000000000,Wisconsin,2005,4,1.031688814,1.074711842
WI,55,ST5500000000000,Wisconsin,2005,5,1.02644692,1.068846863
WI,55,ST5500000000000,Wisconsin,2005,6,1.032923231,1.03322457
WI,55,ST5500000000000,Wisconsin,2005,7,1.041654502,1.052285173
WI,55,ST5500000000000,Wisconsin,2005,8,1.041574479,1.041695865
WI,55,ST5500000000000,Wisconsin,2005,9,1.033981586,1.093620547
WI,55,ST5500000000000,Wisconsin,2005,10,1.039018192,1.135555769
WI,55,ST5500000000000,Wisconsin,2005,11,1.036545419,1.140752092
WI,55,ST5500000000000,Wisconsin,2005,12,1.036350696,1.090794799
WI,55,ST5500000000000,Wisconsin,2006,1,1.049985282,1.051022634
WI,55,ST5500000000000,Wisconsin,2006,2,1.05091077,1.081205674
WI,55,ST5500000000000,Wisconsin,2006,3,1.045610233,1.133193426
WI,55,ST5500000000000,Wisconsin,2006,4,1.036952433,1.110338811
WI,55,ST5500000000000,Wisconsin,2006,5,1.03142695,1.05564279
WI,55,ST5500000000000,Wisconsin,2006,6,1.037321056,1.104144337
WI,55,ST5500000000000,Wisconsin,2006,7,1.049359953,1.129061958
WI,55,ST5500000000000,Wisconsin,2006,8,1.041786584,1.141388834
WI,55,ST5500000000000,Wisconsin,2006,9,1.039273934,1.094684136
WI,55,ST5500000000000,Wisconsin,2006,10,1.044875632,1.070745757
WI,55,ST5500000000000,Wisconsin,2006,11,1.045305569,1.18124073
WI,55,ST5500000000000,Wisconsin,2006,12,1.048450145,1.081770169
WI,55,ST5500000000000,Wisconsin,2007,1,1.061336834,1.115800954
WI,55,ST5500000000000,Wisconsin,2007,2,1.05772085,1.096905456
WI,55,ST5500000000000,Wisconsin,2007,3,1.051277234,1.082519455
WI,55,ST5500000000000,Wisconsin,2007,4,1.043335941,1.117021277
WI,55,ST5500000000000,Wisconsin,2007,5,1.032711909,1.04680439
WI,55,ST5500000000000,Wisconsin,2007,6,1.036260737,1.077614438
WI,55,ST5500000000000,Wisconsin,2007,7,1.053901204,1.093863092
WI,55,ST5500000000000,Wisconsin,2007,8,1.046142659,1.110670978
WI,55,ST5500000000000,Wisconsin,2007,9,1.044754089,1.077734639
WI,55,ST5500000000000,Wisconsin,2007,10,1.045974098,1.038883699
WI,55,ST5500000000000,Wisconsin,2007,11,1.048876125,1.065297074
WI,55,ST5500000000000,Wisconsin,2007,12,1.048223657,1.002862459
WI,55,ST5500000000000,Wisconsin,2008,1,1.061265718,1.008797731
WI,55,ST5500000000000,Wisconsin,2008,2,1.057093353,1.014923829
WI,55,ST5500000000000,Wisconsin,2008,3,1.053898045,0.973994618
WI,55,ST5500000000000,Wisconsin,2008,4,1.048485264,0.926629286
WI,55,ST5500000000000,Wisconsin,2008,5,1.034679788,0.912632791
WI,55,ST5500000000000,Wisconsin,2008,6,1.04052486,0.925021603
WI,55,ST5500000000000,Wisconsin,2008,7,1.058135094,0.938079788
WI,55,ST5500000000000,Wisconsin,2008,8,1.055393239,0.98439813
WI,55,ST5500000000000,Wisconsin,2008,9,1.047218988,0.95114572
WI,55,ST5500000000000,Wisconsin,2008,10,1.054270424,0.981487071
WI,55,ST5500000000000,Wisconsin,2008,11,1.053023261,1.107393921
WI,55,ST5500000000000,Wisconsin,2008,12,1.052271896,1.045088001
WI,55,ST5500000000000,Wisconsin,2009,1,1.06377127,1.091120128
WI,55,ST5500000000000,Wisconsin,2009,2,1.061673301,1.138368313
WI,55,ST5500000000000,Wisconsin,2009,3,1.053509547,1.138434432
WI,55,ST5500000000000,Wisconsin,2009,4,1.056969248,1.143027641
WI,55,ST5500000000000,Wisconsin,2009,5,1.047911033,1.105092403
WI,55,ST5500000000000,Wisconsin,2009,6,1.054926632,1.133631937
WI,55,ST5500000000000,Wisconsin,2009,7,1.07305837,1.145220138
WI,55,ST5500000000000,Wisconsin,2009,8,1.066698906,1.119927734
WI,55,ST5500000000000,Wisconsin,2009,9,1.056344467,1.067551302
WI,55,ST5500000000000,Wisconsin,2009,10,1.056638659,1.09541572
WI,55,ST5500000000000,Wisconsin,2009,11,1.05616356,1.147479308
WI,55,ST5500000000000,Wisconsin,2009,12,1.050516816,1.045601126
WI,55,ST5500000000000,Wisconsin,2010,1,1.064645723,1.045905691
WI,55,ST5500000000000,Wisconsin,2010,2,1.06126284,1.118492169
WI,55,ST5500000000000,Wisconsin,2010,3,1.057885909,1.069403547
WI,55,ST5500000000000,Wisconsin,2010,4,1.050273994,1.047943718
WI,55,ST5500000000000,Wisconsin,2010,5,1.039926333,1.00868554
WI,55,ST5500000000000,Wisconsin,2010,6,1.051210561,0.995254559
WI,55,ST5500000000000,Wisconsin,2010,7,1.065778309,0.981905862
WI,55,ST5500000000000,Wisconsin,2010,8,1.065533812,0.966628499
WI,55,ST5500000000000,Wisconsin,2010,9,1.060156248,0.942910981
WI,55,ST5500000000000,Wisconsin,2010,10,1.049734605,0.91518357
WI,55,ST5500000000000,Wisconsin,2010,11,1.047256198,1.063107845
WI,55,ST5500000000000,Wisconsin,2010,12,1.047586905,0.94734316
WI,55,ST5500000000000,Wisconsin,2011,1,1.061373127,0.967670819
WI,55,ST5500000000000,Wisconsin,2011,2,1.063559968,0.991094319
WI,55,ST5500000000000,Wisconsin,2011,3,1.060759772,0.991786711
WI,55,ST5500000000000,Wisconsin,2011,4,1.050191717,0.970554139
WI,55,ST5500000000000,Wisconsin,2011,5,1.040195731,0.948037181
WI,55,ST5500000000000,Wisconsin,2011,6,1.047275599,0.986213105
WI,55,ST5500000000000,Wisconsin,2011,7,1.055623977,1.002619181
WI,55,ST5500000000000,Wisconsin,2011,8,1.057728826,1.004707619
WI,55,ST5500000000000,Wisconsin,2011,9,1.056494747,0.959341281
WI,55,ST5500000000000,Wisconsin,2011,10,1.056767441,0.946985341
WI,55,ST5500000000000,Wisconsin,2011,11,1.055893578,1.016597614
WI,55,ST5500000000000,Wisconsin,2011,12,1.051658663,0.948978363
WI,55,ST5500000000000,Wisconsin,2012,1,1.064401358,0.974907373
WI,55,ST5500000000000,Wisconsin,2012,2,1.068592839,1.00476478
WI,55,ST5500000000000,Wisconsin,2012,3,1.05518227,0.990694406
WI,55,ST5500000000000,Wisconsin,2012,4,1.049978401,0.957116733
WI,55,ST5500000000000,Wisconsin,2012,5,1.040348223,0.949224233
WI,55,ST5500000000000,Wisconsin,2012,6,1.04555449,1.007366193
WI,55,ST5500000000000,Wisconsin,2012,7,1.051083647,0.988717546
WI,55,ST5500000000000,Wisconsin,2012,8,1.046249731,0.97456497
WI,55,ST5500000000000,Wisconsin,2012,9,1.045833251,0.981963704
WI,55,ST5500000000000,Wisconsin,2012,10,1.04967509,1.01782382
WI,55,ST5500000000000,Wisconsin,2012,11,1.044289901,1.076247265
WI,55,ST5500000000000,Wisconsin,2012,12,1.044146393,1.029325301
WI,55,ST5500000000000,Wisconsin,2013,1,1.053428986,1.080958044
WI,55,ST5500000000000,Wisconsin,2013,2,1.056305933,1.08935704
WI,55,ST5500000000000,Wisconsin,2013,3,1.060595373,1.108039604
WI,55,ST5500000000000,Wisconsin,2013,4,1.057596321,1.054670668
WI,55,ST5500000000000,Wisconsin,2013,5,1.048432666,1.027257962
WI,55,ST5500000000000,Wisconsin,2013,6,1.049259863,1.112957802
WI,55,ST5500000000000,Wisconsin,2013,7,1.060373924,1.086690666
WI,55,ST5500000000000,Wisconsin,2013,8,1.0520554,1.034445687
WY,56,ST5600000000000,Wyoming,2005,1,1.002624605,1.32820197
WY,56,ST5600000000000,Wyoming,2005,2,1.004207431,1.277202073
WY,56,ST5600000000000,Wyoming,2005,3,0.995378278,1.583846154
WY,56,ST5600000000000,Wyoming,2005,4,0.986538509,1.344674556
WY,56,ST5600000000000,Wyoming,2005,5,0.96322971,1.162939297
WY,56,ST5600000000000,Wyoming,2005,6,0.950625886,1.320656227
WY,56,ST5600000000000,Wyoming,2005,7,0.972974277,1.4
WY,56,ST5600000000000,Wyoming,2005,8,0.969694774,1.399095023
WY,56,ST5600000000000,Wyoming,2005,9,0.966760481,1.441039926
WY,56,ST5600000000000,Wyoming,2005,10,0.973169667,1.392245266
WY,56,ST5600000000000,Wyoming,2005,11,0.981137127,1.296974522
WY,56,ST5600000000000,Wyoming,2005,12,0.974237912,1.313662086
WY,56,ST5600000000000,Wyoming,2006,1,0.98260891,1.315162907
WY,56,ST5600000000000,Wyoming,2006,2,0.983630189,1.345874587
WY,56,ST5600000000000,Wyoming,2006,3,0.981075383,1.655765921
WY,56,ST5600000000000,Wyoming,2006,4,0.975322301,1.38474026
WY,56,ST5600000000000,Wyoming,2006,5,0.950923898,1.17921147
WY,56,ST5600000000000,Wyoming,2006,6,0.936002618,1.266722408
WY,56,ST5600000000000,Wyoming,2006,7,0.961508379,1.348393574
WY,56,ST5600000000000,Wyoming,2006,8,0.963230575,1.404807692
WY,56,ST5600000000000,Wyoming,2006,9,0.956123536,1.266055046
WY,56,ST5600000000000,Wyoming,2006,10,0.970449061,1.237476809
WY,56,ST5600000000000,Wyoming,2006,11,0.977562661,1.248700173
WY,56,ST5600000000000,Wyoming,2006,12,0.968253218,1.560721063
WY,56,ST5600000000000,Wyoming,2007,1,0.974275591,1.324062096
WY,56,ST5600000000000,Wyoming,2007,2,0.967900465,1.259388039
WY,56,ST5600000000000,Wyoming,2007,3,0.961126801,1.434679335
WY,56,ST5600000000000,Wyoming,2007,4,0.962358609,1.260551948
WY,56,ST5600000000000,Wyoming,2007,5,0.937420738,1.116453794
WY,56,ST5600000000000,Wyoming,2007,6,0.926826494,1.332730561
WY,56,ST5600000000000,Wyoming,2007,7,0.950365164,1.304635762
WY,56,ST5600000000000,Wyoming,2007,8,0.939824268,1.324894515
WY,56,ST5600000000000,Wyoming,2007,9,0.9324309,1.150712831
WY,56,ST5600000000000,Wyoming,2007,10,0.943729245,1.095009597
WY,56,ST5600000000000,Wyoming,2007,11,0.954586176,1.281703775
WY,56,ST5600000000000,Wyoming,2007,12,0.947330912,1.435555556
WY,56,ST5600000000000,Wyoming,2008,1,0.954186858,1.205205811
WY,56,ST5600000000000,Wyoming,2008,2,0.94687565,1.207133059
WY,56,ST5600000000000,Wyoming,2008,3,0.949108478,1.338171263
WY,56,ST5600000000000,Wyoming,2008,4,0.94767944,1.133748056
WY,56,ST5600000000000,Wyoming,2008,5,0.930445187,1.041551247
WY,56,ST5600000000000,Wyoming,2008,6,0.921510206,1.221109399
WY,56,ST5600000000000,Wyoming,2008,7,0.936486336,1.341216216
WY,56,ST5600000000000,Wyoming,2008,8,0.931169066,1.304140127
WY,56,ST5600000000000,Wyoming,2008,9,0.917828518,1.249793218
WY,56,ST5600000000000,Wyoming,2008,10,0.931008902,1.15261959
WY,56,ST5600000000000,Wyoming,2008,11,0.939463567,1.442519685
WY,56,ST5600000000000,Wyoming,2008,12,0.932033515,1.429042904
WY,56,ST5600000000000,Wyoming,2009,1,0.943427307,1.348848369
WY,56,ST5600000000000,Wyoming,2009,2,0.946961016,1.273607748
WY,56,ST5600000000000,Wyoming,2009,3,0.946068982,1.174069089
WY,56,ST5600000000000,Wyoming,2009,4,0.9536611,1.076583211
WY,56,ST5600000000000,Wyoming,2009,5,0.937049573,1.046621044
WY,56,ST5600000000000,Wyoming,2009,6,0.939614689,1.083107847
WY,56,ST5600000000000,Wyoming,2009,7,0.96452598,1.253445976
WY,56,ST5600000000000,Wyoming,2009,8,0.959808635,1.401171303
WY,56,ST5600000000000,Wyoming,2009,9,0.938031536,1.51486698
WY,56,ST5600000000000,Wyoming,2009,10,0.960978451,1.294949495
WY,56,ST5600000000000,Wyoming,2009,11,0.967706636,1.370102215
WY,56,ST5600000000000,Wyoming,2009,12,0.963120734,1.291804484
WY,56,ST5600000000000,Wyoming,2010,1,0.983948245,1.29139923
WY,56,ST5600000000000,Wyoming,2010,2,0.979715439,1.31527438
WY,56,ST5600000000000,Wyoming,2010,3,0.979008046,1.224422442
WY,56,ST5600000000000,Wyoming,2010,4,0.97553313,1.158663883
WY,56,ST5600000000000,Wyoming,2010,5,0.953576972,1.098581806
WY,56,ST5600000000000,Wyoming,2010,6,0.95410487,1.108344549
WY,56,ST5600000000000,Wyoming,2010,7,0.973958333,1.274742676
WY,56,ST5600000000000,Wyoming,2010,8,0.967591404,1.277117973
WY,56,ST5600000000000,Wyoming,2010,9,0.954024336,1.302581464
WY,56,ST5600000000000,Wyoming,2010,10,0.958359755,1.245228216
WY,56,ST5600000000000,Wyoming,2010,11,0.96949927,1.203428571
WY,56,ST5600000000000,Wyoming,2010,12,0.9696341,1.20441989
WY,56,ST5600000000000,Wyoming,2011,1,0.983257073,1.23672788
WY,56,ST5600000000000,Wyoming,2011,2,0.987958223,1.180343674
WY,56,ST5600000000000,Wyoming,2011,3,0.994022862,1.119431644
WY,56,ST5600000000000,Wyoming,2011,4,0.98662487,1.127679962
WY,56,ST5600000000000,Wyoming,2011,5,0.966758342,1.044428814
WY,56,ST5600000000000,Wyoming,2011,6,0.951889649,1.051846261
WY,56,ST5600000000000,Wyoming,2011,7,0.969781214,1.247555588
WY,56,ST5600000000000,Wyoming,2011,8,0.967824925,1.214922896
WY,56,ST5600000000000,Wyoming,2011,9,0.947538924,1.325410031
WY,56,ST5600000000000,Wyoming,2011,10,0.958711419,1.207312693
WY,56,ST5600000000000,Wyoming,2011,11,0.967155642,1.153412073
WY,56,ST5600000000000,Wyoming,2011,12,0.962702903,1.199636535
WY,56,ST5600000000000,Wyoming,2012,1,0.982664319,1.206321388
WY,56,ST5600000000000,Wyoming,2012,2,0.983631102,1.220003864
WY,56,ST5600000000000,Wyoming,2012,3,0.984394146,1.164627294
WY,56,ST5600000000000,Wyoming,2012,4,0.97575302,1.104973822
WY,56,ST5600000000000,Wyoming,2012,5,0.957791648,1.095462502
WY,56,ST5600000000000,Wyoming,2012,6,0.955515009,1.069334167
WY,56,ST5600000000000,Wyoming,2012,7,0.97742866,1.298085396
WY,56,ST5600000000000,Wyoming,2012,8,0.972533461,1.182630614
WY,56,ST5600000000000,Wyoming,2012,9,0.959860424,1.112244898
WY,56,ST5600000000000,Wyoming,2012,10,0.97078413,1.111688519
WY,56,ST5600000000000,Wyoming,2012,11,0.978889468,0.9818831
WY,56,ST5600000000000,Wyoming,2012,12,0.979393882,1.141207154
WY,56,ST5600000000000,Wyoming,2013,1,1.002751128,1.151608553
WY,56,ST5600000000000,Wyoming,2013,2,1.005641335,1.126605136
WY,56,ST5600000000000,Wyoming,2013,3,1.004550887,1.107456437
WY,56,ST5600000000000,Wyoming,2013,4,0.991393735,1.062045357
WY,56,ST5600000000000,Wyoming,2013,5,0.974634751,0.962796191
WY,56,ST5600000000000,Wyoming,2013,6,0.972248627,0.963355379
WY,56,ST5600000000000,Wyoming,2013,7,0.983827919,1.09992468
WY,56,ST5600000000000,Wyoming,2013,8,0.978309333,1.093456317
PR,72,ST7200000000000,Puerto Rico,2005,1,1.239886814,1.39493598
PR,72,ST7200000000000,Puerto Rico,2005,2,1.235196894,1.268028732
PR,72,ST7200000000000,Puerto Rico,2005,3,1.22864224,1.334849033
PR,72,ST7200000000000,Puerto Rico,2005,4,1.216311337,1.301291309
PR,72,ST7200000000000,Puerto Rico,2005,5,1.263873506,1.22959217
PR,72,ST7200000000000,Puerto Rico,2005,6,1.281289027,1.214087422
PR,72,ST7200000000000,Puerto Rico,2005,7,1.261041733,1.208464899
PR,72,ST7200000000000,Puerto Rico,2005,8,1.289794298,1.186232087
PR,72,ST7200000000000,Puerto Rico,2005,9,1.296295915,1.209467036
PR,72,ST7200000000000,Puerto Rico,2005,10,1.246931044,1.28486581
PR,72,ST7200000000000,Puerto Rico,2005,11,1.246054812,1.293583045
PR,72,ST7200000000000,Puerto Rico,2005,12,1.220593401,1.327934753
PR,72,ST7200000000000,Puerto Rico,2006,1,1.297872471,1.391594864
PR,72,ST7200000000000,Puerto Rico,2006,2,1.309632446,1.278296941
PR,72,ST7200000000000,Puerto Rico,2006,3,1.327328256,1.278573146
PR,72,ST7200000000000,Puerto Rico,2006,4,1.348909202,1.339360498
PR,72,ST7200000000000,Puerto Rico,2006,5,1.327569194,1.31763846
PR,72,ST7200000000000,Puerto Rico,2006,6,1.317007247,1.273409689
PR,72,ST7200000000000,Puerto Rico,2006,7,1.305145668,1.282072799
PR,72,ST7200000000000,Puerto Rico,2006,8,1.328497972,1.267824588
PR,72,ST7200000000000,Puerto Rico,2006,9,1.336774726,1.275077154
PR,72,ST7200000000000,Puerto Rico,2006,10,1.320576842,1.214642863
PR,72,ST7200000000000,Puerto Rico,2006,11,1.320463356,1.252009646
PR,72,ST7200000000000,Puerto Rico,2006,12,1.297177801,1.37898284
PR,72,ST7200000000000,Puerto Rico,2007,1,1.344368495,1.421195492
PR,72,ST7200000000000,Puerto Rico,2007,2,1.360126586,1.485227945
PR,72,ST7200000000000,Puerto Rico,2007,3,1.34936687,1.380259834
PR,72,ST7200000000000,Puerto Rico,2007,4,1.340022517,1.371319863
PR,72,ST7200000000000,Puerto Rico,2007,5,1.317961961,1.369873796
PR,72,ST7200000000000,Puerto Rico,2007,6,1.283629985,1.319266432
PR,72,ST7200000000000,Puerto Rico,2007,7,1.272482841,1.393953661
PR,72,ST7200000000000,Puerto Rico,2007,8,1.29333144,1.428822121
PR,72,ST7200000000000,Puerto Rico,2007,9,1.283539756,1.363446313
PR,72,ST7200000000000,Puerto Rico,2007,10,1.263988058,1.426275895
PR,72,ST7200000000000,Puerto Rico,2007,11,1.269073221,1.37061762
PR,72,ST7200000000000,Puerto Rico,2007,12,1.235358727,1.515369747
PR,72,ST7200000000000,Puerto Rico,2008,1,1.299762616,1.514358608
PR,72,ST7200000000000,Puerto Rico,2008,2,1.296353503,1.478801383
PR,72,ST7200000000000,Puerto Rico,2008,3,1.308769312,1.362127973
PR,72,ST7200000000000,Puerto Rico,2008,4,1.293814013,1.39919426
PR,72,ST7200000000000,Puerto Rico,2008,5,1.283036814,1.383265608
PR,72,ST7200000000000,Puerto Rico,2008,6,1.253146379,1.299030639
PR,72,ST7200000000000,Puerto Rico,2008,7,1.262815399,1.279552298
PR,72,ST7200000000000,Puerto Rico,2008,8,1.264535963,1.397126973
PR,72,ST7200000000000,Puerto Rico,2008,9,1.259735573,1.382861881
PR,72,ST7200000000000,Puerto Rico,2008,10,1.246286171,1.448603704
PR,72,ST7200000000000,Puerto Rico,2008,11,1.26554221,1.492574515
PR,72,ST7200000000000,Puerto Rico,2008,12,1.205413366,1.686808543
PR,72,ST7200000000000,Puerto Rico,2009,1,1.261981836,1.667684754
PR,72,ST7200000000000,Puerto Rico,2009,2,1.249880359,1.62614887
PR,72,ST7200000000000,Puerto Rico,2009,3,1.219348181,1.60113043
PR,72,ST7200000000000,Puerto Rico,2009,4,1.233078021,1.564739953
PR,72,ST7200000000000,Puerto Rico,2009,5,1.237094843,1.468103659
PR,72,ST7200000000000,Puerto Rico,2009,6,1.195694246,1.372372413
PR,72,ST7200000000000,Puerto Rico,2009,7,1.236355482,1.417912088
PR,72,ST7200000000000,Puerto Rico,2009,8,1.242348628,1.415343304
PR,72,ST7200000000000,Puerto Rico,2009,9,1.237068822,1.4822847
PR,72,ST7200000000000,Puerto Rico,2009,10,1.24968849,1.452462843
PR,72,ST7200000000000,Puerto Rico,2009,11,1.237416503,1.426543872
PR,72,ST7200000000000,Puerto Rico,2009,12,1.229609376,1.441528967
PR,72,ST7200000000000,Puerto Rico,2010,1,1.257407689,1.474799228
PR,72,ST7200000000000,Puerto Rico,2010,2,1.234430558,1.447993762
PR,72,ST7200000000000,Puerto Rico,2010,3,1.222093736,1.425402976
PR,72,ST7200000000000,Puerto Rico,2010,4,1.227339074,1.399699469
PR,72,ST7200000000000,Puerto Rico,2010,5,1.217003595,1.427394675
PR,72,ST7200000000000,Puerto Rico,2010,6,1.225146999,1.267895815
PR,72,ST7200000000000,Puerto Rico,2010,7,1.23760017,1.249340028
PR,72,ST7200000000000,Puerto Rico,2010,8,1.256642845,1.240725991
PR,72,ST7200000000000,Puerto Rico,2010,9,1.264928718,1.28899354
PR,72,ST7200000000000,Puerto Rico,2010,10,1.266915911,1.235918906
PR,72,ST7200000000000,Puerto Rico,2010,11,1.248359581,1.275168216
PR,72,ST7200000000000,Puerto Rico,2010,12,1.217322718,1.260467701
PR,72,ST7200000000000,Puerto Rico,2011,1,1.257569808,1.349088431
PR,72,ST7200000000000,Puerto Rico,2011,2,1.219554156,1.300692147
PR,72,ST7200000000000,Puerto Rico,2011,3,1.205129472,1.342826489
PR,72,ST7200000000000,Puerto Rico,2011,4,1.210365097,1.28120901
PR,72,ST7200000000000,Puerto Rico,2011,5,1.202411881,1.249653112
PR,72,ST7200000000000,Puerto Rico,2011,6,1.217610722,1.144916261
PR,72,ST7200000000000,Puerto Rico,2011,7,1.202558077,1.219523102
PR,72,ST7200000000000,Puerto Rico,2011,8,1.206343941,1.24603055
PR,72,ST7200000000000,Puerto Rico,2011,9,1.227616519,1.243599146
PR,72,ST7200000000000,Puerto Rico,2011,10,1.203029596,1.295173575
PR,72,ST7200000000000,Puerto Rico,2011,11,1.194893379,1.256128425
PR,72,ST7200000000000,Puerto Rico,2011,12,1.19932069,1.224339493
PR,72,ST7200000000000,Puerto Rico,2012,1,1.227537281,1.35085297
PR,72,ST7200000000000,Puerto Rico,2012,2,1.219235596,1.302192231
PR,72,ST7200000000000,Puerto Rico,2012,3,1.204242001,1.295426857
PR,72,ST7200000000000,Puerto Rico,2012,4,1.189425932,1.230289667
PR,72,ST7200000000000,Puerto Rico,2012,5,1.211448581,1.173607187
PR,72,ST7200000000000,Puerto Rico,2012,6,1.195556874,1.159559072
PR,72,ST7200000000000,Puerto Rico,2012,7,1.209868107,1.198373963
PR,72,ST7200000000000,Puerto Rico,2012,8,1.214129333,1.210617789
PR,72,ST7200000000000,Puerto Rico,2012,9,1.188243462,1.216353317
PR,72,ST7200000000000,Puerto Rico,2012,10,1.189167257,1.229605111
PR,72,ST7200000000000,Puerto Rico,2012,11,1.201075493,1.184810807
PR,72,ST7200000000000,Puerto Rico,2012,12,1.201809258,1.247765663
PR,72,ST7200000000000,Puerto Rico,2013,1,1.230467722,1.307549383
PR,72,ST7200000000000,Puerto Rico,2013,2,1.230198431,1.212647972
PR,72,ST7200000000000,Puerto Rico,2013,3,1.222560374,1.175208704
PR,72,ST7200000000000,Puerto Rico,2013,4,1.222684594,1.128844832
PR,72,ST7200000000000,Puerto Rico,2013,5,1.216408753,1.105741113
PR,72,ST7200000000000,Puerto Rico,2013,6,1.217551788,1.077238578
PR,72,ST7200000000000,Puerto Rico,2013,7,1.231494778,1.117488651
PR,72,ST7200000000000,Puerto Rico,2013,8,1.226553734,1.182484245
